AGC_1,sdssPhotFlag,sdss_objid,RA,DEC,Vhelio,Dist_1,sigDist,extinction_g,extinction_i,expAB_r,AGCNr,Name,HIra,HIdec,OCra,OCdec,v21,w50,loghimass,detcode,Separation,AGC_2,Inc,logMstarTaylor,logMstarTaylor_err,logMstarMcGaugh,logMstarMcGaugh_err,logSFR22,logSFR22_err,logMH,logMH_err,sSFR,DeltaV_abs,is_outlier,DeltaV_abs_True,Mbar,Bin 1 ,Bin 2,Bin 3,Bin 4,Bin 5,Bin 6,Bin 7,Bin 1 Outlier,Bin 2 Outliers,Bin 3 Outliers,Bin 4 Outliers,Bin 5 Outliers,Bin 6 Outliers,Bin 7 Outliers,d3,Sigma_3,DeltaV_abs2,DeltaV_abs3,z,Non-Outliers,Outliers
8,1,1.24E+18,0.81167,16.14556,1050,13.2,1.3,0.1475419,0.07584808,0.7912614,8,N7814,0.80875,16.146944,0.811667,16.145555,1050,461,8.93,1,0.020775478,8,37.69648382,10.40611,0.09451282,9.324277231,0.085542867,-1.9745725,0.087557256,8.96,0.1,-12.380682,0.394784577,TRUE,0.394784577,2.66E+10,TRUE,FALSE,FALSE,FALSE,FALSE,FALSE,FALSE,TRUE,FALSE,FALSE,FALSE,FALSE,FALSE,FALSE,0.005439007,32279.89257,TRUE,FALSE,0.003502423,FALSE,TRUE
17,1,1.24E+18,0.93,15.21805,876,20.3,4.3,0.1617774,0.08316623,0.64856,17,,0.928333,15.218333,0.93,15.218055,876,102,8.81,1,0.018,17,49.56692204,8.063797,0.19501188,8.611554138,0.184034896,-3.2436602,1.0797098,8.81,0.19,-11.307457,0.00363428,FALSE,0.00363428,9.75E+08,FALSE,TRUE,FALSE,FALSE,FALSE,FALSE,FALSE,FALSE,FALSE,FALSE,FALSE,FALSE,FALSE,FALSE,0.003931479,61781.65043,FALSE,FALSE,0.002922021,TRUE,FALSE
19,1,1.24E+18,0.99583,20.75194,2308,33.2,4.2,0.1919421,0.09867322,0.2999413,19,N7817,1.00125,20.751944,0.995833,20.751944,2308,410,9.57,1,0.017588533,19,72.54598378,10.204265,0.20202893,10.81412052,0.109881935,0.032552287,0.10991733,9.59,0.12,-10.171712,0.176688124,FALSE,0.176688124,2.09E+10,FALSE,FALSE,FALSE,TRUE,FALSE,FALSE,FALSE,FALSE,FALSE,FALSE,FALSE,FALSE,FALSE,FALSE,0.010121497,9321.415855,FALSE,FALSE,0.007698659,TRUE,FALSE
31,1,1.24E+18,1.2175,17.19222,1034,12.7,4.3,0.09753711,0.05014169,0.7258049,31,456-029,1.211667,17.190277,1.2175,17.192221,1034,42,8.15,1,0.0036,31,43.46418945,8.414588,0.29832533,8.424019663,0.294094158,-2.6575584,0.33464903,8.01,0.3,-11.072146,-0.253295324,FALSE,0.253295324,4.48E+08,FALSE,TRUE,FALSE,FALSE,FALSE,FALSE,FALSE,FALSE,FALSE,FALSE,FALSE,FALSE,FALSE,FALSE,9.28E-04,1108579.005,TRUE,FALSE,0.003449053,TRUE,FALSE
75,1,1.24E+18,2.19292,15.81639,855,5.7,1.1,0.256372,0.1317952,0.6366949,75,N  14,2.1825,15.814167,2.192917,15.816389,855,84,8.14,1,0.010997055,75,50.45423693,8.088095,0.18071716,8.605540777,0.167627725,-2.2796175,0.16865087,8.14,0.17,-10.367712,0.03941359,FALSE,0.03941359,3.06E+08,FALSE,FALSE,FALSE,TRUE,FALSE,FALSE,FALSE,FALSE,FALSE,FALSE,FALSE,FALSE,FALSE,FALSE,0.002344347,173751.1568,FALSE,FALSE,0.002851973,TRUE,FALSE
99,1,1.24E+18,2.66958,13.70944,1739,24.5,2.3,0.2187795,0.1124698,0.7414275,99,M+201023,2.674167,13.711111,2.669583,13.709444,1739,80,9.15,1,0.017817086,99,42.14687655,8.552174,0.094699785,8.762398046,0.08159284,-2.0096157,0.17531493,9.15,0.09,-10.5617895,-0.137273723,FALSE,0.137273723,2.24E+09,FALSE,FALSE,TRUE,FALSE,FALSE,FALSE,FALSE,FALSE,FALSE,FALSE,FALSE,FALSE,FALSE,FALSE,0.007725304,16000.74529,FALSE,FALSE,0.00580068,TRUE,FALSE
119,1,1.24E+18,3.26292,14.40944,2026,28.4,2.4,0.1384868,0.07119305,0.5120899,119,433-034,3.262917,14.413889,3.262917,14.409444,2026,81,9.16,1,0.017798229,119,59.19691253,8.996764,0.12084208,9.325198864,0.073404165,-1.1611702,0.076582536,9.16,0.09,-10.157934,-0.267921242,FALSE,0.267921242,2.92E+09,FALSE,FALSE,FALSE,TRUE,FALSE,FALSE,FALSE,FALSE,FALSE,FALSE,FALSE,FALSE,FALSE,FALSE,0.008990742,11813.5457,TRUE,FALSE,0.006758009,TRUE,FALSE
167,1,1.24E+18,4.43958,11.45028,1155,18.2,1.8,0.367944,0.1891519,0.6397321,167,N  63,4.440417,11.452222,4.439583,11.450277,1155,263,8.85,1,0.015122279,167,50.22819665,9.606861,0.10950687,9.197077839,0.085904494,-0.40416908,0.0859101,8.85,0.1,-10.01103,0.233530211,FALSE,0.233530211,4.99E+09,FALSE,FALSE,FALSE,TRUE,FALSE,FALSE,FALSE,FALSE,FALSE,FALSE,FALSE,FALSE,FALSE,FALSE,0.004354904,50351.71498,FALSE,FALSE,0.003852665,TRUE,FALSE
191,1,1.24E+18,5.02125,10.87917,1144,16.1,4.4,0.3811801,0.1959563,0.6589829,191,434-001,5.019167,10.882222,5.02125,10.879167,1144,129,9.03,1,0.0108,191,48.77769218,7.6255455,0.24589874,8.799689064,0.237599039,-1.0552181,0.287981,9.02,0.24,-8.680763,0.066360312,FALSE,0.066360312,1.47E+09,FALSE,FALSE,FALSE,FALSE,FALSE,FALSE,TRUE,FALSE,FALSE,FALSE,FALSE,FALSE,FALSE,FALSE,0.003080556,100626.6856,FALSE,FALSE,0.003815973,TRUE,FALSE
199,1,1.24E+18,5.21583,12.85583,1802,25.2,2.5,0.2367038,0.1216843,0.3499955,199,,5.221667,12.859722,5.215834,12.855834,1802,108,8.86,1,0.020111054,199,69.51301884,7.8001223,0.1726223,8.117449386,0.086970628,-1.9889395,0.16069335,8.86,0.1,-9.789062,-0.067339725,FALSE,0.067339725,1.03E+09,FALSE,FALSE,FALSE,FALSE,TRUE,FALSE,FALSE,FALSE,FALSE,FALSE,FALSE,FALSE,FALSE,FALSE,0.009035849,11695.89581,FALSE,FALSE,0.006010825,TRUE,FALSE
231,1,1.24E+18,6.01083,16.48611,842,18.4,3.8,0.1960556,0.1007879,0.1499822,231,N 100,6.004583,16.48889,6.010834,16.486111,842,206,9.55,1,0.014269574,231,81.37417371,8.826415,0.32018787,7.861701859,0.179403372,-3.4347348,0.19641304,9.55,0.18,-12.26115,0.009632125,FALSE,0.009632125,5.39E+09,TRUE,FALSE,FALSE,FALSE,FALSE,FALSE,FALSE,FALSE,FALSE,FALSE,FALSE,FALSE,FALSE,FALSE,0.002995728,106406.1009,FALSE,FALSE,0.00280861,TRUE,FALSE
300,1,1.24E+18,7.5175,3.51278,1345,18.6,2.4,0.06851649,0.03522282,0.9157798,300,M+002062,7.515417,3.514167,7.517499,3.512778,1345,20,8.6,1,0.008046822,300,23.68330719,7.6771526,0.115211084,8.456762572,0.114775638,-2.0926208,0.24469106,8.59,0.12,-9.7697735,-0.369438635,TRUE,0.369438635,5.77E+08,FALSE,FALSE,FALSE,FALSE,TRUE,FALSE,FALSE,FALSE,FALSE,FALSE,FALSE,TRUE,FALSE,FALSE,0.002698522,131135.2264,TRUE,FALSE,0.004486437,FALSE,TRUE
313,1,1.24E+18,7.85833,6.20639,2101,29.1,2.3,0.08758448,0.04502526,0.5999981,313,409-029,7.86375,6.206666,7.858333,6.206388,2101,86,8.27,1,0.012927364,313,53.13028331,9.202777,0.10143308,9.446020098,0.068654146,-1.0128366,0.07148967,8.27,0.09,-10.215613,-0.16124449,FALSE,0.16124449,1.84E+09,FALSE,FALSE,FALSE,TRUE,FALSE,FALSE,FALSE,FALSE,FALSE,FALSE,FALSE,FALSE,FALSE,FALSE,0.006771975,20822.87387,FALSE,FALSE,0.007008182,TRUE,FALSE
320,1,1.24E+18,8.12875,2.57389,2373,39.8,7.9,0.07629428,0.03922122,0.1886967,320,M+002066,8.130001,2.568611,8.12875,2.573889,2373,156,9.1,1,0.0036,320,79.12333196,8.721991,0.29010972,8.881061025,0.172442149,-1.6542866,0.2106214,9.1,0.18,-10.376277,-0.010974192,FALSE,0.010974192,2.20E+09,FALSE,FALSE,FALSE,TRUE,FALSE,FALSE,FALSE,FALSE,FALSE,FALSE,FALSE,FALSE,FALSE,FALSE,0.00213,210480.6859,FALSE,FALSE,0.007915476,TRUE,FALSE
477,1,1.24E+18,11.55417,19.48917,2647,35.2,7.1,0.1204098,0.06190005,0.2987342,477,458-004,11.551666,19.487223,11.554166,19.489166,2647,239,9.9,1,0.019789875,477,72.61846924,9.153174,0.24393587,9.394089223,0.17520245,-1.8975756,0.25395128,9.9,0.18,-11.05075,0.002727179,FALSE,0.002727179,1.20E+10,FALSE,TRUE,FALSE,FALSE,FALSE,FALSE,FALSE,FALSE,FALSE,FALSE,FALSE,FALSE,FALSE,FALSE,0.013060997,5597.817605,FALSE,FALSE,0.008829442,TRUE,FALSE
494,1,1.24E+18,12.09958,4.09139,1957,26.8,2.3,0.06876413,0.03535013,0.3803227,494,I  52,12.1,4.095,12.099584,4.091389,1957,151,8.94,1,0.01480758,494,67.64638427,8.591275,0.15543026,9.017298508,0.074551061,-1.2040119,0.0778645,8.94,0.09,-9.795287,0.03913366,FALSE,0.03913366,1.55E+09,FALSE,FALSE,FALSE,FALSE,TRUE,FALSE,FALSE,FALSE,FALSE,FALSE,FALSE,FALSE,FALSE,FALSE,0.007225273,18292.07198,FALSE,FALSE,0.006527849,TRUE,FALSE
550,1,1.24E+18,13.67833,21.52222,2675,36.7,2.3,0.1603129,0.08241333,0.4382419,550,I1596,13.684166,21.523056,13.678332,21.522223,2675,226,9.51,1,0.012708382,550,64.00829292,9.513558,0.12925574,9.666806056,0.054437217,-1.1668274,0.06306968,9.51,0.07,-10.680386,0.054408597,FALSE,0.054408597,7.57E+09,FALSE,FALSE,TRUE,FALSE,FALSE,FALSE,FALSE,FALSE,FALSE,FALSE,FALSE,FALSE,FALSE,FALSE,0.008476047,13291.82559,FALSE,FALSE,0.00892284,TRUE,FALSE
614,1,1.24E+18,14.90083,35.56055,2354,34.8,7.1,0.163878,0.08424607,0.4737497,614,520-006,14.908334,35.561111,14.900833,35.560555,2354,196,9.19,1,0.020029741,614,61.72207784,9.394393,0.20682229,9.617313629,0.177213388,-1.0822957,0.17891859,9.19,0.18,-10.476688,0.056906403,FALSE,0.056906403,4.54E+09,FALSE,FALSE,FALSE,TRUE,FALSE,FALSE,FALSE,FALSE,FALSE,FALSE,FALSE,FALSE,FALSE,FALSE,0.011756042,6909.540141,FALSE,FALSE,0.007852099,TRUE,FALSE
711,1,1.24E+18,17.155,1.64056,1982,20.6,4.3,0.08371865,0.04303792,0.7212734,711,385-005,17.151667,1.646944,17.154999,1.640556,1982,198,9.28,1,0.014842822,711,43.84032201,7.0342813,0.18891709,7.902122431,0.181335343,-2.2558546,0.20114858,9.28,0.19,-9.290136,0.22843809,FALSE,0.22843809,2.55E+09,FALSE,FALSE,FALSE,FALSE,FALSE,TRUE,FALSE,FALSE,FALSE,FALSE,FALSE,FALSE,FALSE,FALSE,0.007334989,17748.94197,FALSE,FALSE,0.00661124,TRUE,FALSE
763,1,1.24E+18,18.23208,0.98083,1151,11.3,2.3,0.09419793,0.04842509,0.6654447,763,N 428,18.234583,0.981667,18.232082,0.980833,1151,158,9.31,1,0.012979399,763,48.28359017,9.137789,0.1870663,7.79112761,0.176796525,-3.156016,0.2485255,9.31,0.18,-12.293805,0.046469225,FALSE,0.046469225,4.09E+09,TRUE,FALSE,FALSE,FALSE,FALSE,FALSE,FALSE,FALSE,FALSE,FALSE,FALSE,FALSE,FALSE,FALSE,0.003724854,68826.06091,FALSE,FALSE,0.003839323,TRUE,FALSE
819,1,1.24E+18,19.00208,6.63694,2419,29.1,5.6,0.1602787,0.08239578,0.3243972,819,,18.999166,6.646945,19.002083,6.636944,2419,88,8.28,1,0.017956667,819,71.07100149,8.016832,0.23024994,8.369644518,0.167273208,-1.8140002,0.19713959,8.28,0.18,-9.8308325,-0.045941623,FALSE,0.045941623,3.57E+08,FALSE,FALSE,FALSE,FALSE,TRUE,FALSE,FALSE,FALSE,FALSE,FALSE,FALSE,FALSE,FALSE,FALSE,0.010830311,8141.220807,FALSE,FALSE,0.008068915,TRUE,FALSE
858,1,1.24E+18,19.93708,3.40944,2373,41.3,8.3,0.1154437,0.05934706,0.6752564,858,N 470,19.936666,3.411111,19.937082,3.409445,2373,374,9.79,1,0.019381864,858,47.52597584,10.569521,0.18444556,10.05433916,0.17455906,0.47910988,0.17456011,9.79,0.18,-10.090411,0.164716799,FALSE,0.164716799,4.53E+10,FALSE,FALSE,FALSE,TRUE,FALSE,FALSE,FALSE,FALSE,FALSE,FALSE,FALSE,FALSE,FALSE,FALSE,0.011467602,7261.497099,FALSE,FALSE,0.007915476,TRUE,FALSE
859,1,1.24E+18,19.97958,16.54417,2133,34,4.3,0.2951193,0.1517144,0.6856372,859,N 473,19.975416,16.539444,19.979582,16.544167,2133,231,9.06,1,0.012817041,859,46.71429952,10.200968,0.12453125,9.595063719,0.109851085,-0.8459541,0.11020139,9.2,0.12,-11.046922,0.065018839,FALSE,0.065018839,1.74E+10,FALSE,TRUE,FALSE,FALSE,FALSE,FALSE,FALSE,FALSE,FALSE,FALSE,FALSE,FALSE,FALSE,FALSE,0.006816445,20552.06526,FALSE,FALSE,0.007114922,TRUE,FALSE
864,1,1.24E+18,20.02792,3.41528,2333,32.2,4.4,0.1143791,0.05879978,0.7884525,864,N 474,20.032917,3.4225,20.027918,3.415278,2333,261,8.68,1,0.0101733,864,37.95890258,10.501757,0.1254439,9.903562944,0.118689195,-1.8320711,0.13657351,8.69,0.13,-12.333828,0.123815921,FALSE,0.123815921,3.24E+10,TRUE,FALSE,FALSE,FALSE,FALSE,FALSE,FALSE,FALSE,FALSE,FALSE,FALSE,FALSE,FALSE,FALSE,0.005917741,27268.39319,FALSE,FALSE,0.00778205,TRUE,FALSE
871,1,1.24E+18,20.1,5.82722,2159,29.3,2.4,0.1624793,0.08352703,0.8057209,871,M+104022,20.104584,5.829166,20.1,5.827222,2159,90,9.08,1,0.0072,871,36.32009661,8.010277,0.080971144,7.532037568,0.072432635,-2.366879,0.17106834,9.08,0.08,-10.377155,-0.002285326,FALSE,0.002285326,1.70E+09,FALSE,FALSE,FALSE,TRUE,FALSE,FALSE,FALSE,FALSE,FALSE,FALSE,FALSE,FALSE,FALSE,FALSE,0.003875828,63568.5713,FALSE,FALSE,0.007201649,TRUE,FALSE
882,1,1.24E+18,20.23125,6.57417,2330,31.6,2.2,0.2241018,0.1152058,0.5903745,882,411-026,20.230417,6.576944,20.231251,6.574167,2330,128,9.03,1,0.011376736,882,53.8164571,8.715928,0.09856061,8.927666116,0.060553718,-3.006343,0.8019182,9.03,0.08,-11.722271,0.001747722,FALSE,0.001747722,1.95E+09,TRUE,FALSE,FALSE,FALSE,FALSE,FALSE,FALSE,FALSE,FALSE,FALSE,FALSE,FALSE,FALSE,FALSE,0.006609261,21860.77356,FALSE,FALSE,0.007772043,TRUE,FALSE
883,1,1.24E+18,20.25375,17.07333,2496,33.8,2.2,0.3968871,0.2040309,0.5156388,883,M+304024,20.250418,17.079723,20.25375,17.073334,2496,142,9.22,1,0.0144,883,58.95988697,8.496894,0.11316925,8.912809159,0.056623817,-2.397087,0.38924983,9.22,0.07,-10.893981,-0.007284629,FALSE,0.007284629,2.52E+09,FALSE,FALSE,TRUE,FALSE,FALSE,FALSE,FALSE,FALSE,FALSE,FALSE,FALSE,FALSE,FALSE,FALSE,0.008961617,11890.45797,FALSE,FALSE,0.00832576,TRUE,FALSE
888,1,1.24E+18,20.27625,5.42833,2437,33.1,2.3,0.1143944,0.05880765,0.6511205,888,M+104028,20.278749,5.430278,20.276251,5.428333,2437,68,8.8,1,0.011379104,888,49.37390557,8.434932,0.088792376,8.696587923,0.060613305,-1.4355907,0.08882683,8.8,0.08,-9.8705225,-0.185473387,FALSE,0.185473387,1.11E+09,FALSE,FALSE,FALSE,FALSE,TRUE,FALSE,FALSE,FALSE,FALSE,FALSE,FALSE,FALSE,FALSE,FALSE,0.006914216,19974.94244,FALSE,FALSE,0.008128957,TRUE,FALSE
895,1,1.24E+18,20.365,7.01778,2248,31.9,6.3,0.2015233,0.1035987,0.3189316,895,N 485,20.367085,7.012778,20.365002,7.017778,2248,203,8.92,1,0.010144268,895,71.40173542,9.556342,0.23521312,9.819925594,0.171539837,-0.7772508,0.17201634,8.92,0.18,-10.333593,0.036325807,FALSE,0.036325807,4.71E+09,FALSE,FALSE,FALSE,TRUE,FALSE,FALSE,FALSE,FALSE,FALSE,FALSE,FALSE,FALSE,FALSE,FALSE,0.005685862,29537.83676,FALSE,FALSE,0.007498521,TRUE,FALSE
903,1,1.24E+18,20.45,17.59222,2518,48.1,9.9,0.3280902,0.168664,0.2772806,903,459-041,20.450834,17.598057,20.450001,17.592222,2518,352,9.96,1,0.007975971,903,73.90209317,10.428598,0.2542258,10.80542505,0.178774038,0.54632586,0.17877716,9.96,0.18,-9.882273,0.039976961,FALSE,0.039976961,3.90E+10,FALSE,FALSE,FALSE,FALSE,TRUE,FALSE,FALSE,FALSE,FALSE,FALSE,FALSE,FALSE,FALSE,FALSE,0.005007473,38083.26233,FALSE,FALSE,0.008399144,TRUE,FALSE
908,1,1.24E+18,20.47458,9.20667,2517,41.5,7.7,0.1383195,0.07110704,0.3226167,908,N 489,20.474583,9.213056,20.474583,9.206667,2517,392,9.09,1,0.015175446,908,71.17881428,10.314096,0.22673187,10.39560725,0.161159904,-0.7831496,0.1619063,9.09,0.17,-11.097246,0.154045811,FALSE,0.154045811,2.22E+10,FALSE,TRUE,FALSE,FALSE,FALSE,FALSE,FALSE,FALSE,FALSE,FALSE,FALSE,FALSE,FALSE,FALSE,0.009523663,10528.42408,FALSE,FALSE,0.008395808,TRUE,FALSE
914,1,1.24E+18,20.53959,0.94639,2380,21.9,4.4,0.1075695,0.05529911,0.2773778,914,N 493,20.533749,0.945,20.539585,0.946389,2380,186,9.45,1,0.018354063,914,73.89629665,9.4259205,0.25077677,,,-1.9060566,0.17848754,9.45,0.18,-11.331977,-0.041185969,FALSE,0.041185969,6.41E+09,FALSE,TRUE,FALSE,FALSE,FALSE,FALSE,FALSE,FALSE,FALSE,FALSE,FALSE,FALSE,FALSE,FALSE,0.01089152,8049.972154,FALSE,FALSE,0.007938825,TRUE,FALSE
942,1,1.24E+18,20.93208,6.69139,2335,31.7,2.3,0.1755209,0.09023147,0.812635,942,,20.93125,6.690834,20.932083,6.691389,2335,35,9.14,1,0.011314431,942,35.64584732,8.465235,0.07332898,8.68594789,0.063162613,-1.2038052,0.07078921,9.13,0.08,-9.66904,-0.429702228,TRUE,0.429702228,2.13E+09,FALSE,FALSE,FALSE,FALSE,TRUE,FALSE,FALSE,FALSE,FALSE,FALSE,FALSE,TRUE,FALSE,FALSE,0.006587171,22007.64247,TRUE,TRUE,0.007788722,FALSE,TRUE
947,1,1.24E+18,21.01625,12.91722,2471,25.7,5.1,0.1257509,0.06464578,0.787386,947,N 514,21.02,12.919723,21.016251,12.917223,2471,247,9.6,1,0.01135572,947,38.05813637,9.663262,0.17708807,8.878780299,0.172366666,-1.7508737,0.17687942,9.59,0.18,-11.414136,0.227593613,FALSE,0.227593613,9.90E+09,FALSE,TRUE,FALSE,FALSE,FALSE,FALSE,FALSE,FALSE,FALSE,FALSE,FALSE,FALSE,FALSE,FALSE,0.006996273,19509.12927,FALSE,FALSE,0.008242369,TRUE,FALSE
949,1,1.24E+18,21.03625,9.93,2395,37.7,7.4,0.2358299,0.121235,0.5798988,949,I 101,21.036665,9.940556,21.036249,9.93,2395,175,8.58,1,0.003546069,949,54.556621,9.505375,0.18821308,9.598712994,0.17049412,-1.1850761,0.17707594,8.59,0.18,-10.690451,0.063494245,FALSE,0.063494245,3.71E+09,FALSE,FALSE,TRUE,FALSE,FALSE,FALSE,FALSE,FALSE,FALSE,FALSE,FALSE,FALSE,FALSE,FALSE,0.002117542,212964.5559,FALSE,FALSE,0.00798886,TRUE,FALSE
957,1,1.24E+18,21.10167,3.8825,2143,29,2.3,0.09105579,0.04680979,0.6990476,957,KDG  5,21.1,3.882222,21.101665,3.8825,2143,69,9.29,1,0.01795869,957,45.64939589,8.330527,0.08885299,8.744566676,0.070318168,-1.3200945,0.23217605,9.29,0.08,-9.650621,-0.253864185,FALSE,0.253864185,2.81E+09,FALSE,FALSE,FALSE,FALSE,TRUE,FALSE,FALSE,FALSE,FALSE,FALSE,FALSE,FALSE,FALSE,FALSE,0.009595689,10370.96285,TRUE,FALSE,0.007148279,TRUE,FALSE
958,1,1.24E+18,21.14292,16.53639,2420,32.8,6.2,0.2937542,0.1510126,0.2208849,958,459-048,21.139584,16.533333,21.142918,16.536388,2420,162,9.21,1,0.009973986,958,77.23905251,8.659976,0.267946,8.884902309,0.164197088,-2.0525286,0.22576444,9.21,0.17,-10.712504,-0.010239978,FALSE,0.010239978,2.61E+09,FALSE,FALSE,TRUE,FALSE,FALSE,FALSE,FALSE,FALSE,FALSE,FALSE,FALSE,FALSE,FALSE,FALSE,0.006018156,26366.01458,FALSE,FALSE,0.008072251,TRUE,FALSE
964,1,1.24E+18,21.14583,7.72083,2735,58.1,11.2,0.1523085,0.07829846,0.2220901,964,411-048,21.147499,7.727222,21.145834,7.720833,2735,216,9.74,1,0.017895736,964,77.16824084,9.530043,0.26930094,9.821943441,0.167440453,-0.53766274,0.16841954,9.74,0.17,-10.067705,-0.038172245,FALSE,0.038172245,1.07E+10,FALSE,FALSE,FALSE,TRUE,FALSE,FALSE,FALSE,FALSE,FALSE,FALSE,FALSE,FALSE,FALSE,FALSE,0.012203551,6412.08009,FALSE,FALSE,0.009122978,TRUE,FALSE
970,1,1.24E+18,21.19083,9.99472,2731,34.7,7.2,0.2829011,0.1454333,0.2190436,970,N 522,21.189167,9.989722,21.190834,9.994722,2751,300,8.53,1,0.015904523,970,77.34720009,10.323674,0.27915606,10.31913042,0.180226015,-0.7476485,0.181043,8.63,0.19,-11.071322,0.028294472,FALSE,0.028294472,2.15E+10,FALSE,TRUE,FALSE,FALSE,FALSE,FALSE,FALSE,FALSE,FALSE,FALSE,FALSE,FALSE,FALSE,FALSE,0.010829831,8141.942502,FALSE,FALSE,0.009109635,TRUE,FALSE
982,1,1.24E+18,21.32167,9.26361,2358,31.8,6.2,0.3072136,0.1579318,0.4074658,982,411-055,21.322083,9.266944,21.321667,9.263611,2358,376,8.98,1,0.011250664,982,65.95431628,10.449103,0.21213591,10.35975447,0.169347592,-0.6581576,0.16989063,8.98,0.18,-11.107261,0.121253246,FALSE,0.121253246,2.94E+10,FALSE,TRUE,FALSE,FALSE,FALSE,FALSE,FALSE,FALSE,FALSE,FALSE,FALSE,FALSE,FALSE,FALSE,0.006614565,21825.73196,FALSE,FALSE,0.007865441,TRUE,FALSE
990,1,1.24E+18,21.35,10.79694,2533,34.4,2.3,0.2116426,0.1088008,0.8860815,990,M+204044,21.353333,10.797223,21.349998,10.796945,2533,96,9.19,1,0.019339618,990,27.61511705,8.57863,0.06933664,8.80608947,0.058217393,-1.6955792,0.12039982,9.19,0.07,-10.27421,0.09310715,FALSE,0.09310715,2.44E+09,FALSE,FALSE,FALSE,TRUE,FALSE,FALSE,FALSE,FALSE,FALSE,FALSE,FALSE,FALSE,FALSE,FALSE,0.012214126,6400.981406,FALSE,FALSE,0.008449179,TRUE,FALSE
1019,1,1.24E+18,21.66167,10.28722,2181,29.5,2.1,0.279767,0.1438221,0.6192004,1019,M+204050,21.659584,10.292778,21.661669,10.287223,2181,89,8.54,1,0.011366032,1019,51.74227678,8.545126,0.0944762,8.840298501,0.061883383,-1.5829278,0.08841582,8.54,0.08,-10.128054,-0.049286855,FALSE,0.049286855,8.12E+08,FALSE,FALSE,FALSE,TRUE,FALSE,FALSE,FALSE,FALSE,FALSE,FALSE,FALSE,FALSE,FALSE,FALSE,0.006180788,24996.75585,FALSE,FALSE,0.007275033,TRUE,FALSE
1020,1,1.24E+18,21.68333,17.26417,2584,33.8,4.4,0.5240944,0.2694255,0.3889934,1020,459-052,21.698334,17.264166,21.683334,17.264166,2584,248,9.52,1,0.019911212,1020,67.10817638,9.396919,0.17617847,9.628463914,0.11307159,-1.1357417,0.115595356,9.49,0.12,-10.532661,0.094107522,FALSE,0.094107522,6.90E+09,FALSE,FALSE,TRUE,FALSE,FALSE,FALSE,FALSE,FALSE,FALSE,FALSE,FALSE,FALSE,FALSE,FALSE,0.012828313,5802.729378,FALSE,FALSE,0.008619296,TRUE,FALSE
1050,1,1.24E+18,22.05375,10.4325,2393,32.4,2.3,0.433138,0.2226668,0.3999982,1050,,22.054583,10.432778,22.053751,10.4325,2393,145,9.09,1,0.003540488,1050,66.42199015,8.380176,0.14447965,8.559544325,0.061866789,-2.5623853,0.4397775,9.09,0.08,-10.942561,0.004618491,FALSE,0.004618491,1.88E+09,FALSE,FALSE,TRUE,FALSE,FALSE,FALSE,FALSE,FALSE,FALSE,FALSE,FALSE,FALSE,FALSE,FALSE,0.002112444,213993.7442,FALSE,FALSE,0.007982189,TRUE,FALSE
1056,1,1.24E+18,22.19667,16.68778,594,8.4,2.1,0.2407402,0.1237593,0.7138373,1056,459-060,22.199167,16.689165,22.196667,16.687777,594,44,7.77,1,0.014955334,1056,44.45204501,6.9400077,0.22350837,7.802927031,0.21715339,-3.0408895,0.23935449,7.77,0.22,-9.980897,-0.063038372,FALSE,0.063038372,8.70E+07,FALSE,FALSE,FALSE,FALSE,TRUE,FALSE,FALSE,FALSE,FALSE,FALSE,FALSE,FALSE,FALSE,FALSE,0.00221494,194646.951,FALSE,FALSE,0.001981371,TRUE,FALSE
1075,1,1.24E+18,22.51083,2.85222,2100,28.4,2.4,0.0570433,0.02932471,0.2932352,1075,,22.51125,2.847778,22.510832,2.852222,2100,110,8.58,1,0.010176033,1075,72.94831925,8.113076,0.19011153,8.500031018,0.073503934,-2.3431423,0.25017112,8.58,0.09,-10.456219,-0.016131545,FALSE,0.016131545,6.35E+08,FALSE,FALSE,FALSE,TRUE,FALSE,FALSE,FALSE,FALSE,FALSE,FALSE,FALSE,FALSE,FALSE,FALSE,0.005328158,33636.98996,FALSE,FALSE,0.007004846,TRUE,FALSE
1082,1,1.24E+18,22.73,17.18833,2798,48.3,9.1,0.3454336,0.1775798,0.4663534,1082,I1711,22.723333,17.18861,22.73,17.188332,2798,383,9.5,1,0.0072,1082,62.20220555,10.6640415,0.19698046,10.66440101,0.163647215,-0.20319046,0.16373885,9.5,0.17,-10.867232,0.08468247,FALSE,0.08468247,5.03E+10,FALSE,FALSE,TRUE,FALSE,FALSE,FALSE,FALSE,FALSE,FALSE,FALSE,FALSE,FALSE,FALSE,FALSE,0.005022958,37848.81747,FALSE,FALSE,0.009333123,TRUE,FALSE
1091,1,1.24E+18,22.89958,8.4225,2478,33.6,2.3,0.1498899,0.07705513,0.8741217,1091,,22.89875,8.427501,22.899584,8.422501,2478,44,8.26,1,0.01469256,1091,29.05882561,8.536023,0.066563725,8.66797078,0.059705238,-1.429774,0.087859206,8.26,0.08,-9.965797,-0.111108783,FALSE,0.111108783,5.86E+08,FALSE,FALSE,FALSE,FALSE,TRUE,FALSE,FALSE,FALSE,FALSE,FALSE,FALSE,FALSE,FALSE,FALSE,0.009077748,11588.17856,FALSE,FALSE,0.008265718,TRUE,FALSE
1102,1,1.24E+18,23.12292,4.60139,1955,26.6,4.4,0.06964454,0.03580273,0.754944,1102,412-002a,23.123749,4.600555,23.122917,4.601389,1955,86,9.18,1,0.011351182,1102,40.97955776,8.771998,0.15062644,9.312381396,0.14376007,-2.0474062,0.2716824,9.19,0.15,-10.819405,-0.112488493,FALSE,0.112488493,2.60E+09,FALSE,FALSE,TRUE,FALSE,FALSE,FALSE,FALSE,FALSE,FALSE,FALSE,FALSE,FALSE,FALSE,FALSE,0.005533083,31191.55533,FALSE,FALSE,0.006521178,TRUE,FALSE
1104,1,1.24E+18,23.17708,18.31667,699,7.6,0.8,0.2038394,0.1047894,0.6394083,1104,460-006,23.186666,18.308887,23.177082,18.316668,699,68,8.03,1,0.009927741,1104,50.25233039,7.860323,0.11316397,8.099540565,0.091434771,-3.0146806,0.13131903,8.03,0.1,-10.875004,-0.012744405,FALSE,0.012744405,2.15E+08,FALSE,FALSE,TRUE,FALSE,FALSE,FALSE,FALSE,FALSE,FALSE,FALSE,FALSE,FALSE,FALSE,FALSE,0.001730242,318975.627,FALSE,FALSE,0.002331613,TRUE,FALSE
1105,1,1.24E+18,23.16625,4.64111,2011,26.6,4.4,0.06984442,0.03590548,0.7298294,1105,M105003a,23.159998,4.646111,23.16625,4.641111,2011,87,8.88,1,0.0036,1105,43.12794247,7.546016,0.15217896,7.930544696,0.14588615,-1.8135046,0.27667013,8.86,0.15,-9.359521,-0.02627089,FALSE,0.02627089,1.04E+09,FALSE,FALSE,FALSE,FALSE,FALSE,TRUE,FALSE,FALSE,FALSE,FALSE,FALSE,FALSE,FALSE,FALSE,0.001805069,293078.2473,FALSE,FALSE,0.006707974,TRUE,FALSE
1110,1,1.24E+18,23.32375,13.33222,2762,35.2,7.3,0.180278,0.092677,0.220617,1110,437-002,23.323332,13.331667,23.32375,13.332222,2762,203,9.19,1,0.0072,1110,77.25479031,9.315604,0.2779347,9.399573231,0.180136946,-1.3737361,0.18873341,9.19,0.18,-10.689341,0.038103723,FALSE,0.038103723,4.13E+09,FALSE,FALSE,TRUE,FALSE,FALSE,FALSE,FALSE,FALSE,FALSE,FALSE,FALSE,FALSE,FALSE,FALSE,0.004958331,38841.89295,FALSE,FALSE,0.00921304,TRUE,FALSE
1112,1,1.24E+18,23.32792,3.07056,1712,24.3,4.8,0.08237305,0.04234618,0.3682608,1112,386-006,23.3225,3.066389,23.327915,3.070555,1712,135,8.64,1,0.025437578,1112,68.39166153,8.786393,0.22219111,9.040440778,0.171576827,-2.4982302,0.3212981,8.64,0.18,-11.284623,0.016618219,FALSE,0.016618219,1.19E+09,FALSE,TRUE,FALSE,FALSE,FALSE,FALSE,FALSE,FALSE,FALSE,FALSE,FALSE,FALSE,FALSE,FALSE,0.010858225,8099.41573,FALSE,FALSE,0.005710617,TRUE,FALSE
1171,1,1.24E+18,24.93625,15.89944,738,7.3,0.7,0.1915201,0.09845629,0.6043224,1171,,24.937084,15.896111,24.936251,15.899445,738,26,7.42,1,0.018329958,1171,52.81994657,6.9388046,0.11141762,7.29302132,0.083625057,-3.4134321,0.2598658,7.42,0.09,-10.352237,-0.272672191,FALSE,0.272672191,4.37E+07,FALSE,FALSE,FALSE,TRUE,FALSE,FALSE,FALSE,FALSE,FALSE,FALSE,FALSE,FALSE,FALSE,FALSE,0.003372851,83941.5656,TRUE,FALSE,0.002461703,TRUE,FALSE
1176,1,1.24E+18,25.04292,15.905,631,9,0.9,0.2078999,0.1068768,0.5620813,1176,DDO 13,25.031668,15.901667,25.042919,15.905,631,37,8.78,1,0.003462183,1176,55.80019107,6.80744,0.12132611,8.23486657,0.088920583,-2.2440197,0.56454134,8.78,0.1,-9.051459,-0.452463299,TRUE,0.452463299,8.08E+08,FALSE,FALSE,FALSE,FALSE,FALSE,TRUE,FALSE,FALSE,FALSE,FALSE,FALSE,FALSE,TRUE,FALSE,5.45E-04,3218503.389,TRUE,TRUE,0.002104789,FALSE,TRUE
1192,1,1.24E+18,25.54083,12.60167,2980,40.4,2.1,0.1489798,0.07658724,0.5825033,1192,N 658,25.541668,12.601111,25.540834,12.601667,2980,323,10,1,0.01772371,1192,54.3732412,10.187083,0.09098047,9.465758661,0.045150442,-0.6156996,0.04555613,10,0.06,-10.802783,0.10850439,FALSE,0.10850439,2.87E+10,FALSE,FALSE,TRUE,FALSE,FALSE,FALSE,FALSE,FALSE,FALSE,FALSE,FALSE,FALSE,FALSE,FALSE,0.013168922,5506.440229,FALSE,FALSE,0.00994021,TRUE,FALSE
1195,1,1.24E+18,25.6125,13.97667,771,10.6,4.3,0.215984,0.1110326,0.4000014,1195,437-010,25.617085,13.984167,25.612501,13.976666,771,126,8.83,1,0.014817691,1195,66.42179011,8.184163,0.37547857,8.50114413,0.352353193,-2.6262913,0.36293352,8.83,0.35,-10.810454,0.006439331,FALSE,0.006439331,1.05E+09,FALSE,FALSE,TRUE,FALSE,FALSE,FALSE,FALSE,FALSE,FALSE,FALSE,FALSE,FALSE,FALSE,FALSE,0.002848487,117690.9055,FALSE,FALSE,0.002571779,TRUE,FALSE
1200,1,1.24E+18,25.70125,13.15555,807,13.7,2.8,0.1552836,0.07982792,0.5499685,1200,437-011,25.70125,13.154722,25.70125,13.155555,807,126,8.7,1,0.018,1200,56.63519587,8.458112,0.1974301,8.765928337,0.177523486,-1.9341034,0.17991523,8.7,0.18,-10.392215,0.05744372,FALSE,0.05744372,9.54E+08,FALSE,FALSE,FALSE,TRUE,FALSE,FALSE,FALSE,FALSE,FALSE,FALSE,FALSE,FALSE,FALSE,FALSE,0.003621808,72798.20127,FALSE,FALSE,0.002691862,TRUE,FALSE
1201,1,1.24E+18,25.75708,13.64333,848,10.6,4.1,0.2136407,0.109828,0.2407676,1201,N 660,25.761665,13.64,25.757084,13.643333,848,304,9.67,1,0.01767662,1201,76.0682151,10.041907,0.3907952,8.654193217,0.335963682,-1.1515689,0.3359666,9.59,0.34,-11.193476,0.060457477,FALSE,0.060457477,1.72E+10,FALSE,TRUE,FALSE,FALSE,FALSE,FALSE,FALSE,FALSE,FALSE,FALSE,FALSE,FALSE,FALSE,FALSE,0.003737442,68363.22972,FALSE,FALSE,0.002828624,TRUE,FALSE
1240,1,1.24E+18,26.58583,4.26389,1804,24.3,2.2,0.0966379,0.04967943,0.3499737,1240,412-027,26.588333,4.262778,26.585833,4.263889,1804,128,8.82,1,0.011355845,1240,69.51435222,8.394597,0.16744198,8.661227063,0.078655214,-2.3408372,0.17339715,8.82,0.09,-10.735435,-0.003667805,FALSE,0.003667805,1.13E+09,FALSE,FALSE,TRUE,FALSE,FALSE,FALSE,FALSE,FALSE,FALSE,FALSE,FALSE,FALSE,FALSE,FALSE,0.005107817,36601.65725,FALSE,FALSE,0.006017496,TRUE,FALSE
1246,1,1.24E+18,26.7525,12.40528,800,10.5,4.3,0.2912364,0.1497182,0.682776,1246,437-026,26.754583,12.402499,26.752499,12.405277,800,86,8.48,1,0.0113579,1246,46.93908746,7.6350303,0.3620078,8.985085146,0.355731406,-2.1907954,0.36160293,8.45,0.36,-9.825826,0.032471619,FALSE,0.032471619,4.45E+08,FALSE,FALSE,FALSE,FALSE,TRUE,FALSE,FALSE,FALSE,FALSE,FALSE,FALSE,FALSE,FALSE,FALSE,0.002265517,186052.9983,FALSE,FALSE,0.002668513,TRUE,FALSE
1270,1,1.24E+18,27.23875,5.90694,1506,20.6,4.2,0.2003172,0.1029787,0.6454363,1270,N 676,27.239166,5.908889,27.23875,5.906945,1506,379,9.03,1,0.018,1270,49.80164644,10.152361,0.1888397,8.722461633,0.177091371,-2.594171,0.22296613,9.04,0.18,-12.746532,0.270891716,FALSE,0.270891716,1.56E+10,TRUE,FALSE,FALSE,FALSE,FALSE,FALSE,FALSE,FALSE,FALSE,FALSE,FALSE,FALSE,FALSE,FALSE,0.006758912,20903.44059,TRUE,FALSE,0.005023475,TRUE,FALSE
1276,1,1.24E+18,27.31292,20.71111,2747,25.1,5.2,0.2769364,0.1423669,0.4318372,1276,I 163,27.311249,20.706112,27.312916,20.711111,2747,225,9.36,1,0.013942199,1276,64.41584432,9.385225,0.21606061,9.704545598,0.179946976,-0.88581485,0.18020236,9.36,0.18,-10.27104,0.086121311,FALSE,0.086121311,5.47E+09,FALSE,FALSE,FALSE,TRUE,FALSE,FALSE,FALSE,FALSE,FALSE,FALSE,FALSE,FALSE,FALSE,FALSE,0.00954925,10472.07768,FALSE,FALSE,0.009163006,TRUE,FALSE
1280,1,1.24E+18,27.35333,21.99639,2836,38.4,4.1,0.2818301,0.1448827,0.5654411,1280,N 678,27.356665,22,27.353333,21.996389,2836,503,9.35,1,0.010641288,1280,55.56711925,10.865583,0.12483569,9.559787804,0.092740189,-0.9902151,0.093547486,9.35,0.1,-11.855799,0.1882235,FALSE,0.1882235,7.64E+10,TRUE,FALSE,FALSE,FALSE,FALSE,FALSE,FALSE,FALSE,FALSE,FALSE,FALSE,FALSE,FALSE,FALSE,0.007524536,16865.99164,FALSE,FALSE,0.009459878,TRUE,FALSE
1286,1,1.24E+18,27.44708,21.97056,2817,38.4,4.2,0.2578574,0.1325588,0.77538,1286,N 680,27.454998,21.967779,27.447083,21.970556,2817,481,9.43,1,0.017540625,1286,39.16053568,10.715374,0.10456127,10.19045377,0.09500193,-1.3849229,0.09952507,9.43,0.1,-12.100297,0.319405771,TRUE,0.319405771,5.55E+10,TRUE,FALSE,FALSE,FALSE,FALSE,FALSE,FALSE,TRUE,FALSE,FALSE,FALSE,FALSE,FALSE,FALSE,0.012320015,6291.423303,TRUE,FALSE,0.009396501,FALSE,TRUE
1294,1,1.24E+18,27.55458,23.15805,2860,25.9,5.4,0.3556291,0.1828211,0.6999184,1294,,27.552082,23.156111,27.554583,23.158054,2860,87,8.47,1,0.017491724,1294,45.57958091,6.4977922,0.19545627,7.294163788,0.182101113,-3.0014899,0.49667925,8.47,0.19,-9.499282,0.060068238,FALSE,0.060068238,3.96E+08,FALSE,FALSE,FALSE,FALSE,FALSE,TRUE,FALSE,FALSE,FALSE,FALSE,FALSE,FALSE,FALSE,FALSE,0.012473203,6137.838119,FALSE,FALSE,0.009539933,TRUE,FALSE
1297,1,1.24E+18,27.54417,2.30944,1701,22.8,2.1,0.07833876,0.04027224,0.6324082,1297,386-042,27.547916,2.311389,27.544167,2.309444,1701,88,8.76,1,0.017994738,1297,50.7720234,8.47221,0.10478508,8.668718377,0.080040899,-2.2704668,0.17846341,8.76,0.09,-10.742677,-0.077429359,FALSE,0.077429359,1.06E+09,FALSE,FALSE,TRUE,FALSE,FALSE,FALSE,FALSE,FALSE,FALSE,FALSE,FALSE,FALSE,FALSE,FALSE,0.007631838,16395.06133,FALSE,FALSE,0.005673925,TRUE,FALSE
1304,1,1.24E+18,27.62833,6.14472,1559,19.1,3.8,0.1748187,0.08987047,0.3892996,1304,N 693,27.631248,6.150278,27.628332,6.144722,1559,238,8.91,1,0.010153129,1304,67.08913118,9.762422,0.21832761,9.341807126,0.172808297,-0.44226226,0.1728107,8.91,0.18,-10.204684,0.076775533,FALSE,0.076775533,6.87E+09,FALSE,FALSE,FALSE,TRUE,FALSE,FALSE,FALSE,FALSE,FALSE,FALSE,FALSE,FALSE,FALSE,FALSE,0.00394662,61308.49988,FALSE,FALSE,0.005200264,TRUE,FALSE
1305,1,1.24E+18,27.67333,21.75945,2664,36.8,7.1,0.2375773,0.1221333,0.9165333,1305,N 691,27.681248,21.763056,27.673332,21.759445,2664,322,9.51,1,0.019201974,1305,23.57559688,10.241096,0.16984183,10.29275698,0.167581081,-1.0499772,0.16982837,9.51,0.17,-11.291073,0.445310131,TRUE,0.445310131,2.17E+10,FALSE,TRUE,FALSE,FALSE,FALSE,FALSE,FALSE,FALSE,TRUE,FALSE,FALSE,FALSE,FALSE,FALSE,0.012754382,5870.195062,TRUE,TRUE,0.008886147,FALSE,TRUE
1310,1,1.24E+18,27.74375,21.99639,2942,38.4,4.3,0.2338362,0.1202101,0.6799424,1310,N 694,27.744165,21.998333,27.74375,21.996389,2942,192,9.33,1,0.0036,1310,47.16089769,9.545026,0.1138146,9.969967705,0.097264046,-0.063049175,0.09728625,9.33,0.11,-9.608075,0.091038239,FALSE,0.091038239,6.35E+09,FALSE,FALSE,FALSE,FALSE,TRUE,FALSE,FALSE,FALSE,FALSE,FALSE,FALSE,FALSE,FALSE,FALSE,0.002640733,136937.4985,FALSE,FALSE,0.009813456,TRUE,FALSE
1443,1,1.24E+18,29.39125,3.71417,845,11.3,2.3,0.1092463,0.05616115,0.5687512,1443,387-009,29.4025,3.713611,29.391251,3.714167,845,126,7.56,1,0.011381811,1443,55.33685778,8.010071,0.19479278,8.254929948,0.176794621,-2.2351005,0.17881241,7.56,0.18,-10.245172,0.264460334,FALSE,0.264460334,1.51E+08,FALSE,FALSE,FALSE,TRUE,FALSE,FALSE,FALSE,FALSE,FALSE,FALSE,FALSE,FALSE,FALSE,FALSE,0.00239799,166064.4116,TRUE,FALSE,0.002818617,TRUE,FALSE
1466,1,1.24E+18,29.83167,19.00778,2459,32.7,4.2,0.2395831,0.1231644,0.7703061,1466,N 772,29.824167,19.013889,29.831667,19.007778,2459,430,10.25,1,0.01249428,1466,39.61864914,10.800232,0.120023265,9.918495473,0.111561905,-0.5927414,0.111623764,10.24,0.12,-11.392973,0.217976441,FALSE,0.217976441,8.68E+10,FALSE,TRUE,FALSE,FALSE,FALSE,FALSE,FALSE,FALSE,FALSE,FALSE,FALSE,FALSE,FALSE,FALSE,0.007660358,16273.209,FALSE,FALSE,0.008202341,TRUE,FALSE
1490,1,1.24E+18,30.13458,21.28722,3071,41.3,2.3,0.2899294,0.1490464,0.3553204,1490,461-023,30.135,21.288889,30.134583,21.287222,3071,151,9.26,1,0.012373633,1490,69.18697621,9.05546,0.1540931,9.497000831,0.048374888,-0.4916452,0.048771735,9.22,0.07,-9.547105,-0.055756668,FALSE,0.055756668,3.56E+09,FALSE,FALSE,FALSE,FALSE,TRUE,FALSE,FALSE,FALSE,FALSE,FALSE,FALSE,FALSE,FALSE,FALSE,0.009474502,10637.96688,FALSE,FALSE,0.010243753,TRUE,FALSE
1500,1,1.24E+18,30.30083,19.675,2430,34.2,6.8,0.3567868,0.1834163,0.2346946,1500,M+306016,30.297915,19.676666,30.300833,19.674999,2430,162,8.9,1,0.010787869,1500,76.42644338,9.021033,0.2668536,9.198320176,0.17270605,-1.5537437,0.18348737,8.9,0.18,-10.574777,0.014661718,FALSE,0.014661718,2.11E+09,FALSE,FALSE,TRUE,FALSE,FALSE,FALSE,FALSE,FALSE,FALSE,FALSE,FALSE,FALSE,FALSE,FALSE,0.006536139,22352.64151,FALSE,FALSE,0.008105608,TRUE,FALSE
1501,1,1.24E+18,30.32125,28.83722,193,3.2,0.3,0.1949995,0.100245,0.4021522,1501,N 784,30.319584,28.830833,30.321251,28.837223,193,88,8.17,1,0.011251002,1501,66.28726398,7.705072,0.15250838,6.352280567,0.081461482,-4.013153,0.12681887,8.17,0.1,-11.7182255,0.008139667,FALSE,0.008139667,2.47E+08,TRUE,FALSE,FALSE,FALSE,FALSE,FALSE,FALSE,FALSE,FALSE,FALSE,FALSE,FALSE,FALSE,FALSE,5.41E-04,3257734.646,FALSE,FALSE,6.44E-04,TRUE,FALSE
1519,1,1.24E+18,30.57,19.17972,2346,32.6,4.2,0.2837763,0.1458832,0.4423962,1519,M+306022,30.569998,19.18111,30.569998,19.179722,2346,119,8.83,1,0.009903773,1519,63.74318549,8.304395,0.16141851,8.635118844,0.11233653,-2.1225271,0.25261578,8.87,0.12,-10.426922,-0.013867433,FALSE,0.013867433,1.10E+09,FALSE,FALSE,FALSE,TRUE,FALSE,FALSE,FALSE,FALSE,FALSE,FALSE,FALSE,FALSE,FALSE,FALSE,0.00579306,28454.78823,FALSE,FALSE,0.007825414,TRUE,FALSE
1538,1,1.24E+18,30.83708,23.76056,2823,31.3,6.6,0.2967784,0.1525673,0.6399432,1538,,30.840414,23.758333,30.837082,23.760555,2823,118,8.75,1,0.019168314,1538,50.21245822,8.109144,0.19548133,8.647681865,0.183199912,-1.8755822,0.21560067,8.75,0.19,-9.984726,0.07430844,FALSE,0.07430844,8.76E+08,FALSE,FALSE,FALSE,FALSE,TRUE,FALSE,FALSE,FALSE,FALSE,FALSE,FALSE,FALSE,FALSE,FALSE,0.013491931,5245.937861,FALSE,FALSE,0.009416514,TRUE,FALSE
1546,1,1.24E+18,30.83417,18.62944,2368,32.6,4.3,0.2499174,0.1284771,0.9173406,1546,461-035,30.834581,18.635,30.834167,18.629444,2368,88,9.36,1,0.017666278,1546,23.45967876,9.2963505,0.117836714,9.470404031,0.114570918,-1.405361,0.123953275,9.38,0.12,-10.701712,0.042906387,FALSE,0.042906387,5.03E+09,FALSE,FALSE,TRUE,FALSE,FALSE,FALSE,FALSE,FALSE,FALSE,FALSE,FALSE,FALSE,FALSE,FALSE,0.010430523,8777.265021,FALSE,FALSE,0.007898798,TRUE,FALSE
1547,1,1.24E+18,30.83417,22.04083,2642,35.4,2.4,0.3668645,0.188597,0.5690073,1547,482-059,30.827915,22.044167,30.834167,22.040833,2642,131,9.92,1,0.014725967,1547,55.31901599,8.645989,0.10188335,10.07965884,0.05910574,-1.2106194,0.11808239,9.93,0.07,-9.856609,-0.18928565,FALSE,0.18928565,1.15E+10,FALSE,FALSE,FALSE,FALSE,TRUE,FALSE,FALSE,FALSE,FALSE,FALSE,FALSE,FALSE,FALSE,FALSE,0.009700541,10147.97657,FALSE,FALSE,0.008812763,TRUE,FALSE
1551,1,1.24E+18,30.90667,24.07528,2670,35.8,2.5,0.3050986,0.1568445,0.7803991,1551,482-061,30.908333,24.073334,30.906666,24.075279,2670,120,9.69,1,0.013631315,1551,38.70290153,9.704781,0.07449847,9.908453329,0.060660173,-0.8116239,0.06653412,9.69,0.07,-10.516404,-0.109122238,FALSE,0.109122238,1.16E+10,FALSE,FALSE,TRUE,FALSE,FALSE,FALSE,FALSE,FALSE,FALSE,FALSE,FALSE,FALSE,FALSE,FALSE,0.009074618,11596.17332,FALSE,FALSE,0.008906161,TRUE,FALSE
1554,1,1.24E+18,30.93667,16.03083,2099,21.8,4.4,0.1719043,0.08837225,0.4231393,1554,N 803,30.934999,16.021389,30.936666,16.030832,2099,259,9.57,1,0.015600848,1554,64.96711099,9.691135,0.21360402,9.782584928,0.175311664,-1.1121817,0.17577757,9.61,0.18,-10.803317,0.081471715,FALSE,0.081471715,9.85E+09,FALSE,FALSE,TRUE,FALSE,FALSE,FALSE,FALSE,FALSE,FALSE,FALSE,FALSE,FALSE,FALSE,FALSE,0.008164695,14324.89476,FALSE,FALSE,0.00700151,TRUE,FALSE
1561,1,1.24E+18,31.02083,24.20778,606,8.6,2.3,0.2776793,0.1427488,0.6663312,1561,482-064,31.024164,24.206667,31.02083,24.207779,606,39,7.78,1,0.0036,1561,48.21550808,6.8909693,0.24040517,7.877177007,0.232306787,-2.7337236,0.24219447,7.78,0.24,-9.624693,-0.143783614,FALSE,0.143783614,8.79E+07,FALSE,FALSE,FALSE,FALSE,TRUE,FALSE,FALSE,FALSE,FALSE,FALSE,FALSE,FALSE,FALSE,FALSE,5.44E-04,3227471.965,FALSE,FALSE,0.002021398,TRUE,FALSE
1711,1,1.24E+18,33.44041,24.89056,2640,35.3,2.2,0.2678081,0.1376743,0.4499764,1711,,33.439167,24.88611,33.440414,24.890556,2640,149,8.74,1,0.019441892,1711,63.25788362,8.794494,0.12609106,8.925949364,0.054181389,-2.1267467,0.22562994,8.74,0.07,-10.92124,0.063131234,FALSE,0.063131234,1.35E+09,FALSE,FALSE,TRUE,FALSE,FALSE,FALSE,FALSE,FALSE,FALSE,FALSE,FALSE,FALSE,FALSE,FALSE,0.012797401,5830.795663,FALSE,FALSE,0.008806092,TRUE,FALSE
1718,1,1.24E+18,33.515,27.87667,591,9.6,0.9,0.2342808,0.1204386,0.5214025,1718,N 855,33.524166,27.879723,33.514999,27.876667,591,94,8.07,1,0.01125907,1718,58.57367395,8.782097,0.12424769,8.337699835,0.081430457,-1.7596856,0.081605054,8.07,0.1,-10.541782,-0.054718203,FALSE,0.054718203,7.62E+08,FALSE,FALSE,TRUE,FALSE,FALSE,FALSE,FALSE,FALSE,FALSE,FALSE,FALSE,FALSE,FALSE,FALSE,0.001659088,346922.7083,FALSE,FALSE,0.001971364,TRUE,FALSE
1736,1,1.24E+18,33.865,6.00222,1560,14.8,3,0.1595464,0.08201933,0.7901586,1736,N 864,33.869164,5.994722,33.864998,6.002222,1560,221,9.89,1,0.010154465,1736,37.79969655,9.542254,0.1806276,8.696886213,0.176065462,-0.97770643,0.17607553,9.59,0.18,-10.51996,0.145668874,FALSE,0.145668874,1.38E+10,FALSE,FALSE,TRUE,FALSE,FALSE,FALSE,FALSE,FALSE,FALSE,FALSE,FALSE,FALSE,FALSE,FALSE,0.003949671,61213.81372,FALSE,FALSE,0.0052036,TRUE,FALSE
1747,1,1.24E+18,34.06333,28.6,2993,33,6.5,0.2910774,0.1496365,0.8707315,1747,N 865,34.068748,28.600555,34.063332,28.6,2993,277,9.47,1,0.006321477,1747,29.45626879,8.402806,0.17408693,9.28008805,0.171085945,-1.2364662,0.17194201,9.47,0.18,-9.639273,0.46919996,TRUE,0.46919996,4.18E+09,FALSE,FALSE,FALSE,FALSE,TRUE,FALSE,FALSE,FALSE,FALSE,FALSE,FALSE,TRUE,FALSE,FALSE,0.004717421,42910.36121,TRUE,TRUE,0.009983573,FALSE,TRUE
1756,1,1.24E+18,34.22417,2.20306,3007,40.9,2.2,0.1134179,0.05830568,0.3681618,1756,387-064,34.226669,2.196944,34.224167,2.203056,3007,211,9,1,0.017995212,1756,68.39776246,9.475512,0.14851147,9.633714122,0.046724504,-1.0414596,0.054495778,9,0.07,-10.516972,0.070779975,FALSE,0.070779975,4.32E+09,FALSE,FALSE,TRUE,FALSE,FALSE,FALSE,FALSE,FALSE,FALSE,FALSE,FALSE,FALSE,FALSE,FALSE,0.013491795,5246.044103,FALSE,FALSE,0.010030272,TRUE,FALSE
1923,1,1.24E+18,36.85667,2.105,2866,38.9,2.2,0.09127305,0.04692148,0.4772714,1923,M+007015,36.859165,2.098611,36.856667,2.105,2866,112,8.98,1,0.010792712,1923,61.49270797,8.198435,0.1163323,8.421721885,0.049867813,-2.8637564,0.68685675,8.98,0.07,-11.062191,-0.059624207,FALSE,0.059624207,1.43E+09,FALSE,TRUE,FALSE,FALSE,FALSE,FALSE,FALSE,FALSE,FALSE,FALSE,FALSE,FALSE,FALSE,FALSE,0.007712339,16054.58855,FALSE,FALSE,0.009559947,TRUE,FALSE
1970,1,1.24E+18,37.47542,25.25611,1913,30.9,6.3,0.3836494,0.1972258,0.3585478,1970,483-069,37.477081,25.254168,37.475418,25.256111,1913,226,9.2,1,0.007440624,1970,68.98902007,9.3652935,0.2290953,7.767905107,0.177312014,-2.008726,0.20870039,9.2,0.18,-11.37402,0.096177182,FALSE,0.096177182,4.43E+09,FALSE,TRUE,FALSE,FALSE,FALSE,FALSE,FALSE,FALSE,FALSE,FALSE,FALSE,FALSE,FALSE,FALSE,0.003548981,75816.5592,FALSE,FALSE,0.006381081,TRUE,FALSE
1981,1,1.24E+18,37.57167,0.9375,1513,20.3,2.2,0.08677776,0.04461055,0.8666143,1981,M+007026,37.566666,0.940556,37.571667,0.9375,1513,31,8,1,0.010798554,1981,29.93247376,8.537586,0.09887543,9.263217346,0.094747602,-3.321787,2.2275045,8,0.11,-11.859373,-0.252822687,FALSE,0.252822687,4.78E+08,TRUE,FALSE,FALSE,FALSE,FALSE,FALSE,FALSE,FALSE,FALSE,FALSE,FALSE,FALSE,FALSE,FALSE,0.004073651,57544.47915,TRUE,FALSE,0.005046825,TRUE,FALSE
2081,1,1.24E+18,39.00417,0.41972,2614,38.9,7.9,0.08592823,0.04417382,0.6714478,2081,388-058,39.004166,0.422778,39.004166,0.419722,2614,185,9.46,1,0.016099344,2081,47.82113512,9.226455,0.18630396,9.370821616,0.176403132,-1.5072882,0.19671129,9.46,0.18,-10.733743,0.08554695,FALSE,0.08554695,5.52E+09,FALSE,FALSE,TRUE,FALSE,FALSE,FALSE,FALSE,FALSE,FALSE,FALSE,FALSE,FALSE,FALSE,FALSE,0.010492841,8673.316637,FALSE,FALSE,0.008719365,TRUE,FALSE
2082,1,1.24E+18,39.0675,25.42306,707,13.4,2.6,0.5667561,0.2913569,0.3470238,2082,484-014,39.069164,25.423332,39.067497,25.423056,707,192,9.3,1,0.01739263,2082,69.69467377,9.022449,0.22612116,9.156031363,0.168532554,-1.8380443,0.17252769,9.3,0.17,-10.860493,0.04262913,FALSE,0.04262913,3.71E+09,FALSE,FALSE,TRUE,FALSE,FALSE,FALSE,FALSE,FALSE,FALSE,FALSE,FALSE,FALSE,FALSE,FALSE,0.003065942,101588.2279,FALSE,FALSE,0.002358298,TRUE,FALSE
2141,1,1.24E+18,39.81167,30.15055,985,12.4,4.3,0.48295,0.248274,0.5391091,2141,N1012,39.812084,30.149166,39.811668,30.150555,985,201,9.27,1,0.019046308,2141,57.37703647,9.093276,0.3146673,8.591259894,0.301204298,-1.0295112,0.30121082,9.2,0.3,-10.122787,0.108951114,FALSE,0.108951114,3.72E+09,FALSE,FALSE,FALSE,TRUE,FALSE,FALSE,FALSE,FALSE,FALSE,FALSE,FALSE,FALSE,FALSE,FALSE,0.004677635,43643.40851,FALSE,FALSE,0.003285606,TRUE,FALSE
2183,1,1.24E+18,40.70167,28.57333,1541,30.9,6.3,0.4973194,0.255661,0.4665307,2183,N1056,40.698753,28.573891,40.701668,28.573334,1541,273,9.8,1,0.01572709,2183,62.19072115,10.29808,0.20879363,9.95576407,0.177090962,0.02148739,0.17709488,9.8,0.18,-10.276593,3.96E-04,FALSE,3.96E-04,2.83E+10,FALSE,FALSE,FALSE,TRUE,FALSE,FALSE,FALSE,FALSE,FALSE,FALSE,FALSE,FALSE,FALSE,FALSE,0.00604269,26152.34921,FALSE,FALSE,0.005140223,TRUE,FALSE
2216,1,1.24E+18,41.08833,0.67611,2767,37.7,2.4,0.1078211,0.05542846,0.3803829,2216,M+008003,41.086666,0.679722,41.088333,0.676111,2767,135,9.04,1,0.011383486,2216,67.64265476,8.538839,0.14774276,8.784027172,0.055652522,-1.8587769,0.35614553,9.04,0.07,-10.397616,-0.026082003,FALSE,0.026082003,1.80E+09,FALSE,FALSE,FALSE,TRUE,FALSE,FALSE,FALSE,FALSE,FALSE,FALSE,FALSE,FALSE,FALSE,FALSE,0.007853509,15482.5986,FALSE,FALSE,0.009229719,TRUE,FALSE
2221,1,1.24E+18,41.24167,30.37778,833,12.3,4.3,0.6092107,0.3131819,0.2041678,2221,,41.243332,30.378611,41.241669,30.377777,833,103,8.07,1,0.011237692,2221,78.21927887,7.283816,0.3776667,7.511096711,0.303743509,-2.7213955,0.33293185,8.13,0.31,-10.005211,0.084736072,FALSE,0.084736072,1.75E+08,FALSE,FALSE,FALSE,TRUE,FALSE,FALSE,FALSE,FALSE,FALSE,FALSE,FALSE,FALSE,FALSE,FALSE,0.002334003,175294.575,FALSE,FALSE,0.002778589,TRUE,FALSE
2392,1,1.24E+18,43.94334,33.76611,1548,23.9,5,0.3330495,0.1712134,0.416675,2392,524-036,43.946667,33.766109,43.943336,33.766109,1548,156,8.9,1,0.01250051,2392,65.37521164,8.5565195,0.22032973,8.951889206,0.181717339,-2.06017,0.22630636,8.9,0.19,-10.61669,0.07043216,FALSE,0.07043216,1.42E+09,FALSE,FALSE,TRUE,FALSE,FALSE,FALSE,FALSE,FALSE,FALSE,FALSE,FALSE,FALSE,FALSE,FALSE,0.004824786,41021.86036,FALSE,FALSE,0.005163572,TRUE,FALSE
2460,1,1.24E+18,44.96083,2.77083,2851,41.7,4.3,0.26156,0.1344623,0.6646834,2460,I 277,44.96833,2.765278,44.960831,2.770833,2851,233,9.82,1,0.011382869,2460,48.34199954,10.08965,0.10907721,10.3747248,0.089566816,0.7726337,0.08956914,9.88,0.1,-9.317017,0.036707434,FALSE,0.036707434,2.11E+10,FALSE,FALSE,FALSE,FALSE,FALSE,TRUE,FALSE,FALSE,FALSE,FALSE,FALSE,FALSE,FALSE,FALSE,0.008091486,14585.28159,FALSE,FALSE,0.009509912,TRUE,FALSE
3876,1,1.24E+18,112.32333,27.9,863,24,4.4,0.1503165,0.07727443,0.4823242,3876,147-029,112.321243,27.9,112.323334,27.9,863,197,8.9,1,0.012726225,3876,61.16274214,9.31673,0.19027817,9.546573855,0.159242732,-1.5678782,0.17978534,9.42,0.17,-10.884607,0.101789431,FALSE,0.101789431,3.13E+09,FALSE,FALSE,TRUE,FALSE,FALSE,FALSE,FALSE,FALSE,FALSE,FALSE,FALSE,FALSE,FALSE,FALSE,0.002738355,127347.9453,FALSE,FALSE,0.002878658,TRUE,FALSE
3974,1,1.24E+18,115.47958,16.80305,271,8,0.8,0.1089417,0.05600454,0.3268116,3974,087-030,115.477921,16.801943,115.479584,16.803055,271,65,8.88,1,0.022672255,3974,70.9246935,6.912244,0.17965132,7.785928376,0.090741143,-2.7266152,0.6749917,8.88,0.1,-9.638859,-0.290685736,FALSE,0.290685736,1.02E+09,FALSE,FALSE,FALSE,FALSE,TRUE,FALSE,FALSE,FALSE,FALSE,FALSE,FALSE,FALSE,FALSE,FALSE,0.001531946,406897.2096,TRUE,FALSE,9.04E-04,TRUE,FALSE
4054,1,1.24E+18,117.73333,23.89583,2118,26.3,5.5,0.2382878,0.1224985,0.3081357,4054,118-015,117.732918,23.896667,117.73333,23.895834,2118,237,9.44,1,0.0144,4054,72.05314588,9.273733,0.2458194,9.410986041,0.181645121,-1.4218762,0.18659367,9.28,0.19,-10.695609,0.084221408,FALSE,0.084221408,5.54E+09,FALSE,FALSE,TRUE,FALSE,FALSE,FALSE,FALSE,FALSE,FALSE,FALSE,FALSE,FALSE,FALSE,FALSE,0.007604449,16513.37459,FALSE,FALSE,0.007064888,TRUE,FALSE
4152,1,1.24E+18,119.96709,5.6075,2616,40.1,2.4,0.06418625,0.03299674,0.7775367,4152,N2504,119.96917,5.608611,119.967087,5.6075,2616,84,9.27,1,0.010748318,4152,38.9644449,9.184277,0.066700146,9.636373604,0.0519876,-0.6076434,0.053186383,9.27,0.07,-9.79192,-0.151200505,FALSE,0.151200505,4.01E+09,FALSE,FALSE,FALSE,FALSE,TRUE,FALSE,FALSE,FALSE,FALSE,FALSE,FALSE,FALSE,FALSE,FALSE,0.007010639,19429.25888,FALSE,FALSE,0.008726037,TRUE,FALSE
4254,1,1.24E+18,122.35042,0.60944,1803,28.2,2.4,0.1169542,0.06012358,0.5877711,4254,003-015,122.350418,0.611667,122.350418,0.609444,1803,156,9.15,1,0.016099507,4254,54.00104789,9.037691,0.10707354,9.295175055,0.073928499,-1.3752345,0.0849039,9.15,0.08,-10.412926,0.040709044,FALSE,0.040709044,2.97E+09,FALSE,FALSE,FALSE,TRUE,FALSE,FALSE,FALSE,FALSE,FALSE,FALSE,FALSE,FALSE,FALSE,FALSE,0.007237484,18230.39675,FALSE,FALSE,0.006014161,TRUE,FALSE
4356,1,1.24E+18,125.36625,3.16917,2680,52,10.1,0.08517284,0.04378549,0.3628272,4356,I2327,125.367508,3.170556,125.366249,3.169167,2680,293,9.88,1,0.01138246,4356,68.72613214,9.771847,0.22126962,10.14072848,0.168706889,-0.3643717,0.16934688,9.88,0.17,-10.136218,0.070183383,FALSE,0.070183383,1.60E+10,FALSE,FALSE,FALSE,TRUE,FALSE,FALSE,FALSE,FALSE,FALSE,FALSE,FALSE,FALSE,FALSE,FALSE,0.007605894,16507.10351,FALSE,FALSE,0.008939518,TRUE,FALSE
4385,1,1.24E+18,125.96708,14.75194,1969,30.3,2.3,0.1422475,0.0731263,0.6951331,4385,089-015,125.966248,14.753612,125.967079,14.751945,1969,148,9.36,1,0.018333567,4385,45.96221431,8.905271,0.08633299,9.277120812,0.065940678,-1.36139,0.08078905,9.36,0.08,-10.266661,0.040927228,FALSE,0.040927228,3.85E+09,FALSE,FALSE,FALSE,TRUE,FALSE,FALSE,FALSE,FALSE,FALSE,FALSE,FALSE,FALSE,FALSE,FALSE,0.009000611,11787.65336,FALSE,FALSE,0.006567877,TRUE,FALSE
4394,1,1.24E+18,126.43542,27.87417,2089,32.1,4.4,0.123197,0.06333289,0.3438779,4394,I2361,126.433342,27.871944,126.435425,27.874166,2089,231,8.47,1,0.021460156,4394,69.88674537,9.509914,0.1917931,9.70876303,0.119059757,-0.65501046,0.11947711,8.49,0.13,-10.164925,0.124741116,FALSE,0.124741116,3.63E+09,FALSE,FALSE,FALSE,TRUE,FALSE,FALSE,FALSE,FALSE,FALSE,FALSE,FALSE,FALSE,FALSE,FALSE,0.011177653,7643.109808,FALSE,FALSE,0.006968154,TRUE,FALSE
4395,1,1.24E+18,126.44835,28.11778,2191,37.5,7.3,0.1033059,0.05310732,0.1550607,4395,149-024,126.448349,28.122223,126.448349,28.117779,2191,212,9.13,1,0.004800151,4395,81.07975182,9.103376,0.31046557,9.332763941,0.169092131,-1.9448732,0.30335408,9.13,0.18,-11.048249,0.083800993,FALSE,0.083800993,3.06E+09,FALSE,TRUE,FALSE,FALSE,FALSE,FALSE,FALSE,FALSE,FALSE,FALSE,FALSE,FALSE,FALSE,FALSE,0.002622265,138873.1142,FALSE,FALSE,0.007308389,TRUE,FALSE
4418,1,1.24E+18,126.86583,25.72389,2246,35.2,7.3,0.2500586,0.1285497,0.4138595,4418,119-108,126.873749,25.733055,126.865829,25.72389,2246,155,9,1,0.003243226,4418,65.55254109,8.768958,0.21937124,8.935292531,0.180150503,-2.2442143,0.36659992,9,0.18,-11.013172,0.034160181,FALSE,0.034160181,1.92E+09,FALSE,TRUE,FALSE,FALSE,FALSE,FALSE,FALSE,FALSE,FALSE,FALSE,FALSE,FALSE,FALSE,FALSE,0.001816211,289493.4877,FALSE,FALSE,0.00749185,TRUE,FALSE
4444,1,1.24E+18,127.50749,17.25917,2087,27.2,5.2,0.1226323,0.06304256,0.5373862,4444,089-034,127.506248,17.262777,127.507492,17.259167,2087,178,8.7,1,0.012802994,4444,57.49416577,9.241359,0.18862139,9.495011241,0.166055487,-1.0462447,0.16773956,8.7,0.17,-10.287603,0.102635348,FALSE,0.102635348,2.41E+09,FALSE,FALSE,FALSE,TRUE,FALSE,FALSE,FALSE,FALSE,FALSE,FALSE,FALSE,FALSE,FALSE,FALSE,0.006662133,21515.16823,FALSE,FALSE,0.006961483,TRUE,FALSE
4469,1,1.24E+18,128.34625,29.53806,2086,31.7,4.3,0.1358575,0.06984138,0.7889172,4469,N2604,128.351669,29.533888,128.346252,29.538055,2086,130,9.64,1,0.019058863,4469,37.91559504,9.159822,0.12455799,8.797945113,0.117826023,-0.98116714,0.11849815,9.65,0.12,-10.140989,-0.015957887,FALSE,0.015957887,7.25E+09,FALSE,FALSE,FALSE,TRUE,FALSE,FALSE,FALSE,FALSE,FALSE,FALSE,FALSE,FALSE,FALSE,FALSE,0.009912669,9718.29647,FALSE,FALSE,0.006958147,TRUE,FALSE
4482,1,1.24E+18,128.80792,28.75306,2051,31.7,4.3,0.1535118,0.07891706,0.2690716,4482,149-054,128.81041,28.752501,128.807922,28.753056,2051,165,8.48,1,0.015722737,4482,74.39103372,8.60171,0.21858321,8.802907271,0.117850062,-2.1010377,0.2307502,8.5,0.13,-10.702748,0.131562952,FALSE,0.131562952,8.01E+08,FALSE,FALSE,TRUE,FALSE,FALSE,FALSE,FALSE,FALSE,FALSE,FALSE,FALSE,FALSE,FALSE,FALSE,0.008040316,14771.51731,FALSE,FALSE,0.0068414,TRUE,FALSE
4484,1,1.24E+18,128.82249,28.47278,2155,19.3,3.9,0.1293555,0.06649884,0.6757261,4484,N2608,128.821671,28.474722,128.822495,28.472778,2155,212,8.54,1,0.017383917,4484,47.48947866,9.681923,0.18525349,9.884258406,0.175518057,-0.33321205,0.17553869,8.54,0.18,-10.015135,0.152064984,FALSE,0.152064984,5.27E+09,FALSE,FALSE,FALSE,TRUE,FALSE,FALSE,FALSE,FALSE,FALSE,FALSE,FALSE,FALSE,FALSE,FALSE,0.009340589,10945.17979,FALSE,FALSE,0.007188306,TRUE,FALSE
4524,1,1.24E+18,130.06041,5.635,1940,34.2,6.8,0.1086541,0.05585672,0.1844487,4524,032-050,130.06041,5.633333,130.06041,5.635,1940,158,9.28,1,0,4524,79.37107493,8.399567,0.29265574,8.732776048,0.172768285,-2.626158,0.6291048,9.28,0.18,-11.025724,-0.031328248,FALSE,0.031328248,2.79E+09,FALSE,TRUE,FALSE,FALSE,FALSE,FALSE,FALSE,FALSE,FALSE,FALSE,FALSE,FALSE,FALSE,FALSE,0,Infinity,FALSE,FALSE,0.006471143,TRUE,FALSE
4533,1,1.24E+18,130.38249,4.98111,1943,30.3,4.3,0.122755,0.06310567,0.3749101,4533,N2644,130.38208,4.979445,130.382492,4.981111,1943,213,9.24,1,0.008025533,4533,67.98130084,9.521154,0.18544821,9.90439933,0.123265355,-0.34742966,0.123365305,9.23,0.13,-9.868584,0.047329649,FALSE,0.047329649,5.63E+09,FALSE,FALSE,FALSE,FALSE,TRUE,FALSE,FALSE,FALSE,FALSE,FALSE,FALSE,FALSE,FALSE,FALSE,0.003887998,63171.23355,FALSE,FALSE,0.00648115,TRUE,FALSE
4540,1,1.24E+18,130.64542,10.58444,2047,31.8,2.2,0.1683092,0.08652408,0.7317566,4540,060-034,130.647491,10.588333,130.645416,10.584444,2047,139,9.31,1,0.020192169,4540,42.96617742,8.980468,0.077812076,9.271098614,0.060110673,-1.6515361,0.12820421,9.31,0.08,-10.632004,0.042007413,FALSE,0.042007413,3.67E+09,FALSE,FALSE,TRUE,FALSE,FALSE,FALSE,FALSE,FALSE,FALSE,FALSE,FALSE,FALSE,FALSE,FALSE,0.010305763,8991.064188,FALSE,FALSE,0.006828057,TRUE,FALSE
4541,1,1.24E+18,130.66541,14.28528,2064,31.9,4.3,0.08810776,0.04529427,0.6574215,4541,N2648,130.682495,14.280277,130.665405,14.285278,2064,390,9.04,1,0.018870958,4541,48.89652436,10.54373,0.13292517,10.01242132,0.117082542,-1.1817566,0.11862227,9.04,0.13,-11.725487,0.197312608,FALSE,0.197312608,3.64E+10,TRUE,FALSE,FALSE,FALSE,FALSE,FALSE,FALSE,FALSE,FALSE,FALSE,FALSE,FALSE,FALSE,FALSE,0.009711425,10125.2428,FALSE,FALSE,0.006884763,TRUE,FALSE
4550,1,1.24E+18,130.81624,13.08556,2067,39.6,8,0.1608188,0.08267341,0.33901,4550,060-038,130.815002,13.088333,130.816238,13.085555,2067,276,9.89,1,0.019317937,4550,70.18348988,9.941148,0.23243767,9.902364269,0.17547321,-0.39407358,0.17574754,9.89,0.18,-10.335221,0.021119853,FALSE,0.021119853,1.91E+10,FALSE,FALSE,FALSE,TRUE,FALSE,FALSE,FALSE,FALSE,FALSE,FALSE,FALSE,FALSE,FALSE,FALSE,0.009955901,9634.080798,FALSE,FALSE,0.00689477,TRUE,FALSE
4559,1,1.24E+18,131.03127,30.11917,2083,43.6,8.8,0.2053904,0.1055867,0.2783895,4559,150-021,131.037933,30.120556,131.031265,30.119167,2083,350,9.8,1,0.018948765,4559,73.83595384,10.254032,0.25112963,10.32869971,0.175311607,-0.6392826,0.17616798,9.8,0.18,-10.893314,0.080141936,FALSE,0.080141936,2.63E+10,FALSE,FALSE,TRUE,FALSE,FALSE,FALSE,FALSE,FALSE,FALSE,FALSE,FALSE,FALSE,FALSE,FALSE,0.009841233,9859.896791,FALSE,FALSE,0.00694814,TRUE,FALSE
4599,1,1.24E+18,131.92375,13.41861,2071,32,2.3,0.1046618,0.05380433,0.936428,4599,061-012,131.93042,13.41361,131.923752,13.418612,2071,148,10.04,1,0.010044313,4599,20.53993082,9.650996,0.067159936,9.658574436,0.062431107,-1.9876404,0.19368027,10.04,0.08,-11.638637,0.178808443,FALSE,0.178808443,1.91E+10,TRUE,FALSE,FALSE,FALSE,FALSE,FALSE,FALSE,FALSE,FALSE,FALSE,FALSE,FALSE,FALSE,FALSE,0.005186563,35498.66781,FALSE,FALSE,0.006908112,TRUE,FALSE
4626,1,1.24E+18,132.75458,24.31917,2732,41,2.1,0.1040312,0.05348019,0.6679318,4626,,132.75293,24.319445,132.754578,24.319168,2732,103,9.39,1,0.009741057,4626,48.0924005,8.4351225,0.075309865,8.646235611,0.045806098,-1.663606,0.22541057,9.39,0.06,-10.098728,-0.122315273,FALSE,0.122315273,3.54E+09,FALSE,FALSE,FALSE,TRUE,FALSE,FALSE,FALSE,FALSE,FALSE,FALSE,FALSE,FALSE,FALSE,FALSE,0.006635385,21688.98204,FALSE,FALSE,0.009112971,TRUE,FALSE
4684,1,1.24E+18,134.16959,0.37444,2519,39,2.3,0.1314279,0.06756418,0.7672289,4684,005-039,134.171249,0.375833,134.169586,0.374444,2519,151,9.54,1,0.020364458,4684,39.89433922,8.921072,0.06724492,9.442690452,0.051235156,-1.0385016,0.06034835,9.54,0.07,-9.959574,0.061570693,FALSE,0.061570693,5.45E+09,FALSE,FALSE,FALSE,FALSE,TRUE,FALSE,FALSE,FALSE,FALSE,FALSE,FALSE,FALSE,FALSE,FALSE,0.012790289,5837.282095,FALSE,FALSE,0.00840248,TRUE,FALSE
4732,1,1.24E+18,135.26334,11.09833,2076,32.2,2.1,0.09827565,0.05052136,0.7553738,4732,N2725,135.262497,11.095278,135.263336,11.098333,2076,186,9.09,1,0.01778529,4732,40.94199227,9.220258,0.07251416,9.415994661,0.056651085,-0.9602321,0.05874492,9.09,0.07,-10.18049,0.197265013,FALSE,0.197265013,3.30E+09,FALSE,FALSE,FALSE,TRUE,FALSE,FALSE,FALSE,FALSE,FALSE,FALSE,FALSE,FALSE,FALSE,FALSE,0.009205929,11267.72212,FALSE,FALSE,0.006924791,TRUE,FALSE
4741,1,1.24E+18,135.53459,8.30111,2582,25.9,5.6,0.2203816,0.1132934,0.5944781,4741,N2731,135.531677,8.298056,135.534592,8.301111,2582,147,8.56,1,0.007982445,4741,53.52460924,9.350606,0.20274173,9.771881378,0.187803134,-0.4414232,0.18784569,8.56,0.19,-9.792029,0.026882088,FALSE,0.026882088,2.72E+09,FALSE,FALSE,FALSE,FALSE,TRUE,FALSE,FALSE,FALSE,FALSE,FALSE,FALSE,FALSE,FALSE,FALSE,0.005138916,36159.99675,FALSE,FALSE,0.008612625,TRUE,FALSE
4744,1,1.24E+18,135.66084,25.93389,2450,40.2,4.2,0.1284684,0.0660428,0.4176833,4744,N2735,135.661255,25.936388,135.660843,25.933887,2450,383,9.72,1,0.014524852,4744,65.31164447,10.266515,0.15351906,10.32834638,0.090748164,-0.5221747,0.09131763,9.79,0.1,-10.78869,0.147111652,FALSE,0.147111652,2.55E+10,FALSE,FALSE,TRUE,FALSE,FALSE,FALSE,FALSE,FALSE,FALSE,FALSE,FALSE,FALSE,FALSE,FALSE,0.008872727,12129.89741,FALSE,FALSE,0.00817232,TRUE,FALSE
4760,1,1.24E+18,136.22583,25.00333,2986,40.2,4.3,0.1179044,0.06061209,0.599955,4760,N2743,136.229172,25.002777,136.22583,25.003334,2986,178,9.08,1,0.0144,4760,53.13337005,9.930813,0.11932586,10.01373647,0.092909805,-0.49485144,0.09372777,8.99,0.1,-10.425664,-0.030338892,FALSE,0.030338892,1.01E+10,FALSE,FALSE,FALSE,TRUE,FALSE,FALSE,FALSE,FALSE,FALSE,FALSE,FALSE,FALSE,FALSE,FALSE,0.010720909,8308.222857,FALSE,FALSE,0.009960224,TRUE,FALSE
4764,1,1.24E+18,136.36,25.55028,2939,40.2,4.2,0.1223424,0.06289353,0.5657183,4764,121-015,136.35582,25.550554,136.360001,25.550278,2939,148,9.51,1,0.00789868,4764,55.5478607,8.846613,0.122697115,9.176780068,0.09076671,-0.96154815,0.095042475,9.43,0.1,-9.808161,-0.047146358,FALSE,0.047146358,5.01E+09,FALSE,FALSE,FALSE,FALSE,TRUE,FALSE,FALSE,FALSE,FALSE,FALSE,FALSE,FALSE,FALSE,FALSE,0.005788065,28503.91519,FALSE,FALSE,0.009803449,TRUE,FALSE
4769,1,1.24E+18,136.44916,25.43694,2674,40.2,4.2,0.1172953,0.06029896,0.7627907,4769,N2750,136.460403,25.440832,136.449158,25.436943,2674,142,9.93,1,0.0126062,4769,40.28919267,9.534387,0.10097062,10.05127195,0.09074828,0.55983746,0.090751655,9.93,0.1,-8.974549,-0.076811731,FALSE,0.076811731,1.47E+10,FALSE,FALSE,FALSE,FALSE,FALSE,FALSE,TRUE,FALSE,FALSE,FALSE,FALSE,FALSE,FALSE,FALSE,0.008404752,13518.28308,FALSE,FALSE,0.008919504,TRUE,FALSE
4774,1,1.24E+18,136.57375,25.58306,2980,44.6,2.3,0.1155578,0.05940576,0.5774143,4774,121-018,136.575012,25.586111,136.573746,25.583055,2980,142,9.4,1,0.022196713,4774,54.73116321,8.660405,0.09150786,9.04353958,0.044945061,-2.0538247,0.33595842,9.39,0.06,-10.71423,-0.030827347,FALSE,0.030827347,3.80E+09,FALSE,FALSE,TRUE,FALSE,FALSE,FALSE,FALSE,FALSE,FALSE,FALSE,FALSE,FALSE,FALSE,FALSE,0.016492415,3510.773946,FALSE,FALSE,0.00994021,TRUE,FALSE
4781,1,1.24E+18,136.64375,6.30306,1440,25.6,5.2,0.1460655,0.07508905,0.3272661,4781,033-059,136.646255,6.300834,136.643753,6.303056,1440,146,9.44,1,0.017960905,4781,70.89713725,8.327803,0.2362511,8.686733552,0.176454684,-2.1901999,0.2525813,9.44,0.18,-10.5180025,-0.084426697,FALSE,0.084426697,3.88E+09,FALSE,FALSE,TRUE,FALSE,FALSE,FALSE,FALSE,FALSE,FALSE,FALSE,FALSE,FALSE,FALSE,FALSE,0.006448668,22963.14206,FALSE,FALSE,0.004803323,TRUE,FALSE
4820,1,1.24E+18,137.58376,7.03833,1353,22.3,4.3,0.142188,0.07309576,0.8514237,4820,N2775,137.585007,7.036111,137.583755,7.038333,1353,409,8.55,1,0.020875232,4820,31.63316859,10.133142,0.1706454,7.940892888,0.167524007,-2.6819148,0.2871701,8.58,0.17,-12.815058,0.478715718,TRUE,0.478715718,1.41E+10,TRUE,FALSE,FALSE,FALSE,FALSE,FALSE,FALSE,TRUE,FALSE,FALSE,FALSE,FALSE,FALSE,FALSE,0.007042201,19255.48729,TRUE,TRUE,0.004513122,FALSE,TRUE
4823,1,1.24E+18,137.67416,7.20639,1499,22.3,4.3,0.1416068,0.07279696,0.6311345,4823,N2777,137.670013,7.204166,137.674164,7.206388,1499,107,9.06,1,0.01599803,4823,50.86616939,8.643585,0.18104693,9.126761724,0.167486824,-1.0846853,0.16783363,9,0.17,-9.728271,-0.060043652,FALSE,0.060043652,1.97E+09,FALSE,FALSE,FALSE,FALSE,TRUE,FALSE,FALSE,FALSE,FALSE,FALSE,FALSE,FALSE,FALSE,FALSE,0.00597926,26710.1575,FALSE,FALSE,0.005000126,TRUE,FALSE
4845,1,1.24E+18,138.10709,9.95528,2112,34.8,7.4,0.2692079,0.1383939,0.3661114,4845,062-005,138.107086,9.951667,138.107086,9.955277,2112,230,9.73,1,0.017827018,4845,68.52406171,9.229421,0.2330227,9.491874175,0.184702104,-0.9400389,0.1863504,9.73,0.19,-10.169459,0.030096231,FALSE,0.030096231,8.84E+09,FALSE,FALSE,FALSE,TRUE,FALSE,FALSE,FALSE,FALSE,FALSE,FALSE,FALSE,FALSE,FALSE,FALSE,0.009387543,10835.96253,FALSE,FALSE,0.007044874,TRUE,FALSE
4853,1,1.24E+18,138.255,20.36444,2628,39.9,2.4,0.1403017,0.07212604,0.8753586,4853,121-035,138.255829,20.365833,138.255005,20.364445,2628,59,9.4,1,0.024673153,4853,28.91258016,9.135765,0.06012684,9.444732066,0.052273018,-1.428479,0.11895822,9.4,0.07,-10.564244,-0.208013195,FALSE,0.208013195,4.71E+09,FALSE,FALSE,TRUE,FALSE,FALSE,FALSE,FALSE,FALSE,FALSE,FALSE,FALSE,FALSE,FALSE,FALSE,0.016166996,3653.530211,FALSE,FALSE,0.008766064,TRUE,FALSE
4854,1,1.24E+18,138.30208,31.8075,1895,28.9,2.2,0.06715341,0.03452209,0.465646,4854,I2445,138.304993,31.8025,138.302078,31.807499,1895,176,9.14,1,0.007099216,4854,62.24801451,8.76531,0.1272469,8.98330068,0.06613229,-1.7835554,0.10100094,9.14,0.08,-10.548865,0.076412637,FALSE,0.076412637,2.42E+09,FALSE,FALSE,TRUE,FALSE,FALSE,FALSE,FALSE,FALSE,FALSE,FALSE,FALSE,FALSE,FALSE,FALSE,0.003354277,84873.77506,FALSE,FALSE,0.00632104,TRUE,FALSE
4878,1,1.24E+18,138.86166,31.40167,1874,28.7,2.3,0.06287427,0.03232228,0.2378813,4878,,138.861664,31.4025,138.861664,31.401667,1874,140,9.07,1,0.01636174,4878,76.23853776,8.220102,0.2127483,8.405431935,0.069906395,-2.3586218,0.30525762,9.07,0.08,-10.578724,-0.026934552,FALSE,0.026934552,1.73E+09,FALSE,FALSE,TRUE,FALSE,FALSE,FALSE,FALSE,FALSE,FALSE,FALSE,FALSE,FALSE,FALSE,FALSE,0.007645016,16338.59024,FALSE,FALSE,0.006250991,TRUE,FALSE
4902,1,1.24E+18,139.27209,25.42861,1675,26.1,2.3,0.1108935,0.05700792,0.4794672,4902,121-049,139.273758,25.436388,139.272095,25.42861,1675,69,8.27,1,0.016256178,4902,61.34944203,9.357467,0.12984523,9.621857008,0.076543111,-0.29401854,0.07659643,8.27,0.09,-9.651485,-0.331289132,TRUE,0.331289132,2.53E+09,FALSE,FALSE,FALSE,FALSE,TRUE,FALSE,FALSE,FALSE,FALSE,FALSE,FALSE,TRUE,FALSE,FALSE,0.006789106,20717.92295,TRUE,FALSE,0.005587199,FALSE,TRUE
4988,1,1.24E+18,140.81332,34.73417,1577,25.6,4.3,0.05967152,0.03067582,0.6735752,4988,181-037,140.817505,34.735832,140.813324,34.734165,1577,140,8.53,1,0.021541661,4988,47.65643645,8.729143,0.15754244,8.899718018,0.145910474,-1.919074,0.186091,8.57,0.15,-10.648217,0.152587142,FALSE,0.152587142,9.87E+08,FALSE,FALSE,TRUE,FALSE,FALSE,FALSE,FALSE,FALSE,FALSE,FALSE,FALSE,FALSE,FALSE,FALSE,0.008470133,13310.39572,FALSE,FALSE,0.005260306,TRUE,FALSE
5001,1,1.24E+18,141.0775,34.51333,1672,25.6,4.4,0.0665572,0.0342156,0.8299654,5001,N2859,141.089981,34.523335,141.077499,34.513332,1672,311,8.6,1,0.007787131,5001,33.90484473,10.558677,0.15329087,9.958175965,0.149288734,-1.5382085,0.15153684,8.59,0.16,-12.096886,0.228736947,FALSE,0.228736947,3.67E+10,TRUE,FALSE,FALSE,FALSE,FALSE,FALSE,FALSE,FALSE,FALSE,FALSE,FALSE,FALSE,FALSE,FALSE,0.003246333,90611.89659,FALSE,FALSE,0.005577192,TRUE,FALSE
5015,1,1.24E+18,141.45001,34.27694,1648,25.6,4.4,0.05712961,0.02936908,0.683877,5015,181-043,141.453339,34.273888,141.450012,34.276943,1648,127,8.88,1,0.01233033,5015,46.85268613,8.709816,0.15997747,8.897090455,0.149301534,-1.8696752,0.18387304,8.88,0.16,-10.579491,0.068861257,FALSE,0.068861257,1.52E+09,FALSE,FALSE,TRUE,FALSE,FALSE,FALSE,FALSE,FALSE,FALSE,FALSE,FALSE,FALSE,FALSE,FALSE,0.005066537,37200.51171,FALSE,FALSE,0.005497136,TRUE,FALSE
5020,1,1.24E+18,141.50626,34.65334,1624,32.1,6.4,0.07151907,0.03676639,0.2499825,5020,181-044,141.505844,34.646389,141.506256,34.653336,1624,191,9.2,1,0.018646098,5020,75.52358716,9.188727,0.2602514,9.332940962,0.173180612,-1.7150347,0.21503446,9.2,0.18,-10.903762,0.028119815,FALSE,0.028119815,3.65E+09,FALSE,FALSE,TRUE,FALSE,FALSE,FALSE,FALSE,FALSE,FALSE,FALSE,FALSE,FALSE,FALSE,FALSE,0.007550111,16751.9263,FALSE,FALSE,0.005417081,TRUE,FALSE
5023,1,1.24E+18,141.505,19.38305,2528,38.6,2.2,0.1124092,0.05778712,0.8729493,5023,091-094,141.501678,19.378889,141.505005,19.383055,2528,172,9.06,1,0.024744955,5023,29.19682738,7.8618,0.057930555,8.50069828,0.049597991,-0.39059877,0.04969725,9.06,0.07,-8.252399,0.369973646,TRUE,0.369973646,1.60E+09,FALSE,FALSE,FALSE,FALSE,FALSE,FALSE,TRUE,FALSE,FALSE,FALSE,FALSE,FALSE,FALSE,TRUE,0.015597072,3925.41206,TRUE,FALSE,0.0084325,FALSE,TRUE
5030,1,1.24E+18,141.65001,7.95361,2151,36,7.1,0.1688746,0.08681473,0.4108379,5030,N2882,141.646255,7.956388,141.650009,7.953611,2151,284,9.07,1,0.005066741,5030,65.74257429,10.050085,0.2127772,10.2494743,0.171305193,-0.14803971,0.17138942,9.07,0.18,-10.198125,0.090499744,FALSE,0.090499744,1.28E+10,FALSE,FALSE,FALSE,TRUE,FALSE,FALSE,FALSE,FALSE,FALSE,FALSE,FALSE,FALSE,FALSE,FALSE,0.002717368,129322.6211,FALSE,FALSE,0.007174964,TRUE,FALSE
5060,1,1.24E+18,142.57083,29.54,1730,26.9,2.3,0.07661632,0.03938678,0.6369165,5060,N2893,142.569168,29.541388,142.570831,29.539999,1730,149,8.84,1,0.004771759,5060,50.43776954,9.618512,0.099913605,9.883917727,0.07426608,0.24456082,0.0742699,8.84,0.09,-9.373951,-0.016467607,FALSE,0.016467607,5.07E+09,FALSE,FALSE,FALSE,FALSE,FALSE,TRUE,FALSE,FALSE,FALSE,FALSE,FALSE,FALSE,FALSE,FALSE,0.002058278,225404.9865,FALSE,FALSE,0.005770659,TRUE,FALSE
5081,1,1.24E+18,143.02626,8.44111,2140,44.9,9.3,0.1560795,0.08023707,0.5712052,5081,N2906,143.025421,8.448055,143.02626,8.441112,2140,337,9.36,1,0.0072,5081,55.16573575,10.69027,0.19757867,9.896062831,0.179908248,-0.99218947,0.18143177,9.36,0.19,-11.68246,0.057985084,FALSE,0.057985084,5.21E+10,TRUE,FALSE,FALSE,FALSE,FALSE,FALSE,FALSE,FALSE,FALSE,FALSE,FALSE,FALSE,FALSE,FALSE,0.003841719,64702.36999,FALSE,FALSE,0.007138272,TRUE,FALSE
5102,1,1.24E+18,143.69791,10.28306,2427,41.7,8.5,0.09562644,0.04915946,0.363958,5102,N2919,143.696671,10.289445,143.697906,10.283055,2427,313,9.44,1,0.022907471,5102,68.65658768,10.05475,0.2274331,10.30355208,0.177050677,-0.34361327,0.1773061,9.44,0.18,-10.398364,0.106042085,FALSE,0.106042085,1.50E+10,FALSE,FALSE,FALSE,TRUE,FALSE,FALSE,FALSE,FALSE,FALSE,FALSE,FALSE,FALSE,FALSE,FALSE,0.013862011,4969.570829,FALSE,FALSE,0.008095601,TRUE,FALSE
5107,1,1.24E+18,143.78041,5.11944,2009,32.8,6.7,0.1320446,0.06788125,0.3329752,5107,035-009,143.783325,5.116667,143.780411,5.119444,2009,174,9.35,1,0.014839704,5107,70.55060174,8.722315,0.23541784,9.009971737,0.177443433,-1.5185441,0.19326401,9.35,0.18,-10.240859,0.003604193,FALSE,0.003604193,3.51E+09,FALSE,FALSE,FALSE,TRUE,FALSE,FALSE,FALSE,FALSE,FALSE,FALSE,FALSE,FALSE,FALSE,FALSE,0.007433349,17282.33336,FALSE,FALSE,0.006701303,TRUE,FALSE
5167,1,1.24E+18,145.22459,5.16611,1958,31.1,5.8,0.1909627,0.09816972,0.7790464,5167,N2962,145.227936,5.167778,145.224594,5.166111,1958,414,9.03,1,0.014786438,5167,38.82668538,10.503923,0.16744503,9.83442926,0.161987676,-1.4861643,0.16599989,9.03,0.17,-11.9900875,0.312743974,TRUE,0.312743974,3.33E+10,TRUE,FALSE,FALSE,FALSE,FALSE,FALSE,FALSE,TRUE,FALSE,FALSE,FALSE,FALSE,FALSE,FALSE,0.007218643,18325.68513,TRUE,FALSE,0.006531185,FALSE,TRUE
5181,1,1.24E+18,145.54834,4.67333,2041,31.2,4.2,0.154497,0.07942351,0.5701388,5181,N2966,145.554581,4.681389,145.54834,4.673333,2041,243,9.3,1,0.0108,5181,55.24014139,9.936917,0.14263093,10.27896305,0.116925478,0.5564075,0.11692719,9.29,0.13,-9.380509,0.081399378,FALSE,0.081399378,1.13E+10,FALSE,FALSE,FALSE,FALSE,FALSE,TRUE,FALSE,FALSE,FALSE,FALSE,FALSE,FALSE,FALSE,FALSE,0.005495992,31613.98246,FALSE,FALSE,0.006808043,TRUE,FALSE
5183,1,1.24E+18,145.72583,31.84667,1315,21.9,4.3,0.04460173,0.02292877,0.3499967,5183,N2964,145.732498,31.850555,145.72583,31.846668,1315,303,9.31,1,0.0072,5183,69.51294544,8.019378,0.22566162,8.321632116,0.170762689,-1.890353,0.292608,9.35,0.18,-9.909731,0.270965758,FALSE,0.270965758,2.82E+09,FALSE,FALSE,FALSE,FALSE,TRUE,FALSE,FALSE,FALSE,FALSE,FALSE,FALSE,FALSE,FALSE,FALSE,0.002360682,171354.7824,TRUE,FALSE,0.004386368,TRUE,FALSE
5186,1,1.24E+18,145.74583,33.26667,549,8.3,2.2,0.04460173,0.02292877,0.3499967,5186,,145.753326,33.263054,145.745834,33.266666,549,37,7.38,1,0.018770375,5186,69.51294544,7.1766458,0.273574,7.478900071,0.230389803,-2.733085,0.33096677,7.38,0.24,-9.909731,-0.197557852,FALSE,0.197557852,4.69E+07,FALSE,FALSE,FALSE,FALSE,TRUE,FALSE,FALSE,FALSE,FALSE,FALSE,FALSE,FALSE,FALSE,FALSE,0.002569358,144651.2334,FALSE,FALSE,0.001831267,TRUE,FALSE
5228,1,1.24E+18,146.515,1.66806,1872,29.3,4.3,0.5446824,0.2800093,0.303396,5228,007-031,146.517487,1.669722,146.514999,1.668056,1872,262,9.57,1,0.01484281,5228,72.33837168,9.59397,0.21182439,9.899473023,0.127472465,-0.54622686,0.12768178,9.58,0.14,-10.140197,0.076031149,FALSE,0.076031149,8.87E+09,FALSE,FALSE,FALSE,TRUE,FALSE,FALSE,FALSE,FALSE,FALSE,FALSE,FALSE,FALSE,FALSE,FALSE,0.006927895,19896.13794,FALSE,FALSE,0.00624432,TRUE,FALSE
5238,1,1.24E+18,146.72415,0.50722,1779,29.4,5.9,0.6026745,0.3098218,0.3703253,5238,007-033,146.725418,0.511667,146.724152,0.507222,1779,212,9.66,1,0.010182138,5238,68.26437689,9.0810175,0.22496335,9.258945657,0.174312292,-1.439543,0.18090658,9.66,0.18,-10.52056,0.016480627,FALSE,0.016480627,7.28E+09,FALSE,FALSE,TRUE,FALSE,FALSE,FALSE,FALSE,FALSE,FALSE,FALSE,FALSE,FALSE,FALSE,FALSE,0.004516419,46814.7679,FALSE,FALSE,0.005934105,TRUE,FALSE
5242,1,1.24E+18,146.77251,0.96306,1857,29.2,4.3,0.518223,0.2664071,0.5400873,5242,M+025016,146.775421,0.97,146.772507,0.963056,1857,110,9.31,1,0.017999085,5242,57.31046648,8.454732,0.15704934,8.502430762,0.128002733,-1.8897969,0.17732678,9.32,0.14,-10.344529,-0.129301417,FALSE,0.129301417,3.00E+09,FALSE,FALSE,FALSE,TRUE,FALSE,FALSE,FALSE,FALSE,FALSE,FALSE,FALSE,FALSE,FALSE,FALSE,0.008333773,13749.53672,FALSE,FALSE,0.006194285,TRUE,FALSE
5249,1,1.24E+18,146.93877,2.62639,1874,26.6,5.1,0.1854885,0.09535558,0.1961614,5249,035-058,146.937912,2.635833,146.938766,2.626389,1874,206,9.46,1,0.014828506,5249,78.68748913,9.11946,0.28227243,9.131305346,0.166538913,-1.2368883,0.16974829,9.46,0.17,-10.356348,0.018098409,FALSE,0.018098409,5.15E+09,FALSE,FALSE,FALSE,TRUE,FALSE,FALSE,FALSE,FALSE,FALSE,FALSE,FALSE,FALSE,FALSE,FALSE,0.006928613,19892.01421,FALSE,FALSE,0.006250991,TRUE,FALSE
5251,1,1.24E+18,147.14917,33.42111,1480,19.6,3.9,0.04348709,0.02235576,0.3955594,5251,N3003,147.143341,33.418335,147.14917,33.421112,1480,274,9.88,1,0.0072,5251,66.69918937,9.429628,0.21691029,8.769833055,0.172831948,-0.88531667,0.17286359,9.88,0.18,-10.314945,0.071793676,FALSE,0.071793676,1.28E+10,FALSE,FALSE,FALSE,TRUE,FALSE,FALSE,FALSE,FALSE,FALSE,FALSE,FALSE,FALSE,FALSE,FALSE,0.00265689,135277.1063,FALSE,FALSE,0.004936749,TRUE,FALSE
5259,1,1.24E+18,147.4225,32.22055,1548,24.4,2.3,0.05480599,0.02817456,0.8039036,5259,N3011,147.428329,32.215557,147.422501,32.220554,1548,148,8.42,1,0.01471855,5259,36.49552846,9.369748,0.09021753,9.434234629,0.081875705,-1.3194188,0.084631205,8.42,0.1,-10.689167,0.162085945,FALSE,0.162085945,2.69E+09,FALSE,FALSE,TRUE,FALSE,FALSE,FALSE,FALSE,FALSE,FALSE,FALSE,FALSE,FALSE,FALSE,FALSE,0.005680876,29589.71353,FALSE,FALSE,0.005163572,TRUE,FALSE
5265,1,1.24E+18,147.42291,0.62111,1887,29.2,4.4,0.2144184,0.1102278,0.3679466,5265,N3018,147.435425,0.626389,147.422913,0.621111,1887,136,9.61,1,0.011383598,5265,68.41102338,8.997394,0.19257464,9.47258457,0.130883958,-0.60894364,0.13099538,9.61,0.14,-9.606338,-0.1629113,FALSE,0.1629113,6.41E+09,FALSE,FALSE,FALSE,FALSE,TRUE,FALSE,FALSE,FALSE,FALSE,FALSE,FALSE,FALSE,FALSE,FALSE,0.005355879,33289.6958,FALSE,FALSE,0.006294354,TRUE,FALSE
5269,1,1.24E+18,147.46834,0.61833,1887,29.2,4.4,0.2042003,0.1049749,0.8077415,5269,N3023,147.473328,0.625,147.468338,0.618333,1887,136,9.61,1,0.012979752,5269,36.12417737,9.412855,0.1363766,9.661274756,0.130884099,-0.59948266,0.13108198,9.61,0.14,-10.012338,0.010893316,FALSE,0.010893316,8.01E+09,FALSE,FALSE,FALSE,TRUE,FALSE,FALSE,FALSE,FALSE,FALSE,FALSE,FALSE,FALSE,FALSE,FALSE,0.006106855,25605.66969,FALSE,FALSE,0.006294354,TRUE,FALSE
5271,1,1.24E+18,147.52792,12.81278,1439,21.7,4.6,0.1229387,0.0632001,0.3626103,5271,N3020,147.534149,12.809167,147.527924,12.812778,1439,215,9.63,1,0.015779797,5271,68.73946778,8.897219,0.23316759,9.398995843,0.184125824,-0.6106325,0.18420768,9.63,0.19,-9.507852,0.034157994,FALSE,0.034157994,6.46E+09,FALSE,FALSE,FALSE,FALSE,TRUE,FALSE,FALSE,FALSE,FALSE,FALSE,FALSE,FALSE,FALSE,FALSE,0.005661631,29791.22192,FALSE,FALSE,0.004799987,TRUE,FALSE
5272,1,1.24E+18,147.59291,31.48778,520,7.1,0.7,0.07309149,0.03757473,0.4117765,5272,152-072,147.595001,31.485834,147.592911,31.487778,520,80,8.3,1,0.007827153,5272,65.68357477,7.664376,0.15193129,7.668062219,0.085741399,-2.8690617,0.1417783,8.3,0.1,-10.533438,-0.056230712,FALSE,0.056230712,3.12E+08,FALSE,FALSE,TRUE,FALSE,FALSE,FALSE,FALSE,FALSE,FALSE,FALSE,FALSE,FALSE,FALSE,FALSE,0.001014814,927253.3151,FALSE,FALSE,0.001734533,TRUE,FALSE
5275,1,1.24E+18,147.61334,12.76528,1419,22.9,4.2,0.110724,0.05692079,0.2969557,5275,N3024,147.602493,12.775,147.613342,12.765278,1419,245,9.59,1,0.010057289,5275,72.7252146,9.02875,0.23335594,9.401603281,0.159305343,-0.918962,0.15966815,9.59,0.17,-9.947712,0.08408081,FALSE,0.08408081,6.24E+09,FALSE,FALSE,FALSE,FALSE,TRUE,FALSE,FALSE,FALSE,FALSE,FALSE,FALSE,FALSE,FALSE,FALSE,0.003558301,75419.92177,FALSE,FALSE,0.004733275,TRUE,FALSE
5279,1,1.24E+18,147.73041,28.55083,1484,24,4.3,0.06959762,0.03577862,0.2513577,5279,N3026,147.728745,28.551111,147.730408,28.550833,1484,213,9.19,1,0.012515528,5279,75.4421953,9.228672,0.24834687,9.57511809,0.155623104,-1.0181718,0.15692373,9.2,0.16,-10.246843,0.072670047,FALSE,0.072670047,3.75E+09,FALSE,FALSE,FALSE,TRUE,FALSE,FALSE,FALSE,FALSE,FALSE,FALSE,FALSE,FALSE,FALSE,FALSE,0.004630868,44529.37239,FALSE,FALSE,0.004950091,TRUE,FALSE
5280,1,1.24E+18,147.73917,33.55389,1537,28.6,6.1,0.04460806,0.02293203,0.568,5280,N3021,147.738327,33.551388,147.739166,33.553886,1537,247,9.46,1,0.018744904,5280,55.38916969,9.984851,0.20260775,9.53241539,0.185258533,-0.90613014,0.18538654,9.46,0.19,-10.890981,0.068467791,FALSE,0.068467791,1.35E+10,FALSE,FALSE,TRUE,FALSE,FALSE,FALSE,FALSE,FALSE,FALSE,FALSE,FALSE,FALSE,FALSE,FALSE,0.007183505,18505.40321,FALSE,FALSE,0.00512688,TRUE,FALSE
5287,1,1.24E+18,147.86751,32.94278,1470,31.8,6.2,0.04562987,0.02345731,0.7700821,5287,182-026,147.869171,32.935833,147.867508,32.94278,1470,142,9.04,1,0.006042341,5287,39.63877155,8.979614,0.17467777,9.478785992,0.169375236,-1.4981916,0.18975556,9.04,0.18,-10.477806,0.125602695,FALSE,0.125602695,2.41E+09,FALSE,FALSE,FALSE,TRUE,FALSE,FALSE,FALSE,FALSE,FALSE,FALSE,FALSE,FALSE,FALSE,FALSE,0.002214634,194700.7376,FALSE,FALSE,0.004903392,TRUE,FALSE
5292,1,1.24E+18,148.03416,29.23583,1543,21.9,2.3,0.05535128,0.02845488,0.8397554,5292,N3032,148.036667,29.238333,148.034164,29.235834,1543,123,8.12,1,0.019111681,5292,32.8857283,8.2158165,0.09709975,9.401949041,0.091221743,-0.74354714,0.09127772,8.12,0.11,-8.959364,0.346073325,TRUE,0.346073325,3.40E+08,FALSE,FALSE,FALSE,FALSE,FALSE,FALSE,TRUE,FALSE,FALSE,FALSE,FALSE,FALSE,FALSE,TRUE,0.007352654,17663.75778,TRUE,FALSE,0.005146894,FALSE,TRUE
5303,1,1.24E+18,148.28,16.67722,1411,25.1,5.2,0.1129146,0.05804694,0.7251095,5303,N3041,148.278336,16.684999,148.279999,16.677221,1411,276,9.42,1,0.004985243,5303,43.52207906,9.887043,0.18687415,9.015362935,0.179947185,-1.5092618,0.18181571,9.42,0.18,-11.396305,0.214250825,FALSE,0.214250825,1.12E+10,FALSE,TRUE,FALSE,FALSE,FALSE,FALSE,FALSE,FALSE,FALSE,FALSE,FALSE,FALSE,FALSE,FALSE,0.001753851,310445.9769,FALSE,FALSE,0.004706589,TRUE,FALSE
5311,1,1.24E+18,148.42041,1.57917,1290,20.2,3.8,0.08330974,0.04282771,0.1741087,5311,N3044,148.425842,1.578056,148.42041,1.579167,1290,320,9.68,1,0.0108,5311,79.97327341,9.491222,0.2941717,9.112527557,0.163398031,-0.41710663,0.16340332,9.68,0.17,-9.908329,0.141519134,FALSE,0.141519134,9.46E+09,FALSE,FALSE,FALSE,FALSE,TRUE,FALSE,FALSE,FALSE,FALSE,FALSE,FALSE,FALSE,FALSE,FALSE,0.003473704,79138.13236,FALSE,FALSE,0.004302977,TRUE,FALSE
5325,1,1.24E+18,148.70708,9.27111,1497,19.3,3.8,0.1270091,0.0652926,0.3183888,5325,N3049,148.708328,9.271667,148.707077,9.271111,1497,203,9.08,1,0.011250448,5325,71.43454605,9.150768,0.2348406,8.822803633,0.171017856,-0.35211626,0.17102121,9.08,0.18,-9.502885,0.084630819,FALSE,0.084630819,3.01E+09,FALSE,FALSE,FALSE,FALSE,TRUE,FALSE,FALSE,FALSE,FALSE,FALSE,FALSE,FALSE,FALSE,FALSE,0.004199242,54153.86953,FALSE,FALSE,0.004993455,TRUE,FALSE
5326,1,1.24E+18,148.85292,33.26278,1412,23.8,4.4,0.05256592,0.02702299,0.849988,5326,182-035,148.854584,33.260834,148.852921,33.262779,1412,102,8.73,1,0.00469268,5326,31.78966263,8.918033,0.16379179,9.002973728,0.160587389,-2.1481755,0.23108259,8.78,0.16,-11.066208,0.113626108,FALSE,0.113626108,1.54E+09,FALSE,TRUE,FALSE,FALSE,FALSE,FALSE,FALSE,FALSE,FALSE,FALSE,FALSE,FALSE,FALSE,FALSE,0.001652095,349865.7704,FALSE,FALSE,0.004709925,TRUE,FALSE
5328,1,1.24E+18,148.82501,4.27,1821,27.4,5.3,0.1688141,0.08678361,0.5102875,5328,N3055,148.824585,4.270556,148.825012,4.27,1821,266,9.34,1,0.007180015,5328,59.31706823,9.734772,0.19385383,9.304077653,0.168011913,-0.121268526,0.16801639,9.34,0.17,-9.85604,0.133810388,FALSE,0.133810388,8.34E+09,FALSE,FALSE,FALSE,FALSE,TRUE,FALSE,FALSE,FALSE,FALSE,FALSE,FALSE,FALSE,FALSE,FALSE,0.003259978,89854.97624,FALSE,FALSE,0.006074202,TRUE,FALSE
5335,1,1.24E+18,149.08501,27.2275,1243,20.2,2.3,0.06922225,0.03558565,0.8438885,5335,I2520,149.082077,27.2325,149.085007,27.227501,1243,157,8.93,1,0.010255919,5335,32.44698471,9.2456875,0.104179084,9.595884796,0.098898843,-0.48429635,0.0989208,8.93,0.11,-9.729984,0.22470067,FALSE,0.22470067,2.89E+09,FALSE,FALSE,FALSE,FALSE,TRUE,FALSE,FALSE,FALSE,FALSE,FALSE,FALSE,FALSE,FALSE,FALSE,0.003178521,94519.4763,FALSE,FALSE,0.004146202,TRUE,FALSE
5347,1,1.24E+18,149.31874,4.52806,2153,39.3,7.3,0.198355,0.1019699,0.1615231,5347,036-008,149.316666,4.523333,149.318741,4.528055,2153,211,9.36,1,0.01835427,5347,80.70475472,9.131325,0.30163604,9.454876887,0.161344077,-1.1287444,0.16718327,9.36,0.17,-10.260069,0.042873904,FALSE,0.042873904,4.40E+09,FALSE,FALSE,FALSE,TRUE,FALSE,FALSE,FALSE,FALSE,FALSE,FALSE,FALSE,FALSE,FALSE,FALSE,0.009852818,9836.722878,FALSE,FALSE,0.007181635,TRUE,FALSE
5351,1,1.24E+18,149.58749,32.37,1467,17,3.3,0.04893589,0.02515687,0.382643,5351,N3067,149.599579,32.365276,149.587494,32.369999,1467,277,8.94,1,0.012683967,5351,67.50256447,9.782746,0.21640694,9.078825261,0.168608509,-0.66417104,0.16861576,8.66,0.17,-10.446918,0.135901669,FALSE,0.135901669,7.22E+09,FALSE,FALSE,FALSE,TRUE,FALSE,FALSE,FALSE,FALSE,FALSE,FALSE,FALSE,FALSE,FALSE,FALSE,0.004639429,44365.18469,FALSE,FALSE,0.004893385,TRUE,FALSE
5358,1,1.24E+18,149.69624,11.38806,2913,44.5,2.3,0.1178211,0.06056924,0.4005124,5358,064-014,149.694565,11.390833,149.696243,11.388056,2913,203,9.49,1,0.017873234,5358,66.38984109,9.05682,0.13696307,9.257857279,0.044945638,-1.1257985,0.06634099,9.49,0.06,-10.182618,0.039137869,FALSE,0.039137869,5.25E+09,FALSE,FALSE,FALSE,TRUE,FALSE,FALSE,FALSE,FALSE,FALSE,FALSE,FALSE,FALSE,FALSE,FALSE,0.012981442,5666.63809,FALSE,FALSE,0.009716722,TRUE,FALSE
5376,1,1.24E+18,150.11292,3.37417,2052,32.4,4.3,0.08126932,0.04177878,0.3139933,5376,036-014,150.113754,3.376111,150.112915,3.374167,2052,372,9.52,1,0.020964676,5376,71.70000963,10.000571,0.19956027,9.795087767,0.115275735,-0.09922389,0.115284,9.54,0.12,-10.099795,0.177074379,FALSE,0.177074379,1.44E+10,FALSE,FALSE,FALSE,TRUE,FALSE,FALSE,FALSE,FALSE,FALSE,FALSE,FALSE,FALSE,FALSE,FALSE,0.010726174,8300.069054,FALSE,FALSE,0.006844735,TRUE,FALSE
5377,1,1.24E+18,150.13126,3.20528,2141,32.4,4.3,0.08059102,0.04143008,0.8160913,5377,036-015,150.131668,3.203889,150.131256,3.205278,2141,150,9.11,1,0.016079544,5377,35.30461932,9.039187,0.12086371,9.264301252,0.115290689,-1.618427,0.1640599,9.09,0.12,-10.657615,0.175842279,FALSE,0.175842279,2.81E+09,FALSE,FALSE,TRUE,FALSE,FALSE,FALSE,FALSE,FALSE,FALSE,FALSE,FALSE,FALSE,FALSE,FALSE,0.008583605,12960.80382,FALSE,FALSE,0.007141607,TRUE,FALSE
5390,1,1.24E+18,150.35832,15.76972,2405,44.7,9.1,0.09479008,0.0487295,0.6160667,5390,N3094,150.362076,15.775,150.358322,15.769722,2405,240,9.6,1,0.009992552,5390,51.97057434,10.482552,0.19069798,11.30681876,0.176826837,1.4225197,0.17682691,9.77,0.18,-9.060032,-0.030516557,FALSE,0.030516557,3.57E+10,FALSE,FALSE,FALSE,FALSE,FALSE,TRUE,FALSE,FALSE,FALSE,FALSE,FALSE,FALSE,FALSE,FALSE,0.005991986,26596.82116,FALSE,FALSE,0.008022216,TRUE,FALSE
5393,1,1.24E+18,150.42458,33.13695,1458,21.9,4.2,0.04389265,0.02256425,0.4837675,5393,182-061,150.428757,33.130276,150.424576,33.136948,1458,151,9.16,1,0.014044116,5393,61.0682977,8.477607,0.19612,8.887614171,0.166590335,-1.5770885,0.17364414,9.1,0.17,-10.054695,0.023860233,FALSE,0.023860233,2.22E+09,FALSE,FALSE,FALSE,TRUE,FALSE,FALSE,FALSE,FALSE,FALSE,FALSE,FALSE,FALSE,FALSE,FALSE,0.005105417,36636.06868,FALSE,FALSE,0.004863365,TRUE,FALSE
5403,1,1.24E+18,150.64833,19.17639,2089,32.5,2.3,0.102697,0.0527943,0.5203544,5403,093-029,150.651672,19.176666,150.648331,19.176388,2089,245,9.1,1,0.007962515,5403,58.64402258,9.902715,0.112159394,10.12179782,0.061469523,0.29954717,0.06148044,9.1,0.08,-9.603168,0.085117813,FALSE,0.085117813,9.67E+09,FALSE,FALSE,FALSE,FALSE,TRUE,FALSE,FALSE,FALSE,FALSE,FALSE,FALSE,FALSE,FALSE,FALSE,0.004147325,55518.19289,FALSE,FALSE,0.006968154,TRUE,FALSE
5409,1,1.24E+18,150.76459,10.74556,3007,45.8,2.4,0.1064991,0.05474883,0.2999931,5409,064-044,150.761246,10.749722,150.764587,10.745556,3007,210,9.47,1,0.017887014,5409,72.54287258,9.277055,0.17515169,9.467066974,0.045533462,-1.3803815,0.107163526,9.47,0.06,-10.657436,0.025222415,FALSE,0.025222415,5.82E+09,FALSE,FALSE,TRUE,FALSE,FALSE,FALSE,FALSE,FALSE,FALSE,FALSE,FALSE,FALSE,FALSE,FALSE,0.013410674,5309.702376,FALSE,FALSE,0.010030272,TRUE,FALSE
5425,1,1.24E+18,151.09418,13.62111,2803,42.8,2.2,0.1316121,0.0676589,0.7586445,5425,N3107,151.095825,13.625556,151.094177,13.621111,2803,204,8.88,1,0.011096446,5425,40.65518905,9.999105,0.063426875,10.30407545,0.04464753,0.20513517,0.044724617,8.88,0.07,-9.79397,0.109192101,FALSE,0.109192101,1.10E+10,FALSE,FALSE,FALSE,FALSE,TRUE,FALSE,FALSE,FALSE,FALSE,FALSE,FALSE,FALSE,FALSE,FALSE,0.007755081,15878.10702,FALSE,FALSE,0.009349802,TRUE,FALSE
5446,1,1.24E+18,151.62917,32.94667,1357,38.7,7.8,0.04585511,0.02357311,0.2247347,5446,182-072,151.624176,32.940556,151.629166,32.946667,1357,177,9.48,1,0.016206996,5446,77.01278699,8.740909,0.27258164,9.080184065,0.175077983,-3.3495274,1.219906,9.48,0.18,-12.090436,-0.031973476,FALSE,0.031973476,4.57E+09,TRUE,FALSE,FALSE,FALSE,FALSE,FALSE,FALSE,FALSE,FALSE,FALSE,FALSE,FALSE,FALSE,FALSE,0.005483549,31757.62259,FALSE,FALSE,0.004526465,TRUE,FALSE
5452,1,1.24E+18,151.79793,33.02722,1342,21.9,4.4,0.06220601,0.03197875,0.3400887,5452,N3118,151.796661,33.020832,151.797928,33.027222,1342,208,9.32,1,0.00939575,5452,70.11778098,8.885293,0.23127002,9.168722264,0.174512127,-1.3326738,0.1758034,9.34,0.18,-10.217967,0.081011969,FALSE,0.081011969,3.55E+09,FALSE,FALSE,FALSE,TRUE,FALSE,FALSE,FALSE,FALSE,FALSE,FALSE,FALSE,FALSE,FALSE,FALSE,0.003143861,96615.05188,FALSE,FALSE,0.00447643,TRUE,FALSE
5453,1,1.24E+18,151.78,15.98361,839,13,2.2,0.1130539,0.05811854,0.7638628,5453,093-047,151.777924,15.980833,151.779999,15.983611,839,53,7.94,1,0.004993728,5453,40.19410645,7.9870453,0.1539527,8.22336463,0.147008825,-2.1240256,0.15540607,7.94,0.16,-10.111071,-0.043869784,FALSE,0.043869784,2.13E+08,FALSE,FALSE,FALSE,TRUE,FALSE,FALSE,FALSE,FALSE,FALSE,FALSE,FALSE,FALSE,FALSE,FALSE,0.001044639,875062.4336,FALSE,FALSE,0.002798603,TRUE,FALSE
5454,1,1.24E+18,151.79584,12.65111,2790,42.6,2.1,0.1282196,0.06591489,0.7249432,5454,064-066,151.796661,12.6475,151.795837,12.651111,2790,126,9.31,1,0.011135759,5454,43.53591383,8.460754,0.066902995,8.823180638,0.043148172,-1.5381933,0.13018735,9.31,0.06,-9.998948,0.016544346,FALSE,0.016544346,3.00E+09,FALSE,FALSE,FALSE,FALSE,TRUE,FALSE,FALSE,FALSE,FALSE,FALSE,FALSE,FALSE,FALSE,FALSE,0.007746461,15913.46213,FALSE,FALSE,0.009306438,TRUE,FALSE
5456,1,1.24E+18,151.83167,10.3625,536,10.8,1.1,0.1325614,0.06814688,0.4790967,5456,064-068,151.832504,10.356112,151.831665,10.3625,536,61,8.31,1,0.017706409,5456,61.37362917,8.0360775,0.13726133,8.491395718,0.088472646,-1.6000128,0.08930822,8.31,0.1,-9.63609,-0.179341341,FALSE,0.179341341,3.80E+08,FALSE,FALSE,FALSE,FALSE,TRUE,FALSE,FALSE,FALSE,FALSE,FALSE,FALSE,FALSE,FALSE,FALSE,0.002366326,170538.3927,FALSE,FALSE,0.001787904,TRUE,FALSE
5458,1,1.24E+18,151.86542,12.27389,2817,43,2.2,0.1170712,0.06018376,0.5440105,5458,I 591,151.868332,12.270278,151.865417,12.273889,2817,140,8.96,1,0.01115028,5458,57.04297761,9.410507,0.09847661,9.815056896,0.04444308,-0.5439106,0.04638512,8.96,0.06,-9.954418,-0.048517881,FALSE,0.048517881,3.79E+09,FALSE,FALSE,FALSE,FALSE,TRUE,FALSE,FALSE,FALSE,FALSE,FALSE,FALSE,FALSE,FALSE,FALSE,0.007831626,15569.24267,FALSE,FALSE,0.009396501,TRUE,FALSE
5464,1,1.24E+18,152.03209,29.54167,1006,16.4,2.3,0.07235463,0.03719593,0.81449,5464,DDO72,152.032501,29.545,152.032089,29.541666,1006,103,8.35,1,0.014736667,5464,35.46306454,7.949745,0.12715487,8.073458926,0.121909397,-2.1178236,0.1376459,8.35,0.13,-10.067569,0.226110709,FALSE,0.226110709,3.87E+08,FALSE,FALSE,FALSE,TRUE,FALSE,FALSE,FALSE,FALSE,FALSE,FALSE,FALSE,FALSE,FALSE,FALSE,0.00369638,69890.51279,FALSE,FALSE,0.003355655,TRUE,FALSE
5467,1,1.24E+18,152.05374,18.70695,2897,44,2.3,0.1013628,0.05210838,0.9623485,5467,093-056,152.049164,18.710835,152.053741,18.706945,2897,144,9.53,1,0.018320122,5467,15.77252762,9.861316,0.051216587,10.07962601,0.045404368,-0.2815715,0.04585198,9.53,0.06,-10.142887,0.330074327,TRUE,0.330074327,1.18E+10,FALSE,FALSE,FALSE,TRUE,FALSE,FALSE,FALSE,FALSE,FALSE,FALSE,TRUE,FALSE,FALSE,FALSE,0.013232935,5453.295292,TRUE,FALSE,0.009663352,FALSE,TRUE
5478,1,1.24E+18,152.38208,30.15028,1377,22.2,2.3,0.08264176,0.04248432,0.6999742,5478,153-024,152.381241,30.151112,152.38208,30.150278,1377,59,8.96,1,0.0072,5478,45.5751044,8.573103,0.105253205,9.620635885,0.090194175,-0.9871615,0.33495483,8.96,0.1,-9.560265,-0.259392071,FALSE,0.259392071,1.59E+09,FALSE,FALSE,FALSE,FALSE,TRUE,FALSE,FALSE,FALSE,FALSE,FALSE,FALSE,FALSE,FALSE,FALSE,0.002471985,156271.5267,TRUE,FALSE,0.004593178,TRUE,FALSE
5482,1,1.24E+18,152.56793,32.27666,1456,21.9,4.3,0.06821051,0.03506553,0.7199593,5482,,152.571259,32.277779,152.567932,32.276665,1456,105,8.98,1,0.019001502,5482,43.94891685,8.121268,0.17801253,8.388948552,0.170604228,-1.8275082,0.18554612,8.93,0.18,-9.948776,0.016818037,FALSE,0.016818037,1.40E+09,FALSE,FALSE,FALSE,FALSE,TRUE,FALSE,FALSE,FALSE,FALSE,FALSE,FALSE,FALSE,FALSE,FALSE,0.006898086,20068.46313,FALSE,FALSE,0.004856693,TRUE,FALSE
5505,1,1.24E+18,153.20999,12.66667,2811,36,7.4,0.1363017,0.07006973,0.4340135,5505,N3153,153.210419,12.669167,153.209991,12.666667,2811,253,9.75,1,0.011356797,5505,64.27751634,9.677099,0.21433163,9.942275966,0.178543879,-0.8345426,0.18021666,9.75,0.18,-10.5116415,0.050264996,FALSE,0.050264996,1.22E+10,FALSE,FALSE,TRUE,FALSE,FALSE,FALSE,FALSE,FALSE,FALSE,FALSE,FALSE,FALSE,FALSE,FALSE,0.007959688,15072.29242,FALSE,FALSE,0.009376487,TRUE,FALSE
5516,1,1.24E+18,153.43999,3.42444,1326,20.7,4.2,0.1028844,0.05289061,0.7922111,5516,N3166,153.422501,3.412222,153.439987,3.424444,1326,193,9.02,1,0.017988436,5516,37.60740678,10.698865,0.1807332,10.07888766,0.176235443,-0.7407459,0.17625105,9,0.18,-11.4396105,-0.053935706,FALSE,0.053935706,5.14E+10,FALSE,TRUE,FALSE,FALSE,FALSE,FALSE,FALSE,FALSE,FALSE,FALSE,FALSE,FALSE,FALSE,FALSE,0.005947251,26998.45235,FALSE,FALSE,0.00442306,TRUE,FALSE
5522,1,1.24E+18,153.49582,7.02333,1218,41.9,8.2,0.09878565,0.05078354,0.5442338,5522,036-065,153.49707,7.021945,153.495819,7.023334,1218,211,10.21,1,0.014836652,5522,57.02772842,9.367008,0.19130774,6.48706097,0.308867047,-2.5726843,0.4501797,10.21,0.17,-11.9396925,-0.070323973,FALSE,0.070323973,2.39E+10,TRUE,FALSE,FALSE,FALSE,FALSE,FALSE,FALSE,FALSE,FALSE,FALSE,FALSE,FALSE,FALSE,FALSE,0.004505703,47037.72744,FALSE,FALSE,0.004062811,TRUE,FALSE
5524,1,1.24E+18,153.59084,22.12444,1636,21.8,4.4,0.07416793,0.03812811,0.210959,5524,123-027,153.590424,22.128056,153.590836,22.124445,1636,180,8.49,1,0.022404187,5524,77.82150773,8.971719,0.2794833,9.009816907,0.175314705,-1.759874,0.18735117,8.48,0.18,-10.731593,0.106450917,FALSE,0.106450917,1.35E+09,FALSE,FALSE,TRUE,FALSE,FALSE,FALSE,FALSE,FALSE,FALSE,FALSE,FALSE,FALSE,FALSE,FALSE,0.009138856,11433.72525,FALSE,FALSE,0.005457109,TRUE,FALSE
5526,1,1.24E+18,153.61874,15.9025,3035,46.1,2.3,0.1382837,0.07108863,0.429926,5526,093-078,153.623764,15.901388,153.618744,15.902499,3035,165,9.35,1,0.014309162,5526,64.5371905,9.099123,0.12736484,9.373499283,0.043359123,-1.216044,0.075782634,9.35,0.06,-10.315166,-0.021110777,FALSE,0.021110777,4.23E+09,FALSE,FALSE,FALSE,TRUE,FALSE,FALSE,FALSE,FALSE,FALSE,FALSE,FALSE,FALSE,FALSE,FALSE,0.010828099,8144.547049,FALSE,FALSE,0.01012367,TRUE,FALSE
5544,1,1.24E+18,154.14166,21.12306,1310,21.8,4.4,0.07357514,0.03782337,0.9800365,5544,N3177,154.147079,21.120277,154.141663,21.123056,1310,181,8.62,1,0.017574191,5544,11.46783673,9.925473,0.1768151,9.584730695,0.175311548,-0.06122329,0.17531289,8.62,0.18,-9.986696,0.594646555,TRUE,0.594646555,8.98E+09,FALSE,FALSE,FALSE,FALSE,TRUE,FALSE,FALSE,FALSE,FALSE,FALSE,FALSE,TRUE,FALSE,FALSE,0.005740186,28981.40613,TRUE,TRUE,0.00436969,FALSE,TRUE
5551,1,1.24E+18,154.29918,4.33056,1344,20.7,4.3,0.07613046,0.03913701,0.8856185,5551,,154.294159,4.333611,154.299179,4.330555,1344,56,8.75,1,0.018354457,5551,27.67229291,7.69708,0.18286838,8.18831568,0.180533557,-2.3308613,0.2779817,8.71,0.18,-10.027942,-0.020463747,FALSE,0.020463747,7.98E+08,FALSE,FALSE,FALSE,TRUE,FALSE,FALSE,FALSE,FALSE,FALSE,FALSE,FALSE,FALSE,FALSE,FALSE,0.006150638,25242.42702,FALSE,FALSE,0.004483101,TRUE,FALSE
5554,1,1.24E+18,154.41084,21.68778,1230,25.1,4.9,0.08796695,0.04522188,0.559877,5554,N3185,154.414581,21.686666,154.410843,21.687777,1230,253,8.73,1,0.014742826,5554,55.95275536,9.541346,0.18918115,9.918965535,0.169565224,-0.3379657,0.16958953,8.73,0.18,-9.879312,0.202885662,FALSE,0.202885662,4.19E+09,FALSE,FALSE,FALSE,FALSE,TRUE,FALSE,FALSE,FALSE,FALSE,FALSE,FALSE,FALSE,FALSE,FALSE,0.004521319,46713.35133,FALSE,FALSE,0.004102838,TRUE,FALSE
5556,1,1.24E+18,154.44958,21.87306,1586,21.8,4.4,0.0832036,0.04277315,0.3500001,5556,N3187,154.454163,21.8675,154.449585,21.873056,1586,219,9.1,1,0.022054264,5556,69.51273748,9.128426,0.2293184,9.240097974,0.175312924,-1.1767507,0.1760774,9.1,0.18,-10.305176,0.122586943,FALSE,0.122586943,3.02E+09,FALSE,FALSE,FALSE,TRUE,FALSE,FALSE,FALSE,FALSE,FALSE,FALSE,FALSE,FALSE,FALSE,FALSE,0.008721177,12555.1303,FALSE,FALSE,0.005290327,TRUE,FALSE
5559,1,1.24E+18,154.52292,21.83083,1310,22.2,4.6,0.08283881,0.04258562,0.443565,5559,N3189,154.537079,21.828056,154.522919,21.830833,1310,463,8.72,1,0.011305212,5559,63.6684894,10.567312,0.21393494,10.04136609,0.179977895,-0.87092483,0.18001628,8.72,0.19,-11.438237,0.193006793,FALSE,0.193006793,3.76E+10,FALSE,TRUE,FALSE,FALSE,FALSE,FALSE,FALSE,FALSE,FALSE,FALSE,FALSE,FALSE,FALSE,FALSE,0.003692575,70034.61014,FALSE,FALSE,0.00436969,TRUE,FALSE
5574,1,1.24E+18,154.92917,22.45167,1462,21.7,4.3,0.1001199,0.05146946,0.2652806,5574,M+425001,154.933746,22.451113,154.929169,22.451668,1462,130,8.41,1,0.007931568,5574,74.61643627,8.61257,0.25342137,8.755292382,0.172121571,-1.6937304,0.17661981,8.41,0.18,-10.3063,0.034496248,FALSE,0.034496248,7.52E+08,FALSE,FALSE,FALSE,TRUE,FALSE,FALSE,FALSE,FALSE,FALSE,FALSE,FALSE,FALSE,FALSE,FALSE,0.002891251,114235.1823,FALSE,FALSE,0.004876707,TRUE,FALSE
5575,1,1.24E+18,154.94542,22.59417,1471,21.8,4.4,0.09900154,0.05089452,0.4219784,5575,,154.946671,22.593056,154.945419,22.594168,1471,123,8.23,1,0.00793013,5575,65.04049964,8.059442,0.21484031,8.46834657,0.175339773,-1.9774184,0.19634555,8.16,0.18,-10.0368595,0.123158966,FALSE,0.123158966,3.41E+08,FALSE,FALSE,FALSE,TRUE,FALSE,FALSE,FALSE,FALSE,FALSE,FALSE,FALSE,FALSE,FALSE,FALSE,0.002908522,112882.539,FALSE,FALSE,0.004906728,TRUE,FALSE
5588,1,1.24E+18,155.23833,25.36417,1287,21.1,2.2,0.07593232,0.03903514,0.7017292,5588,124-004,155.238327,25.3675,155.238327,25.364166,1287,190,8.54,1,0.0173953,5588,45.43413525,9.0525465,0.10557884,9.297969685,0.090564213,-0.9273087,0.09071322,8.54,0.1,-9.979856,0.249381476,FALSE,0.249381476,1.59E+09,FALSE,FALSE,FALSE,FALSE,TRUE,FALSE,FALSE,FALSE,FALSE,FALSE,FALSE,FALSE,FALSE,FALSE,0.005582,30647.26958,FALSE,FALSE,0.00429297,TRUE,FALSE
5590,1,1.24E+18,155.32251,19.65111,1347,20.7,4.2,0.09112041,0.04684301,0.7672381,5590,N3213,155.327103,19.652222,155.32251,19.651112,1347,134,8.27,1,0.0072,5590,39.89351735,9.322294,0.18149434,9.3990922,0.17623599,-1.3774098,0.1776068,8.21,0.18,-10.699704,0.101038364,FALSE,0.101038364,2.35E+09,FALSE,FALSE,TRUE,FALSE,FALSE,FALSE,FALSE,FALSE,FALSE,FALSE,FALSE,FALSE,FALSE,FALSE,0.002418129,163309.9117,FALSE,FALSE,0.004493108,TRUE,FALSE
5629,1,1.24E+18,156.05374,21.05028,1238,20.5,2.2,0.07276393,0.03740634,0.8140516,5629,,156.053329,21.051111,156.053741,21.050278,1238,113,8.6,1,0.007945311,5629,35.50633609,8.178918,0.10011467,8.627825064,0.093303616,-2.2618194,0.35328823,8.55,0.1,-10.440737,0.204568864,FALSE,0.204568864,6.80E+08,FALSE,FALSE,FALSE,TRUE,FALSE,FALSE,FALSE,FALSE,FALSE,FALSE,FALSE,FALSE,FALSE,FALSE,0.00245251,158763.1242,FALSE,FALSE,0.004129523,TRUE,FALSE
5642,1,1.24E+18,156.42334,11.73889,2349,43.2,8.2,0.1098135,0.05645272,0.2798599,5642,065-029,156.421661,11.745833,156.42334,11.738889,2349,245,9.43,1,0.0036,5642,73.74821901,9.454895,0.24319477,9.763404342,0.164872125,-0.67761594,0.1659973,9.43,0.17,-10.132511,0.078534901,FALSE,0.078534901,6.43E+09,FALSE,FALSE,FALSE,TRUE,FALSE,FALSE,FALSE,FALSE,FALSE,FALSE,FALSE,FALSE,FALSE,FALSE,0.002108457,214803.6681,FALSE,FALSE,0.007835421,TRUE,FALSE
5646,1,1.24E+18,156.47083,14.36333,1368,22.5,4.2,0.1721411,0.08849399,0.3099323,5646,094-048,156.470825,14.363611,156.470825,14.363334,1368,221,9.12,1,0.022614629,5646,71.94491015,9.094836,0.23112257,9.332189687,0.162137717,-1.2539115,0.16375194,9.13,0.17,-10.348747,0.120850993,FALSE,0.120850993,3.00E+09,FALSE,FALSE,FALSE,TRUE,FALSE,FALSE,FALSE,FALSE,FALSE,FALSE,FALSE,FALSE,FALSE,FALSE,0.007713561,16049.50339,FALSE,FALSE,0.004563157,TRUE,FALSE
5653,1,1.24E+18,156.61792,20.22833,1168,20.8,4.3,0.06618965,0.03402665,0.1826985,5653,I 610,156.623337,20.2225,156.61792,20.228334,1168,296,8.16,1,0.0144,5653,79.47308771,9.79268,0.29782826,9.843101711,0.179564122,-0.65746313,0.17962977,8.22,0.18,-10.450143,0.15089286,FALSE,0.15089286,6.40E+09,FALSE,FALSE,FALSE,TRUE,FALSE,FALSE,FALSE,FALSE,FALSE,FALSE,FALSE,FALSE,FALSE,FALSE,0.004193577,54300.2787,FALSE,FALSE,0.003896029,TRUE,FALSE
5661,1,1.24E+18,156.67416,3.86167,2149,35.5,6.9,0.1241641,0.06383006,0.5310156,5661,N3246,156.673752,3.861111,156.674164,3.861667,2149,244,9.75,1,0.017973855,5661,57.92594839,9.385463,0.19187845,9.87128978,0.168825271,-0.8166096,0.17160635,9.81,0.17,-10.202072,0.084033136,FALSE,0.084033136,9.91E+09,FALSE,FALSE,FALSE,TRUE,FALSE,FALSE,FALSE,FALSE,FALSE,FALSE,FALSE,FALSE,FALSE,FALSE,0.009630681,10295.73675,FALSE,FALSE,0.007168292,TRUE,FALSE
5662,1,1.24E+18,156.755,28.63917,1324,27.3,5.4,0.08788895,0.04518178,0.2157489,5662,N3245A,156.756256,28.640556,156.755005,28.639166,1324,176,9.14,1,0.021375932,5662,77.54059818,9.1373825,0.27488485,9.216136959,0.171810939,-1.7663087,0.19030406,9.14,0.18,-10.903691,0.003016997,FALSE,0.003016997,3.21E+09,FALSE,FALSE,TRUE,FALSE,FALSE,FALSE,FALSE,FALSE,FALSE,FALSE,FALSE,FALSE,FALSE,FALSE,0.007056549,19177.26368,FALSE,FALSE,0.004416389,TRUE,FALSE
5675,1,1.24E+18,157.12498,19.56278,1106,20.7,4.4,0.07105386,0.03652724,0.4960673,5675,M+327047,157.122482,19.560833,157.124985,19.562777,1106,83,8.56,1,0.020107559,5675,60.25989694,7.796647,0.21008852,8.21511698,0.184824815,-2.160596,0.2568442,8.66,0.19,-9.957243,-0.080070875,FALSE,0.080070875,5.46E+08,FALSE,FALSE,FALSE,FALSE,TRUE,FALSE,FALSE,FALSE,FALSE,FALSE,FALSE,FALSE,FALSE,FALSE,0.005544901,31058.73556,FALSE,FALSE,0.003689219,TRUE,FALSE
5677,1,1.24E+18,157.15916,3.56028,1153,18.9,4.1,0.1280059,0.06580505,0.1559716,5677,037-044,157.157913,3.561944,157.159164,3.560278,1153,109,8.77,1,0.016074837,5677,81.02691824,8.039466,0.32069916,8.144125258,0.188819482,-2.119518,0.6060837,8.78,0.19,-10.158984,-0.071186567,FALSE,0.071186567,8.93E+08,FALSE,FALSE,FALSE,TRUE,FALSE,FALSE,FALSE,FALSE,FALSE,FALSE,FALSE,FALSE,FALSE,FALSE,0.004621205,44715.79517,FALSE,FALSE,0.003845994,TRUE,FALSE
5685,1,1.24E+18,157.33292,29.49139,1358,30.8,6,0.06629152,0.03407902,0.4767743,5685,N3254,157.337921,29.491945,157.332916,29.491388,1358,399,9.94,1,0.01445496,5685,61.52511445,10.301616,0.19954328,9.612050031,0.169205684,-1.8450161,0.1798425,9.94,0.18,-12.146632,0.155724946,FALSE,0.155724946,3.16E+10,TRUE,FALSE,FALSE,FALSE,FALSE,FALSE,FALSE,FALSE,FALSE,FALSE,FALSE,FALSE,FALSE,FALSE,0.004894361,39863.86469,FALSE,FALSE,0.0045298,TRUE,FALSE
5695,1,1.24E+18,157.44458,13.01805,2943,44.8,2.2,0.1276233,0.06560837,0.3800395,5695,065-046,157.444168,13.021389,157.44458,13.018055,2943,227,9.33,1,0.018,5695,67.66392775,9.478107,0.14319211,9.700170947,0.042665004,-0.82717586,0.05436826,9.33,0.06,-10.305284,0.071815889,FALSE,0.071815889,5.85E+09,FALSE,FALSE,FALSE,TRUE,FALSE,FALSE,FALSE,FALSE,FALSE,FALSE,FALSE,FALSE,FALSE,FALSE,0.013208153,5473.778179,FALSE,FALSE,0.009816791,TRUE,FALSE
5705,1,1.24E+18,157.77792,28.79611,1441,22,4.3,0.07922191,0.04072625,0.722569,5705,N3265,157.783325,28.799721,157.777924,28.79611,1441,195,8.37,1,0.012619287,5705,43.73304575,9.396965,0.17716032,9.639109298,0.169769718,-0.20591934,0.16977538,8.31,0.17,-9.602884,0.212052575,FALSE,0.212052575,2.81E+09,FALSE,FALSE,FALSE,FALSE,TRUE,FALSE,FALSE,FALSE,FALSE,FALSE,FALSE,FALSE,FALSE,FALSE,0.004533965,46453.146,FALSE,FALSE,0.004806659,TRUE,FALSE
5706,1,1.24E+18,157.79541,34.50306,1496,24,2.3,0.05459255,0.02806483,0.4928119,5706,KDG 70,157.796249,34.503887,157.79541,34.503056,1496,30,8.71,1,0.0144,5706,60.47448332,8.048062,0.13199076,7.850671985,0.085986089,-2.0227313,0.16102944,8.71,0.09,-10.070793,-0.563682187,TRUE,0.563682187,7.94E+08,FALSE,FALSE,FALSE,TRUE,FALSE,FALSE,FALSE,FALSE,FALSE,FALSE,TRUE,FALSE,FALSE,FALSE,0.005371226,33099.73807,TRUE,TRUE,0.004990119,FALSE,TRUE
5721,1,1.24E+18,158.07167,27.66861,541,6.5,0.6,0.07957748,0.04090904,0.5868618,5721,N3274,158.0746,27.6675,158.071671,27.66861,541,160,8.7,1,0.003188333,5721,54.06541884,8.137417,0.11154369,8.370260937,0.080178569,-2.073402,0.080836385,8.7,0.1,-10.210819,0.193228455,FALSE,0.193228455,8.04E+08,FALSE,FALSE,FALSE,TRUE,FALSE,FALSE,FALSE,FALSE,FALSE,FALSE,FALSE,FALSE,FALSE,FALSE,4.30E-04,5162865.957,FALSE,FALSE,0.001804582,TRUE,FALSE
5731,1,1.24E+18,158.23083,28.51111,1420,22,4.3,0.08781233,0.04514239,0.8338382,5731,N3277,158.235428,28.51111,158.230835,28.51111,1420,246,8.61,1,0.015817042,5731,33.50497156,10.18564,0.17319176,9.495294448,0.169769685,-1.4026515,0.17036515,8.56,0.17,-11.588292,0.222521153,FALSE,0.222521153,1.59E+10,TRUE,FALSE,FALSE,FALSE,FALSE,FALSE,FALSE,FALSE,FALSE,FALSE,FALSE,FALSE,FALSE,FALSE,0.005600063,30449.87428,FALSE,FALSE,0.00473661,TRUE,FALSE
5738,1,1.24E+18,158.62459,35.25639,1522,33.3,6.4,0.08888294,0.04569277,0.6594508,5738,183-028,158.629593,35.255833,158.624588,35.25639,1522,144,9.01,1,0.005879356,5738,48.74204005,9.30431,0.17818798,9.569055967,0.166936656,-0.8463157,0.16751352,9,0.17,-10.150625,0.023897704,FALSE,0.023897704,3.38E+09,FALSE,FALSE,FALSE,TRUE,FALSE,FALSE,FALSE,FALSE,FALSE,FALSE,FALSE,FALSE,FALSE,FALSE,0.002231124,191833.2602,FALSE,FALSE,0.005076846,TRUE,FALSE
5739,1,1.24E+18,158.58333,13.75278,2968,45.4,4.2,0.1237061,0.06359462,0.2356409,5739,065-058,158.580429,13.746667,158.583328,13.752778,2968,238,9.03,1,0.010037438,5739,76.37065987,9.9674425,0.2181874,10.37492357,0.08035428,0.44952035,0.08037006,9.04,0.09,-9.517922,0.005319577,FALSE,0.005319577,1.07E+10,FALSE,FALSE,FALSE,FALSE,TRUE,FALSE,FALSE,FALSE,FALSE,FALSE,FALSE,FALSE,FALSE,FALSE,0.007427901,17307.69302,FALSE,FALSE,0.009900182,TRUE,FALSE
5741,1,1.24E+18,158.67833,11.19667,1389,33.4,6.7,0.1189659,0.06115776,0.1610108,5741,I 622,158.678329,11.197778,158.678329,11.196667,1389,347,9.05,1,0.011362717,5741,80.73449667,9.974969,0.30940804,10.39358808,0.174237946,-0.11291296,0.17439513,9.05,0.18,-10.087882,0.160068593,FALSE,0.160068593,1.09E+10,FALSE,FALSE,FALSE,TRUE,FALSE,FALSE,FALSE,FALSE,FALSE,FALSE,FALSE,FALSE,FALSE,FALSE,0.003935172,61665.72706,FALSE,FALSE,0.004633205,TRUE,FALSE
5742,1,1.24E+18,158.69749,21.64944,1295,14.8,2.8,0.07589655,0.03901676,0.3790506,5742,N3287,158.698761,21.651388,158.697495,21.649445,1295,201,8.62,1,0.024574404,5742,67.72517017,9.207298,0.21388224,8.33823448,0.164328737,-1.8421602,0.16538215,8.62,0.17,-11.0494585,0.126666302,FALSE,0.126666302,2.17E+09,FALSE,TRUE,FALSE,FALSE,FALSE,FALSE,FALSE,FALSE,FALSE,FALSE,FALSE,FALSE,FALSE,FALSE,0.007934729,15167.26253,FALSE,FALSE,0.004319655,TRUE,FALSE
5764,1,1.24E+18,159.18124,31.54611,582,8.3,2.5,0.06522869,0.03353264,0.2627511,5764,154-031,159.182922,31.544167,159.181244,31.54611,582,102,8.31,1,0.012271959,5764,74.76669764,7.252372,0.32175884,6.651379319,0.268415877,-3.1461813,0.71851814,8.31,0.26,-10.398553,0.032460252,FALSE,0.032460252,2.89E+08,FALSE,FALSE,FALSE,TRUE,FALSE,FALSE,FALSE,FALSE,FALSE,FALSE,FALSE,FALSE,FALSE,FALSE,0.001780804,301119.5604,FALSE,FALSE,0.001941343,TRUE,FALSE
5774,1,1.24E+18,159.29292,12.65222,2889,46.6,9.4,0.08174264,0.0420221,0.4930302,5774,N3306,159.292084,12.655833,159.292923,12.652222,2889,265,9.76,1,0.012762608,5774,60.4601079,10.063729,0.20231777,10.38287766,0.175208979,0.33599916,0.17522514,9.76,0.18,-9.72773,0.036416156,FALSE,0.036416156,1.92E+10,FALSE,FALSE,FALSE,FALSE,TRUE,FALSE,FALSE,FALSE,FALSE,FALSE,FALSE,FALSE,FALSE,FALSE,0.009193191,11298.96815,FALSE,FALSE,0.009636667,TRUE,FALSE
5797,1,1.24E+18,159.85458,1.71806,710,10.4,2.1,0.1048894,0.05392136,0.9609224,5797,009-095,159.854584,1.719722,159.854584,1.718056,710,39,7.99,1,0.020360098,5797,16.07039112,7.8581295,0.1773363,8.14346596,0.175394463,-2.9193485,0.22941057,7.99,0.18,-10.777478,0.196188845,FALSE,0.196188845,2.02E+08,FALSE,FALSE,TRUE,FALSE,FALSE,FALSE,FALSE,FALSE,FALSE,FALSE,FALSE,FALSE,FALSE,FALSE,0.003604272,73508.28708,FALSE,FALSE,0.002368305,TRUE,FALSE
5826,1,1.24E+18,160.53166,13.74667,1298,23.7,4.4,0.1029714,0.05293537,0.6235374,5826,N3338,160.537918,13.745833,160.531662,13.746667,1298,339,10.18,1,0.012866729,5826,51.4251266,10.147116,0.1756943,9.207724098,0.161257136,-1.4414272,0.1624587,10.18,0.17,-11.588543,0.127433508,FALSE,0.127433508,3.42E+10,TRUE,FALSE,FALSE,FALSE,FALSE,FALSE,FALSE,FALSE,FALSE,FALSE,FALSE,FALSE,FALSE,FALSE,0.00416411,55071.51648,FALSE,FALSE,0.004329662,TRUE,FALSE
5832,1,1.24E+18,160.7025,13.45972,1217,17.5,3.5,0.1241095,0.06380199,0.6317167,5832,065-089,160.706253,13.461111,160.702499,13.459722,1217,102,8.34,1,0.008006113,5832,50.82315151,8.488845,0.18653193,9.132388297,0.173719403,-1.3952022,0.17545557,8.65,0.18,-9.884047,0.048509762,FALSE,0.048509762,5.99E+08,FALSE,FALSE,FALSE,FALSE,TRUE,FALSE,FALSE,FALSE,FALSE,FALSE,FALSE,FALSE,FALSE,FALSE,0.002429359,161803.5854,FALSE,FALSE,0.004059475,TRUE,FALSE
5833,1,1.24E+18,160.77415,20.42306,1321,22,2.3,0.09983275,0.05132183,0.4849336,5833,124-058,160.775833,20.42111,160.774155,20.423056,1321,144,8.25,1,0.022178998,5833,60.99192936,9.151641,0.13751358,9.32770259,0.090807455,-0.72138196,0.09089428,8.25,0.1,-9.873023,0.035630017,FALSE,0.035630017,1.65E+09,FALSE,FALSE,FALSE,FALSE,TRUE,FALSE,FALSE,FALSE,FALSE,FALSE,FALSE,FALSE,FALSE,FALSE,0.007305065,17894.6517,FALSE,FALSE,0.004406382,TRUE,FALSE
5842,1,1.24E+18,160.91206,14.87111,1258,17.5,3.4,0.09054603,0.04654773,0.7312608,5842,N3346,160.913742,14.875834,160.912064,14.871111,1258,162,8.81,1,0.014375738,5842,43.00784057,9.507719,0.17577522,8.347828284,0.168756269,-1.8299885,0.1718239,9.12,0.17,-11.3377075,0.096776769,FALSE,0.096776769,4.08E+09,FALSE,TRUE,FALSE,FALSE,FALSE,FALSE,FALSE,FALSE,FALSE,FALSE,FALSE,FALSE,FALSE,FALSE,0.004509103,46966.8191,FALSE,FALSE,0.004196236,TRUE,FALSE
5844,1,1.24E+18,160.98291,28.14694,1470,24,2.2,0.08962075,0.04607206,0.1769609,5844,M+525036,160.987076,28.1525,160.98291,28.146944,1470,129,8.41,1,0.0144,5844,79.8072768,8.319273,0.2547522,8.497342517,0.079691358,-1.8367405,0.11031348,8.43,0.09,-10.1560135,0.056032939,FALSE,0.056032939,5.50E+08,FALSE,FALSE,FALSE,TRUE,FALSE,FALSE,FALSE,FALSE,FALSE,FALSE,FALSE,FALSE,FALSE,FALSE,0.005277876,34280.96784,FALSE,FALSE,0.004903392,TRUE,FALSE
5870,1,1.24E+18,161.49751,34.965,1989,30.9,2.2,0.06318694,0.03248302,0.7852053,5870,184-012,161.498749,34.964169,161.497513,34.965,1989,230,9.18,1,0.008850624,5870,38.26036233,9.582758,0.073996276,9.751990572,0.061841752,-1.2499942,0.068046466,9.17,0.08,-10.832752,0.251997027,FALSE,0.251997027,5.84E+09,FALSE,FALSE,TRUE,FALSE,FALSE,FALSE,FALSE,FALSE,FALSE,FALSE,FALSE,FALSE,FALSE,FALSE,0.004389227,49567.31336,TRUE,FALSE,0.00663459,TRUE,FALSE
5878,1,1.24E+18,161.55249,1.81278,985,17.6,3.5,0.155116,0.07974175,0.2823706,5878,N3365,161.552078,1.815,161.55249,1.812778,985,228,9.49,1,0.0072,5878,73.59832156,9.15699,0.24768117,9.462532466,0.172731252,-1.3038334,0.17408179,9.49,0.18,-10.460823,0.063704361,FALSE,0.063704361,5.55E+09,FALSE,FALSE,FALSE,TRUE,FALSE,FALSE,FALSE,FALSE,FALSE,FALSE,FALSE,FALSE,FALSE,FALSE,0.001768268,305404.3893,FALSE,FALSE,0.003285606,TRUE,FALSE
5887,1,1.24E+18,161.76709,17.27306,1279,26.2,5.2,0.1017308,0.05229756,0.6227771,5887,N3370,161.764587,17.27,161.76709,17.273056,1279,277,9.69,1,0.0144,5887,51.48082563,10.005766,0.18602996,9.326899386,0.172391804,-0.83339727,0.17266865,9.69,0.18,-10.839163,0.117425239,FALSE,0.117425239,1.66E+10,FALSE,FALSE,TRUE,FALSE,FALSE,FALSE,FALSE,FALSE,FALSE,FALSE,FALSE,FALSE,FALSE,FALSE,0.004592111,45284.19535,FALSE,FALSE,0.004266285,TRUE,FALSE
5897,1,1.24E+18,161.92293,11.07667,2718,35.3,7,0.09852189,0.05064794,0.3725963,5897,066-015,161.92334,11.080556,161.922928,11.076667,2718,296,9.59,1,0.012906066,5897,68.12423034,9.756543,0.22158942,9.949938087,0.172242012,-0.71382034,0.1734501,9.59,0.18,-10.470364,0.118271308,FALSE,0.118271308,1.09E+10,FALSE,FALSE,FALSE,TRUE,FALSE,FALSE,FALSE,FALSE,FALSE,FALSE,FALSE,FALSE,FALSE,FALSE,0.008746266,12483.20378,FALSE,FALSE,0.009066272,TRUE,FALSE
5898,1,1.24E+18,161.95959,33.72861,1642,25.9,4.3,0.06318516,0.03248211,0.2499858,5898,M+624014,161.968353,33.730278,161.959595,33.728611,1642,134,8.88,1,0.015396962,5898,75.52339189,8.051661,0.24196436,8.454610717,0.144263569,-1.8442487,0.16856666,8.87,0.15,-9.895909,0.002376318,FALSE,0.002376318,1.12E+09,FALSE,FALSE,FALSE,FALSE,TRUE,FALSE,FALSE,FALSE,FALSE,FALSE,FALSE,FALSE,FALSE,FALSE,0.006303584,24032.3559,FALSE,FALSE,0.005477122,TRUE,FALSE
5906,1,1.24E+18,162.05084,28.60139,1603,8.4,1.7,0.08251038,0.04241678,0.5778315,5906,N3380,162.050415,28.602501,162.050842,28.601389,1603,116,7.51,1,0.007274615,5906,54.70188021,8.959325,0.19297664,8.241161741,0.175785986,-2.5356483,0.177245,7.51,0.18,-11.494973,0.031552057,FALSE,0.031552057,9.54E+08,FALSE,TRUE,FALSE,FALSE,FALSE,FALSE,FALSE,FALSE,FALSE,FALSE,FALSE,FALSE,FALSE,FALSE,0.002907521,112960.2529,FALSE,FALSE,0.005347032,TRUE,FALSE
5909,1,1.24E+18,162.10292,34.71111,1634,26,4.2,0.06751908,0.03471008,0.7134244,5909,N3381,162.104996,34.705833,162.102921,34.711113,1634,70,9.38,1,0.011198106,5909,44.48581618,9.42187,0.14973335,9.818942688,0.140310919,-0.31798944,0.14037046,9.38,0.15,-9.73986,-0.318197177,TRUE,0.318197177,5.83E+09,FALSE,FALSE,FALSE,FALSE,TRUE,FALSE,FALSE,FALSE,FALSE,FALSE,FALSE,TRUE,FALSE,FALSE,0.004562217,45879.58445,TRUE,FALSE,0.005450437,FALSE,TRUE
5914,1,1.24E+18,162.11624,12.53306,1301,20.8,4.1,0.08966489,0.04609476,0.4623571,5914,N3389,162.11792,12.530277,162.116241,12.533055,1301,266,9.43,1,0.018339839,5914,62.460741,9.201338,0.2034017,9.80600378,0.171212367,-0.51087344,0.17125334,9.43,0.18,-9.712212,0.17245777,FALSE,0.17245777,5.17E+09,FALSE,FALSE,FALSE,FALSE,TRUE,FALSE,FALSE,FALSE,FALSE,FALSE,FALSE,FALSE,FALSE,FALSE,0.005949112,26981.5626,FALSE,FALSE,0.004339669,TRUE,FALSE
5920,1,1.24E+18,162.235,14.21917,2956,46.1,4.2,0.1186354,0.06098789,0.6272728,5920,N3391,162.239166,14.213611,162.235001,14.219166,2956,213,9.67,1,0.014816817,5920,51.15084316,9.3655615,0.10499039,9.851409897,0.079135897,-0.61505556,0.08099776,9.69,0.09,-9.980618,0.077785756,FALSE,0.077785756,8.54E+09,FALSE,FALSE,FALSE,FALSE,TRUE,FALSE,FALSE,FALSE,FALSE,FALSE,FALSE,FALSE,FALSE,FALSE,0.010920403,8007.446301,FALSE,FALSE,0.009860155,TRUE,FALSE
5921,1,1.24E+18,162.30292,27.92333,1409,23.4,4.3,0.06099616,0.03135679,0.2010839,5921,155-020,162.30542,27.923332,162.302917,27.923332,1409,149,8.92,1,0.011954138,5921,78.39971652,8.558711,0.2754254,9.073617587,0.159802561,-1.3333297,0.18795927,8.92,0.17,-9.89204,0.014161654,FALSE,0.014161654,1.47E+09,FALSE,FALSE,FALSE,FALSE,TRUE,FALSE,FALSE,FALSE,FALSE,FALSE,FALSE,FALSE,FALSE,FALSE,0.004199606,54144.4831,FALSE,FALSE,0.004699918,TRUE,FALSE
5923,1,1.24E+18,162.28125,6.91694,709,9,2.3,0.08915752,0.04583393,0.4337371,5923,038-022,162.286255,6.916667,162.28125,6.916945,709,142,7.82,1,0.018,5923,64.29509353,8.309494,0.25158292,8.458176659,0.221973485,-2.378331,0.22600523,7.82,0.23,-10.687825,0.204982616,FALSE,0.204982616,2.92E+08,FALSE,FALSE,TRUE,FALSE,FALSE,FALSE,FALSE,FALSE,FALSE,FALSE,FALSE,FALSE,FALSE,FALSE,0.003181985,94313.80096,FALSE,FALSE,0.002364969,TRUE,FALSE
5927,1,1.24E+18,162.35417,32.77222,1637,25.9,4.3,0.106521,0.05476012,0.7287127,5927,I2604,162.357498,32.778057,162.354172,32.772221,1637,143,9.14,1,0.007043476,5927,43.22145307,8.894557,0.15251528,9.131813324,0.144210461,-1.3414878,0.14772196,9.13,0.15,-10.236045,0.088882674,FALSE,0.088882674,2.62E+09,FALSE,FALSE,FALSE,TRUE,FALSE,FALSE,FALSE,FALSE,FALSE,FALSE,FALSE,FALSE,FALSE,FALSE,0.002874849,115542.3753,FALSE,FALSE,0.005460444,TRUE,FALSE
5931,1,1.24E+18,162.45834,32.9825,1614,25.9,4.3,0.08184355,0.04207398,0.4499995,5931,N3395,162.465424,32.981388,162.458344,32.982502,1614,186,9.72,1,0.014062301,5931,63.25640156,9.15056,0.18352237,10.13602208,0.144206853,-0.4307478,0.1442657,9.72,0.15,-9.581308,-0.038636203,FALSE,0.038636203,8.39E+09,FALSE,FALSE,FALSE,FALSE,TRUE,FALSE,FALSE,FALSE,FALSE,FALSE,FALSE,FALSE,FALSE,FALSE,0.005658994,29818.98718,FALSE,FALSE,0.005383724,TRUE,FALSE
5945,1,1.24E+18,162.60582,17.56306,1133,19.1,4.2,0.111378,0.05725697,0.4070928,5945,095-036,162.601242,17.567223,162.60582,17.563055,1133,144,8.53,1,0.018,5945,65.97771633,8.376079,0.22942854,8.594409131,0.19101279,-2.2658453,0.25231427,8.53,0.2,-10.641924,0.111961705,FALSE,0.111961705,6.88E+08,FALSE,FALSE,TRUE,FALSE,FALSE,FALSE,FALSE,FALSE,FALSE,FALSE,FALSE,FALSE,FALSE,FALSE,0.005084892,36932.43128,FALSE,FALSE,0.003779281,TRUE,FALSE
5947,1,1.24E+18,162.62666,19.64417,1252,21.1,2.3,0.1167233,0.06000489,0.5276439,5947,095-038,162.628738,19.639166,162.626663,19.644167,1252,86,8.9,1,0.014835696,5947,58.15364869,8.060783,0.1319216,8.582146321,0.094837856,-2.0777657,0.2841682,8.9,0.11,-10.138549,-0.138118433,FALSE,0.138118433,1.17E+09,FALSE,FALSE,FALSE,TRUE,FALSE,FALSE,FALSE,FALSE,FALSE,FALSE,FALSE,FALSE,FALSE,FALSE,0.004631179,44523.38954,FALSE,FALSE,0.004176222,TRUE,FALSE
5948,1,1.24E+18,162.65916,15.76333,1121,11.1,2.1,0.08207465,0.04219278,0.4227454,5948,,162.660004,15.764444,162.659164,15.763333,1121,106,8.66,1,0.017569761,5948,64.99201709,7.327378,0.20602791,7.200235974,0.165690852,-2.8811903,0.36709157,8.2,0.17,-10.208569,-0.007922308,FALSE,0.007922308,6.29E+08,FALSE,FALSE,FALSE,TRUE,FALSE,FALSE,FALSE,FALSE,FALSE,FALSE,FALSE,FALSE,FALSE,FALSE,0.004910784,39597.6849,FALSE,FALSE,0.003739254,TRUE,FALSE
5958,1,1.24E+18,162.81584,27.84889,1185,26.7,5.3,0.0779447,0.04006966,0.2064248,5958,155-028,162.820007,27.844444,162.815842,27.84889,1185,180,8.68,1,0.006366115,5958,78.08714775,9.231734,0.28005424,9.290363699,0.172417985,-1.7283795,0.18777066,8.68,0.18,-10.960114,0.046061859,FALSE,0.046061859,2.34E+09,FALSE,FALSE,TRUE,FALSE,FALSE,FALSE,FALSE,FALSE,FALSE,FALSE,FALSE,FALSE,FALSE,FALSE,0.001880928,269915.0299,FALSE,FALSE,0.003952735,TRUE,FALSE
5959,1,1.24E+18,162.81708,27.97472,1459,25.1,2.6,0.08271781,0.04252342,0.7632431,5959,N3414,162.818344,27.973612,162.817078,27.974722,1459,374,8.31,1,0.009605896,5959,40.24909134,10.592896,0.10029299,9.926639562,0.089973368,-1.3059018,0.09086812,8.31,0.1,-11.898798,0.237302371,FALSE,0.237302371,3.94E+10,TRUE,FALSE,FALSE,FALSE,FALSE,FALSE,FALSE,FALSE,FALSE,FALSE,FALSE,FALSE,FALSE,FALSE,0.003494399,78203.53484,FALSE,FALSE,0.0048667,TRUE,FALSE
5960,1,1.24E+18,162.83626,32.76639,642,8.9,4.1,0.073743,0.03790966,0.5282037,5960,N3413,162.843765,32.763054,162.836258,32.766388,642,156,8.49,1,0.009407197,5960,58.11588286,8.441631,0.41049746,8.789845097,0.400136582,-1.4999299,0.40017277,8.45,0.4,-9.941561,0.178556022,FALSE,0.178556022,6.87E+08,FALSE,FALSE,FALSE,FALSE,TRUE,FALSE,FALSE,FALSE,FALSE,FALSE,FALSE,FALSE,FALSE,FALSE,0.001505825,421135.8319,FALSE,FALSE,0.002141481,TRUE,FALSE
5962,1,1.24E+18,162.81,5.83944,1008,11.7,2.3,0.09844891,0.05061043,0.8827606,5962,N3423,162.8125,5.839722,162.809998,5.839445,1008,156,9.35,1,0.019372749,5962,28.02283632,9.2583275,0.17314593,8.217835977,0.170748979,-1.9774324,0.17143476,9.08,0.18,-11.23576,0.224814162,FALSE,0.224814162,4.79E+09,FALSE,TRUE,FALSE,FALSE,FALSE,FALSE,FALSE,FALSE,FALSE,FALSE,FALSE,FALSE,FALSE,FALSE,0.004868903,40281.82709,FALSE,FALSE,0.003362326,TRUE,FALSE
5963,1,1.24E+18,162.85001,28.11167,1257,23.4,4.2,0.06398261,0.03289206,0.5358037,5963,N3418,162.861664,28.11389,162.850006,28.111668,1257,156,7.91,1,0.014600056,5963,57.60161586,9.613678,0.17990173,9.702638278,0.155900789,-1.425364,0.15978321,7.91,0.17,-11.0390415,-0.015921061,FALSE,0.015921061,4.22E+09,FALSE,TRUE,FALSE,FALSE,FALSE,FALSE,FALSE,FALSE,FALSE,FALSE,FALSE,FALSE,FALSE,FALSE,0.004575822,45607.17057,FALSE,FALSE,0.004192901,TRUE,FALSE
5972,1,1.24E+18,162.94334,32.9,1540,26,4.2,0.07720635,0.03969009,0.1854239,5972,N3424,162.966675,32.908611,162.943344,32.900002,1540,264,9.38,1,0.014071987,5972,79.31421931,9.881014,0.27445424,10.36911664,0.140310543,0.26096386,0.14031339,9.42,0.15,-9.62005,0.044618618,FALSE,0.044618618,1.08E+10,FALSE,FALSE,FALSE,FALSE,TRUE,FALSE,FALSE,FALSE,FALSE,FALSE,FALSE,FALSE,FALSE,FALSE,0.005403255,32708.48556,FALSE,FALSE,0.005136887,TRUE,FALSE
5974,1,1.24E+18,162.89626,4.5825,1038,23.7,4.7,0.1125484,0.05785866,0.4218008,5974,038-032,162.896683,4.583611,162.896255,4.5825,1038,155,9.39,1,0.01794246,5974,65.05172312,8.731004,0.21124145,9.010540108,0.172259644,-1.7726698,0.19211875,9.39,0.18,-10.503674,-0.038446637,FALSE,0.038446637,3.80E+09,FALSE,FALSE,TRUE,FALSE,FALSE,FALSE,FALSE,FALSE,FALSE,FALSE,FALSE,FALSE,FALSE,FALSE,0.004643641,44284.73477,FALSE,FALSE,0.003462395,TRUE,FALSE
5981,1,1.24E+18,163.01625,10.14833,2722,41.6,2.2,0.1015186,0.05218847,0.8190016,5981,N3433,163.013748,10.147778,163.016251,10.148334,2722,256,10.06,1,0.014829621,5981,35.01505496,10.206389,0.05850326,9.327899816,0.04593737,-1.3131714,0.05887756,10.06,0.06,-11.519561,0.149124333,FALSE,0.149124333,3.14E+10,TRUE,FALSE,FALSE,FALSE,FALSE,FALSE,FALSE,FALSE,FALSE,FALSE,FALSE,FALSE,FALSE,FALSE,0.010064623,9427.062421,FALSE,FALSE,0.009079615,TRUE,FALSE
5982,1,1.24E+18,163.0475,32.95111,1584,30.9,6.4,0.07799283,0.04009441,0.5464336,5982,N3430,163.043747,32.944168,163.047501,32.951111,1584,337,10,1,0.004699548,5982,56.87736266,10.301648,0.19998115,9.371272722,0.179902067,-0.8261278,0.18004085,10,0.19,-11.127776,0.097652431,FALSE,0.097652431,3.33E+10,FALSE,TRUE,FALSE,FALSE,FALSE,FALSE,FALSE,FALSE,FALSE,FALSE,FALSE,FALSE,FALSE,FALSE,0.001856054,277198.065,FALSE,FALSE,0.005283655,TRUE,FALSE
5989,1,1.24E+18,163.13208,19.79222,1127,19.1,2.4,0.1233471,0.06341001,0.4607365,5989,095-053,163.132492,19.786388,163.13208,19.792221,1127,140,8.85,1,0.0036,5989,62.56541013,8.734946,0.15513034,8.896520947,0.109144659,-1.5000235,0.111718915,8.85,0.12,-10.23497,0.028740621,FALSE,0.028740621,1.48E+09,FALSE,FALSE,FALSE,TRUE,FALSE,FALSE,FALSE,FALSE,FALSE,FALSE,FALSE,FALSE,FALSE,FALSE,0.001011593,933168.1227,FALSE,FALSE,0.003759267,TRUE,FALSE
5990,1,1.24E+18,163.16,34.48333,1579,26,4.3,0.0630521,0.0324137,0.2378509,5990,184-031,163.164993,34.472778,163.160004,34.483334,1579,204,8.69,1,0.018661508,5990,76.24033102,9.120752,0.24712577,9.27470288,0.14365211,-1.2432882,0.14469604,8.71,0.15,-10.36404,0.122264694,FALSE,0.122264694,1.97E+09,FALSE,FALSE,FALSE,TRUE,FALSE,FALSE,FALSE,FALSE,FALSE,FALSE,FALSE,FALSE,FALSE,FALSE,0.007346969,17691.10653,FALSE,FALSE,0.005266977,TRUE,FALSE
5995,1,1.24E+18,163.14751,22.93472,1276,25.1,4.8,0.06157279,0.03165323,0.4135893,5995,N3437,163.14917,22.936388,163.147507,22.934721,1276,309,9.41,1,0.010577711,5995,65.56954603,10.0493,0.20795715,9.572785955,0.166104681,0.018303443,0.16610567,9.41,0.17,-10.030996,0.113166045,FALSE,0.113166045,1.46E+10,FALSE,FALSE,FALSE,TRUE,FALSE,FALSE,FALSE,FALSE,FALSE,FALSE,FALSE,FALSE,FALSE,FALSE,0.003365284,84319.49273,FALSE,FALSE,0.004256278,TRUE,FALSE
6000,1,1.24E+18,163.25041,17.57306,1131,25.4,5.1,0.120126,0.06175417,0.5560231,6000,N3443,163.246246,17.574446,163.250412,17.573057,1131,176,9.35,1,0.012796657,6000,56.21883517,8.650331,0.19556354,9.1500741,0.1744076,-1.4814404,0.1835144,9.35,0.18,-10.131771,0.065886867,FALSE,0.065886867,3.42E+09,FALSE,FALSE,FALSE,TRUE,FALSE,FALSE,FALSE,FALSE,FALSE,FALSE,FALSE,FALSE,FALSE,FALSE,0.003608598,73332.15705,FALSE,FALSE,0.00377261,TRUE,FALSE
6001,1,1.24E+18,163.28333,33.91,1729,26,4.4,0.06036631,0.031033,0.9282731,6001,N3442,163.286667,33.915001,163.283325,33.91,1729,130,8.81,1,0.014938469,6001,21.83281514,9.1171875,0.14909513,9.531102798,0.146992158,-0.63659245,0.14705321,8.76,0.15,-9.75378,0.33319229,TRUE,0.33319229,2.17E+09,FALSE,FALSE,FALSE,FALSE,TRUE,FALSE,FALSE,FALSE,FALSE,FALSE,FALSE,TRUE,FALSE,FALSE,0.006439919,23025.57909,TRUE,FALSE,0.005767323,FALSE,TRUE
6023,1,1.24E+18,163.58749,27.24056,1333,28.2,5.2,0.0718857,0.03695486,0.3500002,6023,N3451,163.587494,27.239166,163.587494,27.240557,1333,237,9.19,1,0.016749779,6023,69.51273137,9.648219,0.21805222,10.19581669,0.160166429,-0.57920927,0.16027422,9.19,0.17,-10.227428,0.07346742,FALSE,0.07346742,6.51E+09,FALSE,FALSE,FALSE,TRUE,FALSE,FALSE,FALSE,FALSE,FALSE,FALSE,FALSE,FALSE,FALSE,FALSE,0.005566966,30813.02009,FALSE,FALSE,0.004446409,TRUE,FALSE
6028,1,1.24E+18,163.62958,17.28389,1104,33.4,6.5,0.1077375,0.0553855,0.5999953,6028,N3455,163.626251,17.292778,163.629578,17.283888,1104,210,9.66,1,0.009955098,6028,53.13048384,9.6316595,0.1848678,9.957839404,0.169037184,-0.515889,0.16934717,9.66,0.17,-10.147549,0.038985316,FALSE,0.038985316,1.04E+10,FALSE,FALSE,FALSE,TRUE,FALSE,FALSE,FALSE,FALSE,FALSE,FALSE,FALSE,FALSE,FALSE,FALSE,0.002740274,127169.6577,FALSE,FALSE,0.003682548,TRUE,FALSE
6035,1,1.24E+18,163.87083,17.14167,1073,19.2,4.2,0.09983204,0.05132147,0.4626448,6035,095-068,163.873337,17.141388,163.870834,17.141666,1073,35,8.83,1,0.019917501,6035,62.44214901,8.04772,0.22142416,8.563391875,0.190019811,-2.3300886,0.2399181,8.83,0.19,-10.377809,-0.531086409,TRUE,0.531086409,1.01E+09,FALSE,FALSE,FALSE,TRUE,FALSE,FALSE,FALSE,FALSE,FALSE,FALSE,TRUE,FALSE,FALSE,FALSE,0.00532861,33631.2949,TRUE,TRUE,0.003579143,FALSE,TRUE
6070,1,1.24E+18,164.94292,33.39139,1850,29.2,2.3,0.0619499,0.03184709,0.7257721,6070,184-041,164.945847,33.388615,164.942917,33.391392,1850,122,9.08,1,0.011539099,6070,43.46692132,8.972639,0.08478093,9.444909705,0.068417131,-0.7689492,0.06884951,9.08,0.08,-9.741589,0.021403854,FALSE,0.021403854,2.54E+09,FALSE,FALSE,FALSE,FALSE,TRUE,FALSE,FALSE,FALSE,FALSE,FALSE,FALSE,FALSE,FALSE,FALSE,0.005322589,33707.41692,FALSE,FALSE,0.006170936,TRUE,FALSE
6077,1,1.24E+18,165.00999,14.84111,1432,17.5,3.5,0.0697059,0.03583428,0.759569,6077,N3485,165.008759,14.833333,165.009995,14.841111,1432,135,8.91,1,0.017768039,6077,40.57381767,9.528787,0.17933375,8.605775061,0.173718421,-1.388669,0.17397529,9.28,0.18,-10.917456,0.028512904,FALSE,0.028512904,4.46E+09,FALSE,FALSE,TRUE,FALSE,FALSE,FALSE,FALSE,FALSE,FALSE,FALSE,FALSE,FALSE,FALSE,FALSE,0.006343981,23727.26577,FALSE,FALSE,0.004776638,TRUE,FALSE
6079,1,1.24E+18,165.10042,28.97528,677,9.7,4.1,0.07143842,0.03672493,0.7161946,6079,N3486,165.099579,28.973057,165.100418,28.975279,677,202,9.38,1,0.007254962,6079,44.25885069,9.615518,0.37076095,8.691834809,0.367135553,-2.3102722,0.36745432,9.41,0.37,-11.92579,0.119196837,FALSE,0.119196837,7.32E+09,TRUE,FALSE,FALSE,FALSE,FALSE,FALSE,FALSE,FALSE,FALSE,FALSE,FALSE,FALSE,FALSE,FALSE,0.001224625,636744.3601,FALSE,FALSE,0.002258229,TRUE,FALSE
6082,1,1.24E+18,165.0775,13.90111,695,12,1.2,0.0540752,0.02779888,0.6246023,6082,N3489,165.086243,13.927778,165.077499,13.901111,695,113,7.4,1,0.005017167,6082,51.34704009,9.902999,0.11118596,9.56689927,0.086858899,-1.6336008,0.08711911,7.4,0.1,-11.5366,-0.192030673,FALSE,0.192030673,8.03E+09,TRUE,FALSE,FALSE,FALSE,FALSE,FALSE,FALSE,FALSE,FALSE,FALSE,FALSE,FALSE,FALSE,FALSE,8.69E-04,1263356.75,FALSE,FALSE,0.00231827,TRUE,FALSE
6083,1,1.24E+18,165.09875,16.69194,944,31.2,6.2,0.0671122,0.03450091,0.1751113,6083,095-087,165.094177,16.695833,165.098755,16.691944,944,169,8.93,1,0.022463981,6083,79.91493236,8.992913,0.29844746,9.10566135,0.172608951,-2.3345137,0.35255998,8.93,0.18,-11.327427,0.026991893,FALSE,0.026991893,2.12E+09,FALSE,TRUE,FALSE,FALSE,FALSE,FALSE,FALSE,FALSE,FALSE,FALSE,FALSE,FALSE,FALSE,FALSE,0.00528735,34158.22489,FALSE,FALSE,0.003148845,TRUE,FALSE
6095,1,1.24E+18,165.26834,19.10028,1113,19,2.3,0.07762083,0.03990317,0.4390557,6095,,165.272491,19.099445,165.268341,19.100279,1113,116,8.6,1,0.004953011,6095,63.95640742,7.186304,0.15734644,7.072293599,0.106689946,-2.7434516,0.22710541,8.58,0.11,-9.929756,0.050604593,FALSE,0.050604593,5.45E+08,FALSE,FALSE,FALSE,FALSE,TRUE,FALSE,FALSE,FALSE,FALSE,FALSE,FALSE,FALSE,FALSE,FALSE,0.001374497,505456.5336,FALSE,FALSE,0.003712568,TRUE,FALSE
6098,1,1.24E+18,165.31792,3.6275,1129,18.4,3.7,0.1522278,0.07825699,0.3431929,6098,N3495,165.317505,3.625556,165.317917,3.6275,1129,305,9.46,1,0.010778362,6098,69.92853643,9.767996,0.23069198,8.639288223,0.174662458,-1.5478997,0.17511453,9.46,0.18,-11.315895,0.138563901,FALSE,0.138563901,9.70E+09,FALSE,TRUE,FALSE,FALSE,FALSE,FALSE,FALSE,FALSE,FALSE,FALSE,FALSE,FALSE,FALSE,FALSE,0.003034073,103733.5673,FALSE,FALSE,0.003765939,TRUE,FALSE
6102,1,1.24E+18,165.45168,28.68833,697,9.6,4.2,0.0891073,0.04580811,0.7205775,6102,155-045,165.449173,28.68861,165.451675,28.688332,697,70,8.31,1,0.017354436,6102,43.89785657,7.1430645,0.3834202,7.56868662,0.380042333,-3.376582,0.47241396,8.3,0.38,-10.519647,0.013959086,FALSE,0.013959086,2.85E+08,FALSE,FALSE,TRUE,FALSE,FALSE,FALSE,FALSE,FALSE,FALSE,FALSE,FALSE,FALSE,FALSE,FALSE,0.003015939,104984.7368,FALSE,FALSE,0.002324942,TRUE,FALSE
6104,1,1.24E+18,165.46208,16.60667,2945,47.2,9.8,0.06725609,0.03457488,0.3483274,6104,095-093,165.459991,16.612223,165.462082,16.606667,2945,245,9.61,1,0.012815835,6104,69.6150133,9.298837,0.23367746,9.593397781,0.180346554,-1.1076717,0.19007735,9.61,0.18,-10.406508,0.073539787,FALSE,0.073539787,7.41E+09,FALSE,FALSE,FALSE,TRUE,FALSE,FALSE,FALSE,FALSE,FALSE,FALSE,FALSE,FALSE,FALSE,FALSE,0.009410475,10783.21627,FALSE,FALSE,0.009823463,TRUE,FALSE
6112,1,1.24E+18,165.64668,16.73445,1033,17.3,2.3,0.06786598,0.03488842,0.4159447,6112,095-096,165.646683,16.737778,165.646683,16.734446,1033,167,9.13,1,0.017729345,6112,65.42123242,7.854433,0.16952728,8.300261995,0.115577928,-2.2738986,0.18532242,9.03,0.13,-10.128332,0.069971767,FALSE,0.069971767,1.87E+09,FALSE,FALSE,FALSE,TRUE,FALSE,FALSE,FALSE,FALSE,FALSE,FALSE,FALSE,FALSE,FALSE,FALSE,0.004566383,45795.91104,FALSE,FALSE,0.003445717,TRUE,FALSE
6116,1,1.24E+18,165.69751,17.98944,1130,24,4.8,0.07694213,0.03955426,0.174501,6116,N3501,165.69751,17.990557,165.69751,17.989445,1130,303,9.39,1,0.018,6116,79.95044682,9.899072,0.29969037,10.10521872,0.173717846,-0.6119332,0.17385386,9.39,0.18,-10.511004,0.099652094,FALSE,0.099652094,1.12E+10,FALSE,FALSE,TRUE,FALSE,FALSE,FALSE,FALSE,FALSE,FALSE,FALSE,FALSE,FALSE,FALSE,FALSE,0.005071428,37128.793,FALSE,FALSE,0.003769274,TRUE,FALSE
6118,1,1.24E+18,165.79625,27.97278,1540,24.1,4.2,0.08727521,0.04486628,0.5743293,6118,N3504,165.796249,27.968611,165.796249,27.972778,1540,194,8.88,1,0.007870748,6118,54.94737023,10.224742,0.17153579,10.04358794,0.151372352,0.696369,0.15137239,8.84,0.16,-9.528373,-0.064095962,FALSE,0.064095962,1.78E+10,FALSE,FALSE,FALSE,FALSE,TRUE,FALSE,FALSE,FALSE,FALSE,FALSE,FALSE,FALSE,FALSE,FALSE,0.00302215,104553.6675,FALSE,FALSE,0.005136887,TRUE,FALSE
6123,1,1.24E+18,165.85583,18.13528,977,19.4,4.3,0.0808568,0.04156671,0.587635,6123,N3507,165.858337,18.133612,165.855835,18.135277,977,145,9.25,1,0.02022992,6123,54.01068599,9.834392,0.20752546,9.711491236,0.192522343,-0.79571843,0.19259511,9.25,0.2,-10.63011,-0.113819569,FALSE,0.113819569,9.19E+09,FALSE,FALSE,TRUE,FALSE,FALSE,FALSE,FALSE,FALSE,FALSE,FALSE,FALSE,FALSE,FALSE,FALSE,0.00492797,39321.97025,FALSE,FALSE,0.003258921,TRUE,FALSE
6126,1,1.24E+18,165.93124,28.88528,704,16.7,3.3,0.1009829,0.0519131,0.2971443,6126,N3510,165.936676,28.888056,165.931244,28.885277,704,184,9.45,1,0.016601617,6126,72.71389779,8.721521,0.24185568,9.508049158,0.171640781,-1.5320888,0.17283654,9.45,0.18,-10.253611,8.67E-04,FALSE,8.67E-04,4.28E+09,FALSE,FALSE,FALSE,TRUE,FALSE,FALSE,FALSE,FALSE,FALSE,FALSE,FALSE,FALSE,FALSE,FALSE,0.002914086,112451.8564,FALSE,FALSE,0.002348291,TRUE,FALSE
6128,1,1.24E+18,166.01167,28.03667,1372,24.1,4.3,0.09283648,0.0477252,0.7836463,6128,N3512,166.01416,28.03611,166.011673,28.036667,1372,203,8.97,1,0.014405215,6128,38.40438211,9.944971,0.16031319,9.085805193,0.154976612,-1.4327306,0.15589109,9.01,0.16,-11.377702,0.137418277,FALSE,0.137418277,1.01E+10,FALSE,TRUE,FALSE,FALSE,FALSE,FALSE,FALSE,FALSE,FALSE,FALSE,FALSE,FALSE,FALSE,FALSE,0.004927801,39324.66363,FALSE,FALSE,0.004576499,TRUE,FALSE
6138,1,1.24E+18,166.16626,27.72306,2574,39.3,2.4,0.1177284,0.06052161,0.6323999,6138,155-054,166.165405,27.723612,166.16626,27.723057,2574,203,9.57,1,0.0108,6138,50.7726373,9.061038,0.08607952,9.272427546,0.053072618,-1.4061649,0.10213913,9.57,0.07,-10.467203,0.095911844,FALSE,0.095911844,6.09E+09,FALSE,FALSE,FALSE,TRUE,FALSE,FALSE,FALSE,FALSE,FALSE,FALSE,FALSE,FALSE,FALSE,FALSE,0.006931251,19876.87618,FALSE,FALSE,0.00858594,TRUE,FALSE
6157,1,1.24E+18,166.60501,17.5075,2955,44.9,2.3,0.07044154,0.03621246,0.683275,6157,095-110,166.607925,17.505556,166.605011,17.5075,2955,131,9.79,1,0.003433239,6157,46.89994339,9.335094,0.07284673,9.483305721,0.044526641,-1.1187463,0.07435061,9.79,0.06,-10.45384,-0.12631573,FALSE,0.12631573,1.04E+10,FALSE,FALSE,FALSE,TRUE,FALSE,FALSE,FALSE,FALSE,FALSE,FALSE,FALSE,FALSE,FALSE,FALSE,0.002529536,149241.5268,FALSE,FALSE,0.009856819,TRUE,FALSE
6159,1,1.24E+18,166.66833,20.08528,1220,25.2,5.3,0.07543662,0.03878032,0.6270981,6159,N3522,166.675003,20.084723,166.668335,20.085278,1220,256,8.46,1,0.018374675,6159,51.16369457,9.718741,0.19522876,9.760582168,0.182679509,-2.560662,0.38866174,8.46,0.19,-12.279404,0.20308256,FALSE,0.20308256,5.62E+09,TRUE,FALSE,FALSE,FALSE,FALSE,FALSE,FALSE,FALSE,FALSE,FALSE,FALSE,FALSE,FALSE,FALSE,0.005589318,30567.06457,FALSE,FALSE,0.004069482,TRUE,FALSE
6167,1,1.24E+18,166.73666,7.17389,1416,19.2,3.6,0.1103605,0.05673392,0.1937781,6167,N3526,166.736664,7.173055,166.736664,7.173889,1416,196,8.96,1,0.014733844,6167,78.82671415,8.973425,0.2814633,9.361869811,0.162861401,-1.4303427,0.16619113,8.96,0.17,-10.403768,0.090987324,FALSE,0.090987324,2.15E+09,FALSE,FALSE,FALSE,TRUE,FALSE,FALSE,FALSE,FALSE,FALSE,FALSE,FALSE,FALSE,FALSE,FALSE,0.00520186,35290.19735,FALSE,FALSE,0.004723268,TRUE,FALSE
6169,1,1.24E+18,166.76416,12.05944,1551,17.5,3.4,0.05125896,0.02635111,0.2999211,6169,066-115,166.765427,12.061389,166.76416,12.059444,1551,241,9.24,1,0.0144,6169,72.54719701,8.963629,0.23885919,9.114167777,0.168754992,-1.5103669,0.16982582,8.92,0.18,-10.473995,0.148865435,FALSE,0.148865435,3.23E+09,FALSE,FALSE,FALSE,TRUE,FALSE,FALSE,FALSE,FALSE,FALSE,FALSE,FALSE,FALSE,FALSE,FALSE,0.005568697,30793.86125,FALSE,FALSE,0.005173579,TRUE,FALSE
6171,1,1.24E+18,166.79167,18.56917,1204,20.7,2.3,0.07319225,0.03762653,0.3499997,6171,095-115,166.792496,18.569723,166.791672,18.569168,1204,148,9.1,1,0.009920832,6171,69.51276195,8.433486,0.17693314,8.713194373,0.096536098,-2.8543634,0.49353912,9.15,0.1,-11.287849,8.19E-05,FALSE,8.19E-05,1.95E+09,FALSE,TRUE,FALSE,FALSE,FALSE,FALSE,FALSE,FALSE,FALSE,FALSE,FALSE,FALSE,FALSE,FALSE,0.0029782,107662.2778,FALSE,FALSE,0.004016112,TRUE,FALSE
6176,1,1.24E+18,166.85291,21.65667,2690,41.1,2.3,0.05869728,0.03017499,0.7358271,6176,125-029,166.854172,21.651388,166.852905,21.656666,2690,265,9.06,1,0.022073362,6176,42.62288475,10.006025,0.068631165,10.24333712,0.048607421,0.3898562,0.048627127,9.06,0.07,-9.616169,0.199523536,FALSE,0.199523536,1.17E+10,FALSE,FALSE,FALSE,FALSE,TRUE,FALSE,FALSE,FALSE,FALSE,FALSE,FALSE,FALSE,FALSE,FALSE,0.014804716,4356.835843,FALSE,FALSE,0.008972874,TRUE,FALSE
6194,1,1.24E+18,167.2525,22.92889,2638,40.3,2.4,0.05420453,0.02786536,0.9438968,6194,125-031,167.25708,22.929722,167.252502,22.928888,2638,111,9.45,1,0.009788349,6194,19.28339376,9.228012,0.057077397,9.620349645,0.051736521,-1.0244728,0.06524538,9.45,0.07,-10.252485,0.216326586,FALSE,0.216326586,5.44E+09,FALSE,FALSE,FALSE,TRUE,FALSE,FALSE,FALSE,FALSE,FALSE,FALSE,FALSE,FALSE,FALSE,FALSE,0.006438187,23037.97246,FALSE,FALSE,0.008799421,TRUE,FALSE
6209,1,1.24E+18,167.48291,10.72,1584,21.1,4.4,0.07929999,0.04076639,0.4796052,6209,N3547,167.486237,10.719999,167.48291,10.719999,1584,204,8.95,1,0.0036,6209,61.34043163,9.164689,0.20925197,9.563125096,0.181127805,-0.66348803,0.1811971,8.95,0.19,-9.828177,0.134435549,FALSE,0.134435549,2.65E+09,FALSE,FALSE,FALSE,FALSE,TRUE,FALSE,FALSE,FALSE,FALSE,FALSE,FALSE,FALSE,FALSE,FALSE,0.001421795,472386.3854,FALSE,FALSE,0.005283655,TRUE,FALSE
6222,1,1.24E+18,167.76791,34.56944,1960,30.8,2.2,0.06684189,0.03436195,0.8961661,6222,,167.768753,34.57111,167.767914,34.569443,1960,87,8.99,1,0.01603873,6222,26.34141554,8.247676,0.06932602,8.47147157,0.062325905,-1.8915869,0.13294297,8.99,0.08,-10.139263,0.123808,FALSE,0.123808,1.48E+09,FALSE,FALSE,FALSE,TRUE,FALSE,FALSE,FALSE,FALSE,FALSE,FALSE,FALSE,FALSE,FALSE,FALSE,0.007838002,15543.92288,FALSE,FALSE,0.006537856,TRUE,FALSE
6233,1,1.24E+18,167.86792,6.90722,1605,26,2.2,0.1637972,0.08420455,0.2804234,6233,039-056,167.86792,6.906389,167.86792,6.907222,1605,212,8.5,1,0.0072,6233,73.7145861,9.220293,0.19301362,9.400837371,0.073497093,-0.8879032,0.074126065,8.5,0.09,-10.108196,0.138249898,FALSE,0.138249898,2.08E+09,FALSE,FALSE,FALSE,TRUE,FALSE,FALSE,FALSE,FALSE,FALSE,FALSE,FALSE,FALSE,FALSE,FALSE,0.002881289,115026.4355,FALSE,FALSE,0.005353704,TRUE,FALSE
6241,1,1.24E+18,168.01584,28.48611,1549,25.5,2.3,0.06825947,0.0350907,0.2138496,6241,156-019,168.012909,28.486668,168.015839,28.486111,1549,171,8.46,1,0.004792901,6241,77.65202097,8.892913,0.22956882,9.133237851,0.078345792,-1.4074953,0.08325153,8.46,0.09,-10.300408,0.100287474,FALSE,0.100287474,1.17E+09,FALSE,FALSE,FALSE,TRUE,FALSE,FALSE,FALSE,FALSE,FALSE,FALSE,FALSE,FALSE,FALSE,FALSE,0.001851097,278684.6035,FALSE,FALSE,0.005166908,TRUE,FALSE
6245,1,1.24E+18,168.16583,9.05583,1421,17.5,3.6,0.08277513,0.04255288,0.4260057,6245,I 676,168.171249,9.065278,168.165833,9.055834,1421,177,8.27,1,0.017919553,6245,64.78571716,9.52229,0.21574375,9.728652564,0.17868122,0.031609036,0.17868297,8,0.18,-9.490682,0.026807485,FALSE,0.026807485,3.58E+09,FALSE,FALSE,FALSE,FALSE,FALSE,TRUE,FALSE,FALSE,FALSE,FALSE,FALSE,FALSE,FALSE,FALSE,0.006348931,23690.28189,FALSE,FALSE,0.004739946,TRUE,FALSE
6258,1,1.24E+18,168.4579,21.52083,1452,24.3,2.4,0.06250004,0.03212991,0.2796604,6258,126-010,168.456238,21.520555,168.457901,21.520834,1452,168,9.16,1,0.014784315,6258,73.76012493,8.305381,0.19821663,8.593137768,0.085829008,-2.1163094,0.15817899,9.16,0.1,-10.42169,0.034894254,FALSE,0.034894254,2.12E+09,FALSE,FALSE,FALSE,TRUE,FALSE,FALSE,FALSE,FALSE,FALSE,FALSE,FALSE,FALSE,FALSE,FALSE,0.005352383,33333.20561,FALSE,FALSE,0.004843351,TRUE,FALSE
6267,1,1.24E+18,168.61375,17.25917,1298,22.2,4.3,0.05008974,0.02575004,0.2262224,6267,N3592,168.616241,17.26111,168.613754,17.259167,1298,181,8.66,1,0.017485611,6267,76.92529489,9.431194,0.26755726,9.486887258,0.16824067,-1.3384136,0.16996783,8.66,0.18,-10.769608,0.012943977,FALSE,0.012943977,3.31E+09,FALSE,FALSE,TRUE,FALSE,FALSE,FALSE,FALSE,FALSE,FALSE,FALSE,FALSE,FALSE,FALSE,FALSE,0.005658937,29819.59347,FALSE,FALSE,0.004329662,TRUE,FALSE
6271,1,1.24E+18,168.655,30.31417,1999,31.5,2.3,0.05067938,0.02605316,0.3750318,6271,156-033,168.65918,30.316387,168.654999,30.314165,1999,220,8.96,1,0.018266315,6271,67.97377913,9.500503,0.15219505,9.718573032,0.063421154,-0.64381623,0.06374761,8.96,0.08,-10.144319,0.088708255,FALSE,0.088708255,4.38E+09,FALSE,FALSE,FALSE,TRUE,FALSE,FALSE,FALSE,FALSE,FALSE,FALSE,FALSE,FALSE,FALSE,FALSE,0.009104227,11520.86943,FALSE,FALSE,0.006667946,TRUE,FALSE
6272,1,1.24E+18,168.65417,12.81722,631,8.9,1.8,0.06420108,0.03300437,0.4292244,6272,N3593,168.650421,12.814167,168.654175,12.817223,631,254,8.33,1,0.020608124,6272,64.58170586,9.79397,0.21265872,9.01693021,0.175669685,-0.94707114,0.17567176,8.33,0.18,-10.741041,0.119419387,FALSE,0.119419387,6.51E+09,FALSE,FALSE,TRUE,FALSE,FALSE,FALSE,FALSE,FALSE,FALSE,FALSE,FALSE,FALSE,FALSE,FALSE,0.003242255,90839.99302,FALSE,FALSE,0.002104789,TRUE,FALSE
6277,1,1.24E+18,168.77583,14.78667,1193,10.8,4.4,0.08012168,0.0411888,0.980001,6277,N3596,168.775009,14.78389,168.775833,14.786667,1193,118,8.99,1,0.015022728,6277,11.47806272,9.28181,0.35461217,8.516578061,0.353869636,-1.7107077,0.35392523,8.99,0.35,-10.992517,0.520025168,TRUE,0.520025168,3.21E+09,FALSE,FALSE,TRUE,FALSE,FALSE,FALSE,FALSE,FALSE,FALSE,TRUE,FALSE,FALSE,FALSE,FALSE,0.00446857,47822.71551,TRUE,TRUE,0.00397942,FALSE,TRUE
6296,1,1.24E+18,169.21249,17.79806,967,19.8,4.4,0.06349736,0.0326426,0.3499148,6296,096-020,169.213745,17.794722,169.212494,17.798056,967,185,8.31,1,0.019883319,6296,69.51795473,9.288099,0.24312432,9.391969545,0.19302017,-1.2133868,0.19353876,8.31,0.2,-10.501486,0.083006397,FALSE,0.083006397,2.21E+09,FALSE,FALSE,TRUE,FALSE,FALSE,FALSE,FALSE,FALSE,FALSE,FALSE,FALSE,FALSE,FALSE,FALSE,0.004793963,41551.05161,FALSE,FALSE,0.003225565,TRUE,FALSE
6300,1,1.24E+18,169.32001,16.32639,1071,18.6,2.2,0.06773619,0.0348217,0.5661008,6300,096-023,169.312927,16.325001,169.320007,16.326389,1071,58,7.85,1,0.010971912,6300,55.52127911,8.490542,0.13165648,,,-2.1038196,0.11179219,7.85,0.11,-10.594362,-0.180444177,FALSE,0.180444177,4.04E+08,FALSE,FALSE,TRUE,FALSE,FALSE,FALSE,FALSE,FALSE,FALSE,FALSE,FALSE,FALSE,FALSE,FALSE,0.002929889,111242.094,FALSE,FALSE,0.003572471,TRUE,FALSE
6305,1,1.24E+18,169.375,4.55528,1612,25.7,4.4,0.16218,0.08337317,0.626797,6305,N3611,169.375427,4.5625,169.375,4.555278,1612,375,9.41,1,0.0072,6305,51.18583888,9.765166,0.16405232,9.599274378,0.148707877,-0.11260147,0.14871198,9.41,0.16,-9.877768,0.31466437,TRUE,0.31466437,9.24E+09,FALSE,FALSE,FALSE,FALSE,TRUE,FALSE,FALSE,FALSE,FALSE,FALSE,FALSE,TRUE,FALSE,FALSE,0.002893856,114029.6157,TRUE,FALSE,0.005377053,FALSE,TRUE
6317,1,1.24E+18,169.53625,4.61611,2325,35.6,2.3,0.1706182,0.08771107,0.2899827,6317,039-109,169.537933,4.614722,169.536255,4.616111,2325,137,9.1,1,0.018299221,6317,73.14314148,8.479835,0.18277317,8.77680123,0.056314655,-3.38788,1.2832676,9.1,0.07,-11.867715,-0.044453939,FALSE,0.044453939,1.98E+09,TRUE,FALSE,FALSE,FALSE,FALSE,FALSE,FALSE,FALSE,FALSE,FALSE,FALSE,FALSE,FALSE,FALSE,0.010608034,8485.972296,FALSE,FALSE,0.007755365,TRUE,FALSE
6320,1,1.24E+18,169.57208,18.84667,1121,19.9,4.3,0.0743323,0.03821261,0.8197104,6320,096-026,169.571259,18.846668,169.572083,18.846668,1121,51,8.59,1,0.012502332,6320,34.94421533,8.447045,0.19106792,9.133991421,0.187686024,-0.94280434,0.18780631,8.59,0.19,-9.38985,-0.152117075,FALSE,0.152117075,7.97E+08,FALSE,FALSE,FALSE,FALSE,FALSE,TRUE,FALSE,FALSE,FALSE,FALSE,FALSE,FALSE,FALSE,FALSE,0.003494427,78202.28597,FALSE,FALSE,0.003739254,TRUE,FALSE
6324,1,1.24E+18,169.59209,18.73778,1080,19.9,4.3,0.07242036,0.03722972,0.4308959,6324,096-027,169.583755,18.750555,169.592087,18.737778,1080,56,8.32,1,0.012507738,6324,64.47562481,8.835141,0.22239295,9.023101223,0.187687047,-1.7551441,0.19605134,8.32,0.19,-10.590285,-0.329294264,TRUE,0.329294264,9.62E+08,FALSE,FALSE,TRUE,FALSE,FALSE,FALSE,FALSE,FALSE,FALSE,TRUE,FALSE,FALSE,FALSE,FALSE,0.003368076,84179.75674,TRUE,FALSE,0.003602492,FALSE,TRUE
6328,1,1.24E+18,169.73209,13.09222,803,12.2,2.3,0.08220963,0.04226217,0.5769237,6328,N3623,169.733337,13.094999,169.732086,13.092222,803,493,8.63,1,0.015765791,6328,54.76558457,10.471654,0.18226588,9.448016312,0.163750382,-1.7867727,0.16407049,8.63,0.17,-12.258427,0.284471588,FALSE,0.284471588,3.02E+10,TRUE,FALSE,FALSE,FALSE,FALSE,FALSE,FALSE,FALSE,FALSE,FALSE,FALSE,FALSE,FALSE,FALSE,0.003156535,95840.72885,TRUE,FALSE,0.00267852,TRUE,FALSE
6341,1,1.24E+18,170.00291,18.26028,1642,19.9,4.3,0.06187224,0.03180717,0.2578674,6341,M+329031,170.00708,18.261944,170.002914,18.260279,1642,109,8.46,1,0.014140783,6341,75.05650465,8.058143,0.2669913,8.296103084,0.187718392,-2.641378,0.31410056,8.46,0.19,-10.69952,0.001794936,FALSE,0.001794936,4.98E+08,FALSE,FALSE,TRUE,FALSE,FALSE,FALSE,FALSE,FALSE,FALSE,FALSE,FALSE,FALSE,FALSE,FALSE,0.005789298,28491.77508,FALSE,FALSE,0.005477122,TRUE,FALSE
6343,1,1.24E+18,170.01625,18.35695,1457,20,2,0.06416891,0.03298783,0.6247264,6343,N3626,170.019165,18.369722,170.016251,18.356945,1457,338,8.86,1,0.018321424,6343,51.33793461,10.388453,0.1112766,9.775183028,0.086858905,-0.8101645,0.08690306,8.86,0.1,-11.198617,0.158757193,FALSE,0.158757193,2.54E+10,FALSE,TRUE,FALSE,FALSE,FALSE,FALSE,FALSE,FALSE,FALSE,FALSE,FALSE,FALSE,FALSE,FALSE,0.006655767,21556.3474,FALSE,FALSE,0.004860029,TRUE,FALSE
6345,1,1.24E+18,170.06458,2.52556,1595,25.5,4.3,0.1760553,0.09050618,0.3501236,6345,DDO 94,170.068329,2.525833,170.064575,2.525556,1595,98,9.53,1,0.023037597,6345,69.50518348,8.476186,0.20815212,9.072235502,0.146881455,-1.3535105,0.17643622,9.53,0.15,-9.829697,-0.277109034,FALSE,0.277109034,4.81E+09,FALSE,FALSE,FALSE,FALSE,TRUE,FALSE,FALSE,FALSE,FALSE,FALSE,FALSE,FALSE,FALSE,FALSE,0.009161724,11376.71818,TRUE,FALSE,0.005320347,TRUE,FALSE
6346,1,1.24E+18,170.0625,12.98917,716,9.4,1,0.1103273,0.05671684,0.3200448,6346,N3627,170.062912,12.988334,170.0625,12.989167,716,369,8.92,1,0.0108,6346,71.33442603,8.792845,0.1848957,9.598666463,0.092403126,-0.551727,0.09240977,8.92,0.11,-9.344572,0.404888019,TRUE,0.404888019,1.73E+09,FALSE,FALSE,FALSE,FALSE,FALSE,TRUE,FALSE,FALSE,FALSE,FALSE,FALSE,FALSE,TRUE,FALSE,0.00192804,256885.2526,TRUE,TRUE,0.002388319,FALSE,TRUE
6350,1,1.24E+18,170.0704,13.58694,844,10.3,2,0.08932146,0.04591821,0.359017,6350,N3628,170.061249,13.589167,170.070404,13.586945,844,458,9.78,1,0.022801673,6350,68.96021935,10.260198,0.2220643,8.543879578,0.168658157,-1.9977304,0.16918413,9.77,0.18,-12.257928,0.209886889,FALSE,0.209886889,2.62E+10,TRUE,FALSE,FALSE,FALSE,FALSE,FALSE,FALSE,FALSE,FALSE,FALSE,FALSE,FALSE,FALSE,FALSE,0.004798312,41475.76535,FALSE,FALSE,0.002815281,TRUE,FALSE
6351,1,1.24E+18,170.10916,3.58528,2593,39.4,2.5,0.2060828,0.1059427,0.3762308,6351,N3633,170.106232,3.585556,170.109161,3.585278,2593,333,9.07,1,0.008046696,6351,67.89965312,10.23953,0.14887126,10.43005138,0.055113595,0.5783497,0.055118803,9.06,0.07,-9.66118,0.110058477,FALSE,0.110058477,1.89E+10,FALSE,FALSE,FALSE,FALSE,TRUE,FALSE,FALSE,FALSE,FALSE,FALSE,FALSE,FALSE,FALSE,FALSE,0.005202348,35283.56884,FALSE,FALSE,0.008649317,TRUE,FALSE
6352,1,1.24E+18,170.13249,26.96278,1507,32.4,6.2,0.06068674,0.03119772,0.72488,6352,N3629,170.140411,26.965279,170.132492,26.962778,1507,197,9.67,1,0.009644824,6352,43.54117061,9.584005,0.17366356,9.8839149,0.166212137,-0.6884353,0.16680317,9.67,0.17,-10.272441,0.079410318,FALSE,0.079410318,1.01E+10,FALSE,FALSE,FALSE,TRUE,FALSE,FALSE,FALSE,FALSE,FALSE,FALSE,FALSE,FALSE,FALSE,FALSE,0.003623989,72710.58013,FALSE,FALSE,0.005026811,TRUE,FALSE
6355,1,1.24E+18,170.1675,31.22167,2180,30.8,5.8,0.05494338,0.02824519,0.1499982,6355,156-065,170.171234,31.221111,170.167496,31.221666,2180,188,9.23,1,0.018947428,6355,81.37324649,8.393938,0.31131035,8.598890851,0.16363239,-1.4930869,0.17469758,9.23,0.17,-9.887025,0.053050618,FALSE,0.053050618,2.51E+09,FALSE,FALSE,FALSE,FALSE,TRUE,FALSE,FALSE,FALSE,FALSE,FALSE,FALSE,FALSE,FALSE,FALSE,0.010298787,9003.247939,FALSE,FALSE,0.007271697,TRUE,FALSE
6379,1,1.24E+18,170.44125,2.42083,2585,39.2,2.2,0.158918,0.08169626,0.6999012,6379,,170.441254,2.417778,170.441254,2.420833,2585,83,9.21,1,0.01798972,6379,45.5809607,8.28879,0.074502304,8.64800999,0.049569396,-2.7996671,0.84058356,9.21,0.07,-11.088457,-0.153887285,FALSE,0.153887285,2.35E+09,FALSE,TRUE,FALSE,FALSE,FALSE,FALSE,FALSE,FALSE,FALSE,FALSE,FALSE,FALSE,FALSE,FALSE,0.011594827,7103.016537,FALSE,FALSE,0.008622632,TRUE,FALSE
6384,1,1.24E+18,170.49167,34.94806,2035,47,9.6,0.07178646,0.03690385,0.149952,6384,M+625053,170.494598,34.948334,170.491669,34.948055,2035,166,9.28,1,0.018240267,6384,81.37592384,8.851532,0.31887338,8.99529269,0.177435865,-1.4393648,0.20227644,9.28,0.18,-10.290896,-0.029034916,FALSE,0.029034916,3.24E+09,FALSE,FALSE,FALSE,TRUE,FALSE,FALSE,FALSE,FALSE,FALSE,FALSE,FALSE,FALSE,FALSE,FALSE,0.009254968,11148.63042,FALSE,FALSE,0.006788029,TRUE,FALSE
6387,1,1.24E+18,170.57751,13.065,1572,16.6,3.4,0.0856,0.04400508,0.1629962,6387,I2763,170.573746,13.064167,170.577515,13.065001,1572,132,8.71,1,0.017899808,6387,80.61921871,8.312111,0.30959377,8.597024515,0.177908603,-1.5539595,0.17905314,8.32,0.18,-9.866071,0.013119098,FALSE,0.013119098,8.87E+08,FALSE,FALSE,FALSE,FALSE,TRUE,FALSE,FALSE,FALSE,FALSE,FALSE,FALSE,FALSE,FALSE,FALSE,0.007015849,19400.40962,FALSE,FALSE,0.005243628,TRUE,FALSE
6396,1,1.24E+18,170.72749,16.58917,1500,38.4,7.9,0.0837506,0.04305435,0.6718813,6396,N3655,170.724594,16.5975,170.727493,16.589167,1500,292,9.7,1,0.014959016,6396,47.78760935,10.608019,0.18851772,9.971983391,0.178694116,0.12355204,0.17870013,9.7,0.18,-10.484467,0.050949321,FALSE,0.050949321,4.72E+10,FALSE,FALSE,FALSE,TRUE,FALSE,FALSE,FALSE,FALSE,FALSE,FALSE,FALSE,FALSE,FALSE,FALSE,0.005594659,30508.73193,FALSE,FALSE,0.005003461,TRUE,FALSE
6405,1,1.24E+18,170.93832,17.81722,1283,24.9,5,0.06364471,0.03271835,0.4460739,6405,N3659,170.939163,17.819723,170.938324,17.817223,1283,223,9.53,1,0.017452392,6405,63.50798657,9.448886,0.20874783,9.821721376,0.174415623,-0.5609546,0.17449208,9.53,0.18,-10.00984,0.054101272,FALSE,0.054101272,7.32E+09,FALSE,FALSE,FALSE,TRUE,FALSE,FALSE,FALSE,FALSE,FALSE,FALSE,FALSE,FALSE,FALSE,FALSE,0.005582914,30637.23003,FALSE,FALSE,0.004279627,TRUE,FALSE
6419,1,1.24E+18,171.10042,3.32444,1387,25.6,4.3,0.1471558,0.07564957,0.4648422,6419,N3664,171.101242,3.326111,171.100418,3.324444,1387,63,9.47,1,0.016094275,6419,62.30004264,9.019065,0.18217786,9.196684571,0.145901787,-1.5369215,0.15832254,9.47,0.15,-10.555986,-0.448172111,TRUE,0.448172111,4.97E+09,FALSE,FALSE,TRUE,FALSE,FALSE,FALSE,FALSE,FALSE,FALSE,TRUE,FALSE,FALSE,FALSE,FALSE,0.005565795,30825.98556,TRUE,TRUE,0.004626534,FALSE,TRUE
6420,1,1.24E+18,171.10916,11.34167,1059,18.4,3.5,0.1075174,0.05527234,0.3686703,6420,N3666,171.111252,11.343055,171.109161,11.341666,1059,255,9.56,1,0.014826287,6420,68.36642315,9.730467,0.2170858,9.050514877,0.165220839,-1.1138086,0.16531578,9.55,0.17,-10.844275,0.059771512,FALSE,0.059771512,1.02E+10,FALSE,FALSE,TRUE,FALSE,FALSE,FALSE,FALSE,FALSE,FALSE,FALSE,FALSE,FALSE,FALSE,FALSE,0.003914783,62309.74913,FALSE,FALSE,0.003532444,TRUE,FALSE
6421,1,1.24E+18,171.10791,27.45583,1503,25,2.2,0.05485073,0.02819756,0.540491,6421,M+527065,171.112076,27.453611,171.10791,27.455833,1503,165,9.14,1,0.0108,6421,57.28297878,8.219959,0.11697612,8.550097414,0.076523342,-2.2145324,0.20093156,9.14,0.09,-10.434492,0.090861667,FALSE,0.090861667,2.00E+09,FALSE,FALSE,FALSE,TRUE,FALSE,FALSE,FALSE,FALSE,FALSE,FALSE,FALSE,FALSE,FALSE,FALSE,0.004047269,58297.14094,FALSE,FALSE,0.005013468,TRUE,FALSE
6438,1,1.24E+18,171.47292,9.98695,1156,20.4,2.2,0.1540155,0.07917597,0.5206276,6438,I 692,171.472916,9.984722,171.472916,9.986945,1156,50,7.96,1,0.022915573,6438,58.62569043,8.754998,0.13253923,9.013340555,0.09367303,-1.6303222,0.097790934,8.58,0.1,-10.385321,-0.318401001,TRUE,0.318401001,6.90E+08,FALSE,FALSE,FALSE,TRUE,FALSE,FALSE,FALSE,FALSE,FALSE,FALSE,TRUE,FALSE,FALSE,FALSE,0.006604925,21889.48873,TRUE,FALSE,0.003856001,FALSE,TRUE
6445,1,1.24E+18,171.62418,16.86306,1237,20.1,4.4,0.08655621,0.04449665,0.7792174,6445,N3681,171.619156,16.868055,171.624176,16.863056,1237,162,9.45,1,0.019931653,6445,38.81105575,10.126042,0.19465767,9.264079742,0.190138922,-2.197431,0.20296797,9.45,0.2,-12.323473,-0.02221812,FALSE,0.02221812,1.71E+10,TRUE,FALSE,FALSE,FALSE,FALSE,FALSE,FALSE,FALSE,FALSE,FALSE,FALSE,FALSE,FALSE,FALSE,0.006147412,25268.92077,FALSE,FALSE,0.004126188,TRUE,FALSE
6453,1,1.24E+18,171.79666,17.02972,1157,20.1,4.3,0.08541399,0.04390946,0.7184893,6453,N3684,171.794586,17.029722,171.796661,17.029722,1157,210,9.52,1,0.007980501,6453,44.07014253,9.660526,0.19280884,8.948220901,0.185817735,-1.4464431,0.18626778,9.52,0.19,-11.10697,0.11528613,FALSE,0.11528613,8.98E+09,FALSE,TRUE,FALSE,FALSE,FALSE,FALSE,FALSE,FALSE,FALSE,FALSE,FALSE,FALSE,FALSE,FALSE,0.002302199,180171.3355,FALSE,FALSE,0.003859337,TRUE,FALSE
6460,1,1.24E+18,171.93333,17.22333,1155,20.2,4.4,0.08034584,0.04130404,0.8274699,6460,N3686,171.935425,17.222778,171.933334,17.223333,1155,185,9.11,1,0.017487711,6460,34.16032282,9.702281,0.19240133,8.982673737,0.189197757,-0.8482809,0.18922505,9.11,0.19,-10.550562,0.184174434,FALSE,0.184174434,6.75E+09,FALSE,FALSE,TRUE,FALSE,FALSE,FALSE,FALSE,FALSE,FALSE,FALSE,FALSE,FALSE,FALSE,FALSE,0.005036099,37651.54699,FALSE,FALSE,0.003852665,TRUE,FALSE
6463,1,1.24E+18,172.00291,29.51056,2506,38.5,2.3,0.07343947,0.03775362,0.8679537,6463,N3687,171.997498,29.510279,172.002914,29.510555,2506,174,9.51,1,0.02193277,6463,29.77831515,10.276879,0.06013258,9.518197632,0.051890317,-1.2434603,0.05902496,9.51,0.07,-11.52034,0.076740789,FALSE,0.076740789,2.32E+10,TRUE,FALSE,FALSE,FALSE,FALSE,FALSE,FALSE,FALSE,FALSE,FALSE,FALSE,FALSE,FALSE,FALSE,0.013704206,5084.680001,FALSE,FALSE,0.008359116,TRUE,FALSE
6467,1,1.24E+18,172.04623,25.66083,2737,47,9.1,0.07077957,0.03638623,0.5913954,6467,N3689,172.046234,25.664444,172.046234,25.660833,2737,338,9.36,1,0.016885336,6467,53.74395273,10.683816,0.18491705,9.881115749,0.168173679,-0.14803685,0.1682032,9.36,0.17,-10.831853,0.068490923,FALSE,0.068490923,5.13E+10,FALSE,FALSE,TRUE,FALSE,FALSE,FALSE,FALSE,FALSE,FALSE,FALSE,FALSE,FALSE,FALSE,FALSE,0.011522954,7191.901314,FALSE,FALSE,0.009129649,TRUE,FALSE
6474,1,1.24E+18,172.10001,9.40722,1716,37,7.5,0.1055341,0.05425277,0.319502,6474,N3692,172.097504,9.410833,172.100006,9.407222,1716,408,9.6,1,0.015926712,6474,71.36724964,10.3510685,0.23842415,9.681856196,0.176065409,-1.0776623,0.17695183,9.6,0.18,-11.428731,0.146988606,FALSE,0.146988606,2.77E+10,FALSE,TRUE,FALSE,FALSE,FALSE,FALSE,FALSE,FALSE,FALSE,FALSE,FALSE,FALSE,FALSE,FALSE,0.006814323,20564.86712,FALSE,FALSE,0.00572396,TRUE,FALSE
6487,1,1.24E+18,172.31291,20.58333,1408,24,2.3,0.06914917,0.03554807,0.3798729,6487,I 700A,172.309998,20.585556,172.312912,20.583334,1408,85,9,1,0.01589945,6487,67.67424715,8.707964,0.15992044,8.816018512,0.083255831,-1.3971391,0.08751569,9,0.09,-10.105103,-0.229260217,FALSE,0.229260217,1.84E+09,FALSE,FALSE,FALSE,TRUE,FALSE,FALSE,FALSE,FALSE,FALSE,FALSE,FALSE,FALSE,FALSE,FALSE,0.005581669,30650.89894,FALSE,FALSE,0.004696582,TRUE,FALSE
6491,1,1.24E+18,172.35043,34.87028,2534,38.7,2.4,0.09116355,0.04686519,0.7836165,6491,185-072,172.351669,34.878609,172.350433,34.870277,2534,154,9.46,1,0.013969773,6491,38.40713057,8.729989,0.06770044,9.105751692,0.053930253,-1.1209211,0.06849086,9.46,0.07,-9.85091,0.107780996,FALSE,0.107780996,4.37E+09,FALSE,FALSE,FALSE,FALSE,TRUE,FALSE,FALSE,FALSE,FALSE,FALSE,FALSE,FALSE,FALSE,FALSE,0.008826231,12258.03364,FALSE,FALSE,0.008452514,TRUE,FALSE
6493,1,1.24E+18,172.37042,24.09278,2805,38.4,8.1,0.05377635,0.02764524,0.5234426,6493,N3701,172.367096,24.093889,172.370422,24.092779,2805,259,9.9,1,0.00749409,6493,58.43659046,9.59343,0.20546669,9.976825005,0.18321827,-0.38597095,0.18335387,9.9,0.19,-9.979401,0.066305604,FALSE,0.066305604,1.45E+10,FALSE,FALSE,FALSE,FALSE,TRUE,FALSE,FALSE,FALSE,FALSE,FALSE,FALSE,FALSE,FALSE,FALSE,0.005241204,34762.35484,FALSE,FALSE,0.009356473,TRUE,FALSE
6498,1,1.24E+18,172.53168,9.27667,1019,19.1,3.8,0.15302,0.07866423,0.756351,6498,N3705,172.533752,9.273611,172.531677,9.276667,1019,345,9.62,1,0.015173957,6498,40.85647692,9.908608,0.17868274,9.406700849,0.172808296,-1.3137856,0.1730012,9.62,0.18,-11.222394,0.312087007,TRUE,0.312087007,1.36E+10,FALSE,TRUE,FALSE,FALSE,FALSE,FALSE,FALSE,FALSE,TRUE,FALSE,FALSE,FALSE,FALSE,FALSE,0.003855248,64249.04287,TRUE,FALSE,0.003399018,FALSE,TRUE
6499,1,1.24E+18,172.54707,35.86916,2222,34.5,2.3,0.0713252,0.03666672,0.3499453,6499,,172.544159,35.863331,172.547073,35.869164,2222,139,9.1,1,0.016850964,6499,69.51608926,8.25417,0.15889613,8.593094112,0.05822599,-1.9758481,0.20162608,9.09,0.07,-10.230019,-0.021928249,FALSE,0.021928249,1.85E+09,FALSE,FALSE,FALSE,TRUE,FALSE,FALSE,FALSE,FALSE,FALSE,FALSE,FALSE,FALSE,FALSE,FALSE,0.009335727,10956.58261,FALSE,FALSE,0.007411794,TRUE,FALSE
6509,1,1.24E+18,172.84416,23.115,2914,40.4,8.6,0.05924828,0.03045824,0.1105821,6509,M+427054,172.847092,23.117779,172.844162,23.115,2914,189,9.54,1,0.006621975,6509,83.6511985,8.822363,0.3586324,9.104051355,0.185171752,-1.4001201,0.23374704,9.54,0.19,-10.222483,-0.027728048,FALSE,0.027728048,5.28E+09,FALSE,FALSE,FALSE,TRUE,FALSE,FALSE,FALSE,FALSE,FALSE,FALSE,FALSE,FALSE,FALSE,FALSE,0.004811233,41253.28716,FALSE,FALSE,0.009720058,TRUE,FALSE
6526,1,1.24E+18,173.16167,35.32778,1891,26.2,4.3,0.070671,0.03633041,0.1856604,6526,185-081,173.163345,35.323055,173.161667,35.327778,1891,174,8.82,1,0.011378853,6526,79.3004294,9.000872,0.2752173,9.548112917,0.142556316,-0.71538097,0.14275609,8.7,0.15,-9.716252,0.053297163,FALSE,0.053297163,1.88E+09,FALSE,FALSE,FALSE,FALSE,TRUE,FALSE,FALSE,FALSE,FALSE,FALSE,FALSE,FALSE,FALSE,FALSE,0.005364995,33176.66265,FALSE,FALSE,0.006307697,TRUE,FALSE
6545,1,1.24E+18,173.43333,32.63334,2633,40.2,2.4,0.09090652,0.04673305,0.3753622,6545,186-006,173.432098,32.6325,173.433334,32.633335,2633,276,8.81,1,0.021703899,6545,67.95335662,10.130636,0.1477577,10.07647184,0.051856632,0.09063877,0.05191995,8.81,0.07,-10.039997,0.058248884,FALSE,0.058248884,1.44E+10,FALSE,FALSE,FALSE,TRUE,FALSE,FALSE,FALSE,FALSE,FALSE,FALSE,FALSE,FALSE,FALSE,FALSE,0.014248461,4703.655333,FALSE,FALSE,0.008782743,TRUE,FALSE
6561,1,1.24E+18,173.86125,33.30333,2425,37.3,2.3,0.08058152,0.0414252,0.196352,6561,186-010,173.860001,33.305279,173.861252,33.303333,2425,161,8.87,1,0.012363305,6561,78.67635196,8.47943,0.23380843,9.018727284,0.053609697,-1.268598,0.07209118,8.87,0.07,-9.748028,0.061635642,FALSE,0.061635642,1.29E+09,FALSE,FALSE,FALSE,FALSE,TRUE,FALSE,FALSE,FALSE,FALSE,FALSE,FALSE,FALSE,FALSE,FALSE,0.007475249,17089.13481,FALSE,FALSE,0.008088929,TRUE,FALSE
6570,1,1.24E+18,173.9579,35.33528,1606,26.3,4.3,0.06836943,0.03514722,0.464471,6570,186-011,173.957077,35.331387,173.957901,35.335278,1606,76,8.38,1,0.007775916,6570,62.32406119,9.457548,0.17909583,9.702430438,0.142012764,-0.021821726,0.1420171,8.38,0.15,-9.47937,-0.318545856,TRUE,0.318545856,3.19E+09,FALSE,FALSE,FALSE,FALSE,FALSE,TRUE,FALSE,FALSE,FALSE,FALSE,FALSE,FALSE,TRUE,FALSE,0.003113698,98495.98453,TRUE,FALSE,0.005357039,FALSE,TRUE
6578,1,1.24E+18,174.15251,0.81694,1101,15.3,3.2,0.08197267,0.04214035,0.5396557,6578,012-040,174.150421,0.82,174.152512,0.816944,1101,89,8.57,1,0.016099362,6578,57.3398445,7.8157525,0.20219421,8.241644539,0.181677232,-1.9224765,0.18500729,8.57,0.18,-9.738229,-0.039113865,FALSE,0.039113865,5.60E+08,FALSE,FALSE,FALSE,FALSE,TRUE,FALSE,FALSE,FALSE,FALSE,FALSE,FALSE,FALSE,FALSE,FALSE,0.004419522,48890.08124,FALSE,FALSE,0.003672541,TRUE,FALSE
6594,1,1.24E+18,174.40417,16.55611,1039,20.9,4.2,0.1026637,0.05277714,0.3096603,6594,097-032,174.408752,16.559721,174.404175,16.55611,1039,153,9.04,1,0.017253741,6594,71.96130099,8.820273,0.23997138,8.940550313,0.174552815,-2.4635956,0.295717,9.03,0.18,-11.283869,-0.001261352,FALSE,0.001261352,2.12E+09,FALSE,TRUE,FALSE,FALSE,FALSE,FALSE,FALSE,FALSE,FALSE,FALSE,FALSE,FALSE,FALSE,FALSE,0.004469698,47798.58986,FALSE,FALSE,0.003465731,TRUE,FALSE
6599,1,1.24E+18,174.42708,24.13333,1570,26.2,2.3,0.06936962,0.0356614,0.4045717,6599,,174.429169,24.134445,174.427078,24.133333,1570,118,9.06,1,0.012641757,6599,66.13576542,8.3547735,0.14938726,8.576630831,0.07640135,-1.6011356,0.10570653,9.06,0.09,-9.955909,-0.076561945,FALSE,0.076561945,1.75E+09,FALSE,FALSE,FALSE,FALSE,TRUE,FALSE,FALSE,FALSE,FALSE,FALSE,FALSE,FALSE,FALSE,FALSE,0.004948646,38994.06824,FALSE,FALSE,0.005236956,TRUE,FALSE
6603,1,1.24E+18,174.50876,35.20389,1625,24.3,4.8,0.06139808,0.03156341,0.2741667,6603,186-014,174.515411,35.202225,174.508759,35.203888,1625,174,9.15,1,0.007777718,6603,74.08770149,8.820111,0.24972814,9.066962079,0.171577105,-1.5612409,0.1774485,9.15,0.18,-10.381352,0.030041589,FALSE,0.030041589,2.54E+09,FALSE,FALSE,FALSE,TRUE,FALSE,FALSE,FALSE,FALSE,FALSE,FALSE,FALSE,FALSE,FALSE,FALSE,0.003151265,96161.58484,FALSE,FALSE,0.005420417,TRUE,FALSE
6605,1,1.24E+18,174.55417,12.11195,983,11.9,4.2,0.0892799,0.04589684,0.9592268,6605,N3773,174.554169,12.1125,174.554169,12.111945,983,89,8.05,1,0.018340922,6605,16.417695,8.587427,0.3074617,8.947490427,0.306560947,-0.96612483,0.30657256,8.05,0.31,-9.553552,0.439586485,TRUE,0.439586485,5.36E+08,FALSE,FALSE,FALSE,FALSE,TRUE,FALSE,FALSE,FALSE,FALSE,FALSE,FALSE,TRUE,FALSE,FALSE,0.004495252,47256.69716,TRUE,TRUE,0.003278935,FALSE,TRUE
6610,1,1.24E+18,174.68333,33.80444,1853,32.1,6.2,0.06365103,0.0327216,0.2277178,6610,186-017,174.686249,33.806389,174.683334,33.804443,1853,205,9.38,1,0.016118763,6610,76.83731867,8.984683,0.26664793,9.353556349,0.167768739,-1.4093153,0.17926599,9.37,0.17,-10.393998,0.042365556,FALSE,0.042365556,4.16E+09,FALSE,FALSE,FALSE,TRUE,FALSE,FALSE,FALSE,FALSE,FALSE,FALSE,FALSE,FALSE,FALSE,FALSE,0.007447087,17218.6251,FALSE,FALSE,0.006180943,TRUE,FALSE
6623,1,1.24E+18,174.93584,31.93028,2670,41.2,4.5,0.07852612,0.04036856,0.3652161,6623,N3788,174.935425,31.925278,174.935837,31.930277,2680,510,9.7,1,0.014165215,6623,68.57917546,10.603588,0.17099895,10.56451186,0.094870195,-0.2195595,0.095055565,9.69,0.1,-10.823148,0.194791839,FALSE,0.194791839,4.68E+10,FALSE,FALSE,TRUE,FALSE,FALSE,FALSE,FALSE,FALSE,FALSE,FALSE,FALSE,FALSE,FALSE,FALSE,0.009430045,10738.50601,FALSE,FALSE,0.008906161,TRUE,FALSE
6626,1,1.24E+18,174.97041,8.87472,1984,30.5,4.3,0.1902994,0.09782875,0.4795635,6626,I 718,174.967072,8.870556,174.970413,8.874722,1984,156,9.11,1,0.012872603,6626,61.34315442,9.156514,0.16132516,9.421629941,0.122460444,-1.3047694,0.13015036,9.08,0.13,-10.461284,-8.97E-04,FALSE,8.97E-04,3.15E+09,FALSE,FALSE,FALSE,TRUE,FALSE,FALSE,FALSE,FALSE,FALSE,FALSE,FALSE,FALSE,FALSE,FALSE,0.00636777,23550.31073,FALSE,FALSE,0.006617912,TRUE,FALSE
6633,1,1.24E+18,175.07751,9.00972,1810,30.5,4.2,0.1678696,0.08629806,0.2641325,6633,I 719,175.078339,9.009167,175.077515,9.009722,1810,294,8.97,1,0.019180567,6633,74.6846509,10.094881,0.2219802,10.20855011,0.119609024,-0.5798234,0.11986599,9.01,0.13,-10.674705,0.073718655,FALSE,0.073718655,1.37E+10,FALSE,FALSE,TRUE,FALSE,FALSE,FALSE,FALSE,FALSE,FALSE,FALSE,FALSE,FALSE,FALSE,FALSE,0.008656042,12744.79036,FALSE,FALSE,0.00603751,TRUE,FALSE
6637,1,1.24E+18,175.10376,28.37361,1844,29.7,2.4,0.07108173,0.03654156,0.5785015,6637,157-011,175.10376,28.374166,175.10376,28.373611,1844,159,8.55,1,0.0036,6637,54.65483116,9.06017,0.106029585,9.3207447,0.070190794,-1.1246234,0.072098516,8.55,0.08,-10.184793,0.111176478,FALSE,0.111176478,1.62E+09,FALSE,FALSE,FALSE,TRUE,FALSE,FALSE,FALSE,FALSE,FALSE,FALSE,FALSE,FALSE,FALSE,FALSE,0.001655171,348566.6988,FALSE,FALSE,0.006150922,TRUE,FALSE
6644,1,1.24E+18,175.24501,11.47111,992,16.4,3.2,0.1455991,0.07484928,0.7873678,6644,N3810,175.243744,11.472777,175.24501,11.47111,992,249,9.49,1,0,6644,38.05982791,10.094515,0.1743229,9.221569888,0.169480802,-0.8573027,0.16949731,9.49,0.18,-10.9518175,0.175347686,FALSE,0.175347686,1.65E+10,FALSE,FALSE,TRUE,FALSE,FALSE,FALSE,FALSE,FALSE,FALSE,FALSE,FALSE,FALSE,FALSE,FALSE,0,Infinity,FALSE,FALSE,0.003308956,TRUE,FALSE
6655,1,1.24E+18,175.46042,15.97333,750,8.7,2.2,0.09919985,0.05099647,0.685477,6655,097-059,175.464584,15.974444,175.460419,15.973333,750,54,7.38,1,0.011341012,6655,46.72690742,7.8939247,0.22699238,8.192562237,0.219644201,-2.17134,0.22055253,7.38,0.22,-10.065265,-0.016660119,FALSE,0.016660119,1.10E+08,FALSE,FALSE,FALSE,TRUE,FALSE,FALSE,FALSE,FALSE,FALSE,FALSE,FALSE,FALSE,FALSE,FALSE,0.002120764,212317.8861,FALSE,FALSE,0.002501731,TRUE,FALSE
6658,1,1.24E+18,175.51083,32.00028,1449,24.4,2.4,0.06822427,0.03507261,0.4027815,6658,157-016,175.512909,32.003056,175.510834,32.000278,1449,142,8.59,1,0.014176368,6658,66.24787693,8.800716,0.15432751,9.024221048,0.085441106,-1.69078,0.10016415,8.59,0.1,-10.491496,0.049318649,FALSE,0.049318649,1.15E+09,FALSE,FALSE,FALSE,TRUE,FALSE,FALSE,FALSE,FALSE,FALSE,FALSE,FALSE,FALSE,FALSE,FALSE,0.005121683,36403.73972,FALSE,FALSE,0.004833344,TRUE,FALSE
6670,1,1.24E+18,175.6225,18.33195,924,12.4,4.3,0.08488925,0.0436397,0.3495492,6670,097-067,175.62207,18.333055,175.622498,18.331945,924,217,8.8,1,0.019253877,6670,69.54031408,8.576514,0.33559275,8.783297477,0.301204901,-1.6226346,0.30161548,8.88,0.3,-10.199149,0.217208355,FALSE,0.217208355,1.22E+09,FALSE,FALSE,FALSE,TRUE,FALSE,FALSE,FALSE,FALSE,FALSE,FALSE,FALSE,FALSE,FALSE,FALSE,0.004435775,48532.47056,FALSE,FALSE,0.003082132,TRUE,FALSE
6684,1,1.24E+18,175.83708,31.45556,1783,28.8,2.2,0.07620923,0.0391775,0.3644138,6684,157-024,175.84375,31.456112,175.837082,31.455557,1783,142,9.08,1,0.012424301,6684,68.62854656,8.725209,0.15696785,8.831210838,0.066430399,-1.8526901,0.14292653,9.08,0.08,-10.577899,-0.025162064,FALSE,0.025162064,2.13E+09,FALSE,FALSE,TRUE,FALSE,FALSE,FALSE,FALSE,FALSE,FALSE,FALSE,FALSE,FALSE,FALSE,FALSE,0.005523351,31301.56943,FALSE,FALSE,0.005947448,TRUE,FALSE
6730,1,1.24E+18,176.36125,9.16055,2892,43.8,2.3,0.09327084,0.0479485,0.6392813,6730,N3876,176.357086,9.162499,176.361252,9.160555,2892,163,9.31,1,0.019352677,6730,50.26179375,9.5038185,0.08061909,9.914919066,0.045612714,-0.4616404,0.04675577,9.31,0.06,-9.965459,0.007170853,FALSE,0.007170853,5.91E+09,FALSE,FALSE,FALSE,FALSE,TRUE,FALSE,FALSE,FALSE,FALSE,FALSE,FALSE,FALSE,FALSE,FALSE,0.013954641,4903.81474,FALSE,FALSE,0.009646674,TRUE,FALSE
6782,1,1.24E+18,177.23834,23.83778,523,13.7,1.4,0.09577547,0.04923607,0.6800309,6782,DDO 97,177.24292,23.836668,177.238342,23.837778,523,86,8.53,1,0.009757698,6782,47.1539821,7.788518,0.106209,8.005711815,0.08898058,-2.2772698,0.13638525,8.53,0.1,-10.065788,0.015657086,FALSE,0.015657086,5.12E+08,FALSE,FALSE,FALSE,TRUE,FALSE,FALSE,FALSE,FALSE,FALSE,FALSE,FALSE,FALSE,FALSE,FALSE,0.001272414,589813.3597,FALSE,FALSE,0.00174454,TRUE,FALSE
6786,1,1.24E+18,177.28917,27.02194,1797,37.1,7.9,0.1034151,0.05316343,0.6723019,6786,N3900,177.28833,27.021389,177.289169,27.021944,1797,420,9.75,1,0.014752791,6786,47.75506423,10.667539,0.19450663,9.886944098,0.184955628,-1.8828183,0.21145426,9.75,0.19,-12.550357,0.194492549,FALSE,0.194492549,5.40E+10,TRUE,FALSE,FALSE,FALSE,FALSE,FALSE,FALSE,FALSE,FALSE,FALSE,FALSE,FALSE,FALSE,FALSE,0.006610002,21855.87481,FALSE,FALSE,0.005994147,TRUE,FALSE
6791,1,1.24E+18,177.34792,26.74083,1854,31.8,6.7,0.06960832,0.03578411,0.1936686,6791,157-039,177.351257,26.735001,177.347916,26.740833,1854,214,9.05,1,0.016793388,6791,78.83310919,9.313959,0.2936295,9.533024121,0.183005766,-1.1678517,0.18616784,9.04,0.19,-10.481811,0.074787327,FALSE,0.074787327,3.55E+09,FALSE,FALSE,FALSE,TRUE,FALSE,FALSE,FALSE,FALSE,FALSE,FALSE,FALSE,FALSE,FALSE,FALSE,0.007762961,15845.88955,FALSE,FALSE,0.006184278,TRUE,FALSE
6801,1,1.24E+18,177.51875,26.48,1784,29.2,4.2,0.06922556,0.03558735,0.374952,6801,N3912,177.526657,26.473333,177.518753,26.480001,1784,178,9.06,1,0.01031554,6801,67.97871124,9.688133,0.18652941,10.09725002,0.124934137,0.018853031,0.124951035,9.07,0.13,-9.66928,-0.044577837,FALSE,0.044577837,6.40E+09,FALSE,FALSE,FALSE,FALSE,TRUE,FALSE,FALSE,FALSE,FALSE,FALSE,FALSE,FALSE,FALSE,FALSE,0.004588451,45356.45396,FALSE,FALSE,0.005950783,TRUE,FALSE
6862,1,1.24E+18,178.31418,11.63361,2732,56.2,11.7,0.08815574,0.04531894,0.1809662,6862,,178.316238,11.636389,178.314178,11.633611,2732,187,9.39,1,0.007917827,6862,79.57402394,8.98298,0.29971913,9.161752772,0.180871494,-1.6735718,0.30522037,9.39,0.19,-10.656551,-0.003706461,FALSE,0.003706461,4.23E+09,FALSE,FALSE,TRUE,FALSE,FALSE,FALSE,FALSE,FALSE,FALSE,FALSE,FALSE,FALSE,FALSE,FALSE,0.005393442,32827.61425,FALSE,FALSE,0.009112971,TRUE,FALSE
6877,1,1.24E+18,178.55125,0.13667,1143,18.2,1.8,0.06839103,0.03515833,0.9542205,6877,I 745,178.552078,0.135833,178.551254,0.136667,1143,92,8.07,1,0.017999967,6877,17.40381341,8.840459,0.08908904,9.198995869,0.085904941,-0.7849012,0.08598644,8.07,0.1,-9.6253605,0.379473666,TRUE,0.379473666,8.49E+08,FALSE,FALSE,FALSE,FALSE,TRUE,FALSE,FALSE,FALSE,FALSE,FALSE,FALSE,TRUE,FALSE,FALSE,0.005129763,36289.15451,TRUE,FALSE,0.003812638,FALSE,TRUE
6900,1,1.24E+18,178.91293,31.51889,587,10.1,4,0.0703747,0.03617809,0.4982373,6900,157-040,178.920013,31.519167,178.912933,31.518888,587,102,7.36,1,0.011687705,6900,60.11660171,8.200423,0.35810596,8.263636817,0.344003883,-2.7871459,0.46013132,7.59,0.35,-10.987569,0.125093187,FALSE,0.125093187,1.89E+08,FALSE,FALSE,TRUE,FALSE,FALSE,FALSE,FALSE,FALSE,FALSE,FALSE,FALSE,FALSE,FALSE,FALSE,0.001710593,326345.8115,FALSE,FALSE,0.001958021,TRUE,FALSE
6903,1,1.24E+18,178.90376,1.23667,1891,29.7,2.2,0.06854359,0.03523676,0.619301,6903,013-004,178.902084,1.242778,178.903763,1.236667,1891,176,9.47,1,0.015271728,6903,51.73493596,9.372674,0.09543572,9.681852335,0.064344872,-1.4317914,0.12025067,9.47,0.08,-10.804465,0.02471462,FALSE,0.02471462,6.28E+09,FALSE,FALSE,TRUE,FALSE,FALSE,FALSE,FALSE,FALSE,FALSE,FALSE,FALSE,FALSE,FALSE,FALSE,0.00720044,18418.45977,FALSE,FALSE,0.006307697,TRUE,FALSE
6906,1,1.24E+18,178.98875,6.74917,2495,36.8,7.3,0.04195045,0.02156581,0.5377977,6906,N3976,178.989594,6.750834,178.988754,6.749167,2495,424,10.18,1,0.017920268,6906,57.46620432,10.541004,0.19415122,10.1205955,0.172301627,-0.950251,0.17288199,10.18,0.18,-11.491255,0.140350617,FALSE,0.140350617,5.49E+10,FALSE,TRUE,FALSE,FALSE,FALSE,FALSE,FALSE,FALSE,FALSE,FALSE,FALSE,FALSE,FALSE,FALSE,0.011147934,7683.916341,FALSE,FALSE,0.008322424,TRUE,FALSE
6971,1,1.24E+18,179.73624,30.41278,759,13,2.6,0.05695154,0.02927754,0.3272387,6971,N4020,179.734161,30.406944,179.736237,30.412777,759,163,8.7,1,0.014261461,6971,70.89879864,8.883323,0.23419559,7.750745001,0.173725273,-2.8719347,0.21140571,8.7,0.18,-11.755258,0.071586524,FALSE,0.071586524,1.43E+09,TRUE,FALSE,FALSE,FALSE,FALSE,FALSE,FALSE,FALSE,FALSE,FALSE,FALSE,FALSE,FALSE,FALSE,0.00269889,131099.5314,FALSE,FALSE,0.002531751,TRUE,FALSE
6995,1,1.24E+18,180.13708,20.07333,1268,23,2.2,0.115373,0.05931072,0.8640916,6995,N4032,180.136673,20.074167,180.137085,20.073334,1268,103,9.3,1,0.022207932,6995,30.22088636,9.322354,0.08860637,9.624251667,0.083083089,-1.0985155,0.08439507,9.3,0.09,-10.42087,0.015420099,FALSE,0.015420099,4.75E+09,FALSE,FALSE,FALSE,TRUE,FALSE,FALSE,FALSE,FALSE,FALSE,FALSE,FALSE,FALSE,FALSE,FALSE,0.007021125,19371.26504,FALSE,FALSE,0.004229593,TRUE,FALSE
6998,1,1.24E+18,180.19876,-0.02361,1941,30.2,2.2,0.08171974,0.04201033,0.6691395,6998,,180.200409,-0.016944,180.198761,-0.023611,1941,50,9.15,1,0.005091169,6998,47.99935485,8.305434,0.08743331,8.675668508,0.063608913,-1.9323361,0.23034102,9.15,0.08,-10.23777,-0.377939252,TRUE,0.377939252,2.08E+09,FALSE,FALSE,FALSE,TRUE,FALSE,FALSE,FALSE,FALSE,FALSE,FALSE,TRUE,FALSE,FALSE,FALSE,0.002463896,157299.2422,TRUE,FALSE,0.006474479,FALSE,TRUE
7001,1,1.24E+18,180.29332,14.10389,1509,25.5,4.3,0.104915,0.05393453,0.1725561,7001,N4019,180.292496,14.108334,180.29332,14.103889,1509,202,9.28,1,0.0036,7001,80.06359814,8.787824,0.28597668,9.295003904,0.146468924,-0.83121127,0.14668497,9.27,0.15,-9.619035,0.061126892,FALSE,0.061126892,3.15E+09,FALSE,FALSE,FALSE,FALSE,TRUE,FALSE,FALSE,FALSE,FALSE,FALSE,FALSE,FALSE,FALSE,FALSE,0.001354475,520510.2034,FALSE,FALSE,0.005033482,TRUE,FALSE
7002,1,1.24E+18,180.34915,13.40028,930,16.7,1.2,0.09493843,0.04880577,0.6148914,7002,N4037,180.35083,13.404166,180.349152,13.400277,930,89,8.52,1,0.012872285,7002,52.05601433,9.149308,0.09484446,8.353104929,0.062417655,-1.3402833,0.06280378,8.52,0.08,-10.489592,-0.14059442,FALSE,0.14059442,1.85E+09,FALSE,FALSE,FALSE,TRUE,FALSE,FALSE,FALSE,FALSE,FALSE,FALSE,FALSE,FALSE,FALSE,FALSE,0.002984818,107185.3765,FALSE,FALSE,0.003102146,TRUE,FALSE
7007,1,1.24E+18,180.38708,33.34139,774,10.8,2.3,0.06589469,0.03387501,0.819112,7007,M+626068,180.384995,33.344166,180.387085,33.341389,774,56,8.01,1,0.015462312,7007,35.00402948,7.9379005,0.1884155,8.17773071,0.185003494,-3.1330204,0.54233867,8.01,0.19,-11.070921,0.026299626,FALSE,0.026299626,2.23E+08,FALSE,TRUE,FALSE,FALSE,FALSE,FALSE,FALSE,FALSE,FALSE,FALSE,FALSE,FALSE,FALSE,FALSE,0.002983972,107246.2073,FALSE,FALSE,0.002581786,TRUE,FALSE
7021,1,1.24E+18,180.67584,1.97694,1976,33.7,6.8,0.07404115,0.03806293,0.9661993,7021,N4045,180.675842,1.978056,180.675842,1.976944,1976,312,9.76,1,0.016097773,7021,14.93935283,10.641957,0.17683987,9.991799128,0.175264258,0.24655233,0.17526622,9.76,0.18,-10.395405,0.528634224,TRUE,0.528634224,5.15E+10,FALSE,FALSE,FALSE,TRUE,FALSE,FALSE,FALSE,FALSE,FALSE,FALSE,TRUE,FALSE,FALSE,FALSE,0.007931075,15181.24013,TRUE,TRUE,0.006591227,FALSE,TRUE
7027,1,1.24E+18,180.72751,18.75222,826,9.5,2.4,0.08109693,0.04169016,0.595117,7027,N4049,180.725006,18.754168,180.727509,18.752222,826,94,7.9,1,0.007966218,7027,53.47907196,8.080859,0.23212166,8.452878261,0.21943424,-2.2608693,0.22210273,7.9,0.22,-10.341728,0.103199274,FALSE,0.103199274,2.26E+08,FALSE,FALSE,FALSE,TRUE,FALSE,FALSE,FALSE,FALSE,FALSE,FALSE,FALSE,FALSE,FALSE,FALSE,0.001640633,354771.1206,FALSE,FALSE,0.002755239,TRUE,FALSE
7035,1,1.24E+18,180.9175,2.64139,1226,22.7,4.3,0.08962588,0.0460747,0.3549094,7035,041-031,180.918335,2.642778,180.917496,2.641389,1226,116,8.41,1,0.014828338,7035,69.21216664,8.538619,0.21991622,9.094668769,0.164536862,-1.3050488,0.1659991,8.43,0.17,-9.843668,0.008087059,FALSE,0.008087059,6.87E+08,FALSE,FALSE,FALSE,FALSE,TRUE,FALSE,FALSE,FALSE,FALSE,FALSE,FALSE,FALSE,FALSE,FALSE,0.004532755,46477.93607,FALSE,FALSE,0.004089496,TRUE,FALSE
7039,1,1.24E+18,180.96083,16.55417,2063,39.1,7.9,0.1248271,0.06417086,0.544673,7039,098-038,180.955841,16.554167,180.960831,16.554167,2063,169,9.61,1,0.011337897,7039,56.99772771,8.97686,0.19645332,9.195144398,0.175513257,-1.2287918,0.18535523,9.61,0.18,-10.205652,-0.02295197,FALSE,0.02295197,6.37E+09,FALSE,FALSE,FALSE,TRUE,FALSE,FALSE,FALSE,FALSE,FALSE,FALSE,FALSE,FALSE,FALSE,FALSE,0.005831913,28076.90664,FALSE,FALSE,0.006881427,TRUE,FALSE
7045,1,1.24E+18,181.01666,31.89556,766,14.7,3,0.08131719,0.04180339,0.5631923,7045,N4062,181.02124,31.900278,181.016663,31.895555,766,298,9.06,1,0.020200909,7045,55.72319174,10.017952,0.19582033,8.640918106,0.177263261,-1.5172986,0.1774336,9.06,0.18,-11.535251,0.161443921,FALSE,0.161443921,1.19E+10,TRUE,FALSE,FALSE,FALSE,FALSE,FALSE,FALSE,FALSE,FALSE,FALSE,FALSE,FALSE,FALSE,FALSE,0.003858149,64152.46739,FALSE,FALSE,0.002555101,TRUE,FALSE
7048,1,1.24E+18,181.04834,10.85417,2415,44.9,9,0.08350359,0.04292737,0.730697,7048,N4067,181.047485,10.850556,181.04834,10.854167,2415,231,9.36,1,0.0108,7048,43.05517848,10.34279,0.18100184,10.42213629,0.174104765,-0.756783,0.17613025,9.36,0.18,-11.099573,0.053324497,FALSE,0.053324497,2.51E+10,FALSE,TRUE,FALSE,FALSE,FALSE,FALSE,FALSE,FALSE,FALSE,FALSE,FALSE,FALSE,FALSE,FALSE,0.006503097,22580.36445,FALSE,FALSE,0.008055573,TRUE,FALSE
7054,1,1.24E+18,181.04666,18.44389,930,8.5,1.7,0.06948525,0.03572084,0.3858718,7054,N4064,181.049164,18.440832,181.046661,18.443888,930,135,7.57,1,0.007968864,7054,67.30218351,9.2518,0.21963996,8.543406124,0.173717836,-1.2315726,0.1737235,7.38,0.18,-10.483372,-0.02685838,FALSE,0.02685838,1.84E+09,FALSE,FALSE,FALSE,TRUE,FALSE,FALSE,FALSE,FALSE,FALSE,FALSE,FALSE,FALSE,FALSE,FALSE,0.001847816,279675.2282,FALSE,FALSE,0.003102146,TRUE,FALSE
7068,1,1.24E+18,181.21584,26.9925,565,9.1,4.1,0.08380026,0.04307988,0.4831192,7068,N4080,181.210831,26.993055,181.215836,26.9925,565,147,7.77,1,0.01283135,7068,61.11073078,8.4824,0.40485597,8.655183253,0.391342518,-2.042994,0.39182281,7.77,0.39,-10.525394,0.20323508,FALSE,0.20323508,3.82E+08,FALSE,FALSE,TRUE,FALSE,FALSE,FALSE,FALSE,FALSE,FALSE,FALSE,FALSE,FALSE,FALSE,FALSE,0.001807591,292261.1777,FALSE,FALSE,0.001884637,TRUE,FALSE
7111,1,1.24E+18,181.90417,2.69139,1312,22.8,4.3,0.07256483,0.03730399,0.3791844,7111,N4116,181.902924,2.694444,181.904175,2.691389,1312,206,9.7,1,0.018337001,7111,67.71688553,9.296187,0.21348892,9.646962014,0.163813429,-0.7116937,0.16407129,9.69,0.17,-10.007881,-0.012886546,FALSE,0.012886546,8.64E+09,FALSE,FALSE,FALSE,TRUE,FALSE,FALSE,FALSE,FALSE,FALSE,FALSE,FALSE,FALSE,FALSE,FALSE,0.005998484,26539.2375,FALSE,FALSE,0.004376361,TRUE,FALSE
7116,1,1.24E+18,182.04625,2.87833,1327,22.9,4.2,0.06613232,0.03399718,0.4297908,7116,N4123,182.04541,2.883611,182.046249,2.878334,1327,204,9.84,1,0.014842079,7116,64.54577,9.921318,0.19930539,9.342618525,0.159304588,0.21772546,0.15930498,9.82,0.17,-9.703592,-0.083344541,FALSE,0.083344541,1.75E+10,FALSE,FALSE,FALSE,FALSE,TRUE,FALSE,FALSE,FALSE,FALSE,FALSE,FALSE,FALSE,FALSE,FALSE,0.004910718,39598.74343,FALSE,FALSE,0.004426396,TRUE,FALSE
7131,1,1.24E+18,182.29916,30.90583,249,4.1,0.8,0.07307851,0.03756806,0.329672,7131,158-032,182.298752,30.904167,182.299164,30.905832,249,117,7.16,1,0.014300191,7131,70.75119132,6.558531,0.23179413,6.982321884,0.169512811,-3.7013137,0.22198832,7.35,0.17,-10.259845,0.377194802,TRUE,0.377194802,2.28E+07,FALSE,FALSE,FALSE,TRUE,FALSE,FALSE,FALSE,FALSE,FALSE,FALSE,TRUE,FALSE,FALSE,FALSE,8.88E-04,1211519.358,TRUE,FALSE,8.31E-04,FALSE,TRUE
7133,1,1.24E+18,182.33249,18.99694,2576,39.6,2.3,0.100063,0.05144021,0.5498948,7133,098-069,182.334167,18.999722,182.332489,18.996944,2576,184,9.31,1,0.014796849,7133,56.64025173,9.036886,0.10033196,9.36717979,0.050488953,-1.1379386,0.07534923,9.3,0.07,-10.174825,0.07165754,FALSE,0.07165754,3.80E+09,FALSE,FALSE,FALSE,TRUE,FALSE,FALSE,FALSE,FALSE,FALSE,FALSE,FALSE,FALSE,FALSE,FALSE,0.009503737,10572.61766,FALSE,FALSE,0.008592611,TRUE,FALSE
7134,1,1.24E+18,182.32373,29.92694,607,9.7,4.1,0.05973025,0.03070601,0.9859629,7134,N4136,182.322906,29.931665,182.32373,29.926945,607,91,8.93,1,0.018,7134,9.611386152,8.755836,0.36783752,7.928484132,0.367136008,-2.755577,0.37082404,8.93,0.37,-11.511413,0.552392121,TRUE,0.552392121,1.70E+09,TRUE,FALSE,FALSE,FALSE,FALSE,FALSE,FALSE,TRUE,FALSE,FALSE,FALSE,FALSE,FALSE,FALSE,0.00272421,128673.862,TRUE,TRUE,0.002024734,FALSE,TRUE
7138,1,1.24E+18,182.37,26.22611,2168,34.2,2.3,0.08153438,0.04191504,0.591115,7138,128-043,182.372482,26.225279,182.369995,26.226112,2168,145,9.11,1,0.01767955,7138,53.76387345,9.022756,0.096339114,9.172483232,0.058446394,-2.1448448,0.2850469,9.11,0.07,-11.167601,0.017920396,FALSE,0.017920396,2.77E+09,FALSE,TRUE,FALSE,FALSE,FALSE,FALSE,FALSE,FALSE,FALSE,FALSE,FALSE,FALSE,FALSE,FALSE,0.009556741,10455.66739,FALSE,FALSE,0.00723167,TRUE,FALSE
7143,1,1.24E+18,182.44499,25.02611,2573,39.6,4.3,0.09925872,0.05102674,0.4329363,7143,128-045,182.451233,25.025833,182.444992,25.026112,2573,213,9.6,1,0.009716118,7143,64.34600439,9.223879,0.15167807,9.587421337,0.094318967,-0.6505571,0.09519104,9.6,0.1,-9.874436,0.036365363,FALSE,0.036365363,6.97E+09,FALSE,FALSE,FALSE,FALSE,TRUE,FALSE,FALSE,FALSE,FALSE,FALSE,FALSE,FALSE,FALSE,FALSE,0.006233212,24578.0597,FALSE,FALSE,0.008582604,TRUE,FALSE
7149,1,1.24E+18,182.47708,13.04945,2535,30.1,2.2,0.1244661,0.0639853,0.6957077,7149,I3021,182.479584,13.052778,182.477081,13.049445,2535,131,8.38,1,0.018338464,7149,45.91640017,8.698906,0.084322184,8.927968735,0.063536151,-2.0541968,0.21078326,8.38,0.08,-10.753103,0.156345677,FALSE,0.156345677,8.19E+08,FALSE,FALSE,TRUE,FALSE,FALSE,FALSE,FALSE,FALSE,FALSE,FALSE,FALSE,FALSE,FALSE,FALSE,0.011590982,7107.729426,FALSE,FALSE,0.00845585,TRUE,FALSE
7169,1,1.24E+18,182.65627,16.0325,2169,16.7,1.2,0.1099084,0.05650149,0.90737,7169,N4152,182.657501,16.033054,182.656265,16.032499,2169,210,9.24,1,0.017670493,7169,24.85562285,9.675875,0.06790214,8.952724222,0.062413857,-0.6182995,0.062429056,9.24,0.08,-10.294174,0.360255403,TRUE,0.360255403,7.05E+09,FALSE,FALSE,FALSE,TRUE,FALSE,FALSE,FALSE,FALSE,FALSE,FALSE,TRUE,FALSE,FALSE,FALSE,0.009556251,10456.73957,TRUE,FALSE,0.007235005,FALSE,TRUE
7170,1,1.24E+18,182.65376,18.82806,2452,28.8,6.1,0.1001825,0.05150162,0.1999815,7170,098-079,182.654587,18.830002,182.653763,18.828056,2452,213,9.76,1,0.017659316,7170,78.46418907,8.806971,0.29097894,7.408280692,0.184840442,-2.1606348,0.21888754,9.52,0.19,-10.967606,-0.018743014,FALSE,0.018743014,8.29E+09,FALSE,FALSE,TRUE,FALSE,FALSE,FALSE,FALSE,FALSE,FALSE,FALSE,FALSE,FALSE,FALSE,FALSE,0.010796268,8192.64319,FALSE,FALSE,0.008178992,TRUE,FALSE
7181,1,1.24E+18,182.79126,13.5875,265,16.7,1.3,0.1025424,0.05271481,0.5010183,7181,I3033,182.790833,13.589722,182.79126,13.5875,265,117,8.48,1,0,7181,59.93265754,8.161682,0.11974368,8.390855173,0.067655689,-2.113381,0.09823091,8.48,0.08,-10.275063,0.070214264,FALSE,0.070214264,5.47E+08,FALSE,FALSE,FALSE,TRUE,FALSE,FALSE,FALSE,FALSE,FALSE,FALSE,FALSE,FALSE,FALSE,FALSE,0,Infinity,FALSE,FALSE,8.84E-04,TRUE,FALSE
7182,1,1.24E+18,182.79167,20.17555,2466,38.2,2.3,0.1065297,0.05476456,0.7611428,7182,N4158,182.792084,20.176388,182.791672,20.175554,2466,277,9.39,1,0.015907024,7182,40.4349857,10.379965,0.06874135,9.435838324,0.052298209,-1.2094482,0.05834253,9.38,0.07,-11.589413,0.145379604,FALSE,0.145379604,2.73E+10,TRUE,FALSE,FALSE,FALSE,FALSE,FALSE,FALSE,FALSE,FALSE,FALSE,FALSE,FALSE,FALSE,FALSE,0.009780506,9982.71589,FALSE,FALSE,0.008225691,TRUE,FALSE
7184,1,1.24E+18,182.83292,1.49167,2114,32.4,6.8,0.08256785,0.04244632,0.3978683,7184,013-098,182.834167,1.494722,182.832916,1.491667,2114,179,9.23,1,0.017996096,7184,66.55507313,9.287366,0.22405307,9.261585951,0.182302044,-1.3576972,0.18975754,9.23,0.19,-10.645063,0.008259271,FALSE,0.008259271,4.20E+09,FALSE,FALSE,TRUE,FALSE,FALSE,FALSE,FALSE,FALSE,FALSE,FALSE,FALSE,FALSE,FALSE,FALSE,0.009485552,10613.1954,FALSE,FALSE,0.007051545,TRUE,FALSE
7193,1,1.24E+18,182.96875,24.12417,2571,43.9,9.1,0.1178614,0.06058997,0.6862313,7193,N4162,182.970413,24.123333,182.96875,24.124166,2571,316,9.79,1,0.0144,7193,46.6675204,10.493439,0.18901278,9.751458754,0.180049302,-0.7791137,0.18051974,9.79,0.18,-11.2725525,0.11290188,FALSE,0.11290188,3.93E+10,FALSE,TRUE,FALSE,FALSE,FALSE,FALSE,FALSE,FALSE,FALSE,FALSE,FALSE,FALSE,FALSE,FALSE,0.009230897,11206.85082,FALSE,FALSE,0.008575933,TRUE,FALSE
7200,1,1.24E+18,183.06291,12.48806,-8,16.7,1.3,0.09639863,0.04955642,0.7275029,7200,I3036,183.06958,12.489167,183.062912,12.488056,-8,77,8.68,1,0.016024234,7200,43.32257679,8.383116,0.08397657,8.341121439,0.067675148,-2.7963243,0.29708868,8.68,0.08,-11.17944,-0.062084096,FALSE,0.062084096,8.78E+08,FALSE,TRUE,FALSE,FALSE,FALSE,FALSE,FALSE,FALSE,FALSE,FALSE,FALSE,FALSE,FALSE,FALSE,-3.20E-05,9.35E+08,FALSE,FALSE,-2.67E-05,TRUE,FALSE
7201,1,1.24E+18,183.04875,13.24611,1875,30.1,2.1,0.1174266,0.06036643,0.6678895,7201,N4165,183.044159,13.248055,183.048752,13.246111,1875,243,8.36,1,0.007878976,7201,48.09565699,9.697854,0.08581617,9.756218857,0.060601216,-1.1504966,0.0709147,8.36,0.08,-10.848351,0.206691882,FALSE,0.206691882,5.29E+09,FALSE,FALSE,TRUE,FALSE,FALSE,FALSE,FALSE,FALSE,FALSE,FALSE,FALSE,FALSE,FALSE,FALSE,0.003683413,70383.46266,FALSE,FALSE,0.006254327,TRUE,FALSE
7209,1,1.24E+18,183.13458,12.12306,2209,30.1,2.2,0.1074243,0.0552245,0.5832781,7209,I 769,183.137909,12.122222,183.134583,12.123055,2209,244,9.5,1,0.020868531,7209,54.31860729,9.6149645,0.101001725,9.884949631,0.063486434,-0.8603292,0.066912465,9.5,0.08,-10.475294,0.121285369,FALSE,0.121285369,8.33E+09,FALSE,FALSE,FALSE,TRUE,FALSE,FALSE,FALSE,FALSE,FALSE,FALSE,FALSE,FALSE,FALSE,FALSE,0.011493887,7228.322801,FALSE,FALSE,0.007368431,TRUE,FALSE
7215,1,1.24E+18,183.19333,10.86583,374,16.7,1.2,0.0921827,0.0473891,0.2298147,7215,N4178,183.190414,10.863334,183.193329,10.865833,374,255,9.61,1,0.011363954,7215,76.71390219,9.533808,0.2151866,8.324876169,0.062418429,-2.3458362,0.088064745,9.61,0.08,-11.879644,0.055465969,FALSE,0.055465969,8.84E+09,TRUE,FALSE,FALSE,FALSE,FALSE,FALSE,FALSE,FALSE,FALSE,FALSE,FALSE,FALSE,FALSE,FALSE,0.001059694,850375.2072,FALSE,FALSE,0.00124753,TRUE,FALSE
7216,1,1.24E+18,183.20168,13.97583,-184,16.7,1.2,0.1227271,0.06309132,0.4523414,7216,I3044,183.206665,13.977777,183.201675,13.975833,-184,131,8.79,1,0.020536349,7216,63.10604804,8.555103,0.12886679,9.234486154,0.062792908,-1.1799202,0.12897779,8.79,0.08,-9.7350235,0.022808797,FALSE,0.022808797,1.18E+09,FALSE,FALSE,FALSE,FALSE,TRUE,FALSE,FALSE,FALSE,FALSE,FALSE,FALSE,FALSE,FALSE,FALSE,-9.42E-04,1075797.696,FALSE,FALSE,-6.14E-04,TRUE,FALSE
7219,1,1.24E+18,183.26167,7.03833,2081,24.2,1.7,0.05493834,0.0282426,0.4258951,7219,N4180,183.261673,7.039166,183.261673,7.038333,2081,397,8.64,1,0.015216068,7219,64.79272124,10.128117,0.13554147,9.60838568,0.061016646,-0.43095645,0.061049387,8.64,0.08,-10.559073,0.229339945,FALSE,0.229339945,1.40E+10,FALSE,FALSE,TRUE,FALSE,FALSE,FALSE,FALSE,FALSE,FALSE,FALSE,FALSE,FALSE,FALSE,FALSE,0.007895031,15320.17362,FALSE,FALSE,0.006941469,TRUE,FALSE
7247,1,1.24E+18,183.66084,5.80583,2062,16.5,1.2,0.06224388,0.03199821,0.2187077,7247,N4197,183.664581,5.8075,183.660843,5.805833,2062,264,9.22,1,0.015234383,7247,77.36692401,9.125636,0.22191799,9.516802549,0.06317061,-0.7082337,0.06328721,9.22,0.08,-9.83387,0.168625431,FALSE,0.168625431,3.54E+09,FALSE,FALSE,FALSE,FALSE,TRUE,FALSE,FALSE,FALSE,FALSE,FALSE,FALSE,FALSE,FALSE,FALSE,0.007832364,15566.30971,FALSE,FALSE,0.006878092,TRUE,FALSE
7249,1,1.24E+18,183.65709,12.81278,621,16.7,1.2,0.110269,0.05668688,0.3213349,7249,069-095,183.654999,12.814167,183.657089,12.812778,621,126,8.64,1,0.008010158,7249,71.25638699,7.6840982,0.17138422,7.98329368,0.064253366,-1.8111043,0.30929136,8.64,0.08,-9.495203,0.04810632,FALSE,0.04810632,6.29E+08,FALSE,FALSE,FALSE,FALSE,FALSE,TRUE,FALSE,FALSE,FALSE,FALSE,FALSE,FALSE,FALSE,FALSE,0.001240258,620793.7884,FALSE,FALSE,0.002071433,TRUE,FALSE
7254,1,1.24E+18,183.72958,13.46028,259,16.7,1.2,0.09576587,0.04923114,0.5635043,7254,I3059,183.726669,13.466944,183.729584,13.460278,259,96,8.44,1,0.015746896,7254,55.70155548,8.108529,0.10384373,8.523643259,0.06249401,-1.9532932,0.14621428,8.44,0.08,-10.061822,0.01535842,FALSE,0.01535842,4.95E+08,FALSE,FALSE,FALSE,TRUE,FALSE,FALSE,FALSE,FALSE,FALSE,FALSE,FALSE,FALSE,FALSE,FALSE,0.00101689,923471.0426,FALSE,FALSE,8.64E-04,TRUE,FALSE
7255,1,1.24E+18,183.76875,14.02833,2316,30.1,2.1,0.123216,0.06334263,0.1828601,7255,I3061,183.769165,14.029722,183.768753,14.028333,2316,299,9.35,1,0.015047472,7255,79.46367006,9.608676,0.2453109,9.838022751,0.060599959,-0.77313435,0.061852906,9.35,0.07,-10.38181,0.144892541,FALSE,0.144892541,7.04E+09,FALSE,FALSE,FALSE,TRUE,FALSE,FALSE,FALSE,FALSE,FALSE,FALSE,FALSE,FALSE,FALSE,FALSE,0.008689233,12647.6119,FALSE,FALSE,0.007725344,TRUE,FALSE
7256,1,1.24E+18,183.77042,33.19695,1092,15.1,1.5,0.03958329,0.0203489,0.8816683,7256,N4203,183.773331,33.192223,183.770416,33.196945,1092,244,9.07,1,0.021660986,7256,28.15575484,10.272466,0.09101071,9.686539959,0.086283675,-1.4609135,0.086509846,9.07,0.1,-11.733379,0.260462385,FALSE,0.260462385,2.03E+10,TRUE,FALSE,FALSE,FALSE,FALSE,FALSE,FALSE,FALSE,FALSE,FALSE,FALSE,FALSE,FALSE,FALSE,0.005897666,27454.34003,TRUE,FALSE,0.00364252,TRUE,FALSE
7257,1,1.24E+18,183.76208,35.95834,938,18.6,4.1,0.05202825,0.02674658,0.3608883,7257,187-030,183.762924,35.958611,183.762085,35.958336,938,78,8.93,1,0.020485233,7257,68.84529856,8.496468,0.23931387,9.093915053,0.19148144,-1.6011354,0.19390483,9.06,0.2,-10.097603,-0.243910596,FALSE,0.243910596,1.45E+09,FALSE,FALSE,FALSE,TRUE,FALSE,FALSE,FALSE,FALSE,FALSE,FALSE,FALSE,FALSE,FALSE,FALSE,0.004790966,41603.05621,FALSE,FALSE,0.003128831,TRUE,FALSE
7260,1,1.24E+18,183.81999,13.02361,704,16.7,1.2,0.1039118,0.05341877,0.3040492,7260,N4206,183.819168,13.015278,183.819992,13.023611,704,275,9.43,1,0.007884629,7260,72.29909042,9.520075,0.17852876,9.605802301,0.062413944,-1.1430955,0.063540965,9.43,0.08,-10.66317,0.124528521,FALSE,0.124528521,6.89E+09,FALSE,FALSE,TRUE,FALSE,FALSE,FALSE,FALSE,FALSE,FALSE,FALSE,FALSE,FALSE,FALSE,FALSE,0.001383991,498545.5958,FALSE,FALSE,0.002348291,TRUE,FALSE
7261,1,1.24E+18,183.80959,20.65861,856,16.7,1.2,0.1103608,0.05673407,0.2717845,7261,N4204,183.809586,20.660278,183.809586,20.658611,856,83,9.26,1,0.013946702,7261,74.22958007,8.950184,0.19332674,9.184893945,0.062418783,-1.4270678,0.06853355,9.26,0.08,-10.377252,-0.320563192,TRUE,0.320563192,3.31E+09,FALSE,FALSE,FALSE,TRUE,FALSE,FALSE,FALSE,FALSE,FALSE,FALSE,TRUE,FALSE,FALSE,FALSE,0.002976628,107776.0236,TRUE,FALSE,0.002855309,FALSE,TRUE
7268,1,1.24E+18,183.87709,9.58472,596,16.7,1.1,0.05716379,0.02938665,0.475398,7268,N4207,183.880005,9.579166,183.87709,9.584722,596,198,8.64,1,0.0072,7268,61.61478511,9.63559,0.12039719,9.073110727,0.057212617,-0.9875412,0.057313908,8.64,0.07,-10.623131,0.053423229,FALSE,0.053423229,4.90E+09,FALSE,FALSE,TRUE,FALSE,FALSE,FALSE,FALSE,FALSE,FALSE,FALSE,FALSE,FALSE,FALSE,FALSE,0.001069937,834171.2468,FALSE,FALSE,0.001988042,TRUE,FALSE
7275,1,1.24E+18,183.91376,13.90111,-88,16.7,1.3,0.10946,0.05627099,0.6099418,7275,N4212,183.907913,13.901667,183.913757,13.901111,-88,258,8.96,1,0.011084571,7275,52.41474943,9.898749,0.09923366,9.061337045,0.06761487,-0.7517442,0.067641005,8.96,0.08,-10.650494,0.146204116,FALSE,0.146204116,9.13E+09,FALSE,FALSE,TRUE,FALSE,FALSE,FALSE,FALSE,FALSE,FALSE,FALSE,FALSE,FALSE,FALSE,FALSE,-2.43E-04,1.61E+07,FALSE,FALSE,-2.94E-04,TRUE,FALSE
7279,1,1.24E+18,183.94292,10.69694,1979,16.7,1.2,0.09181368,0.0471994,0.1531903,7279,I3074,183.945831,10.693611,183.942917,10.696944,1979,208,9.07,1,0.017888025,7279,81.18821393,8.523976,0.26930833,8.500697092,0.062456956,-2.734469,0.32490787,9.07,0.08,-11.258446,0.127427655,FALSE,0.127427655,1.90E+09,FALSE,TRUE,FALSE,FALSE,FALSE,FALSE,FALSE,FALSE,FALSE,FALSE,FALSE,FALSE,FALSE,FALSE,0.008826479,12257.34341,FALSE,FALSE,0.006601233,TRUE,FALSE
7284,1,1.24E+18,183.97626,13.14972,139,16.7,1.3,0.1048553,0.05390381,0.6086074,7284,N4216,183.974594,13.145278,183.976257,13.149722,139,517,9.32,1,0.012745326,7284,52.51116746,10.607912,0.09948217,9.912933115,0.067614713,-1.3100227,0.06798375,9.32,0.08,-11.917934,0.278496078,FALSE,0.278496078,4.33E+10,TRUE,FALSE,FALSE,FALSE,FALSE,FALSE,FALSE,FALSE,FALSE,FALSE,FALSE,FALSE,FALSE,FALSE,4.42E-04,4894194.574,TRUE,FALSE,4.64E-04,TRUE,FALSE
7285,1,1.24E+18,183.98459,14.4325,1406,16.7,1.2,0.1073887,0.05520618,0.6210896,7285,I3077,183.972916,14.416389,183.984589,14.4325,1406,51,7.48,1,0.003486391,7285,51.60429702,8.658748,0.09386559,8.783382181,0.062426081,-2.5799713,0.23019592,7.48,0.09,-11.238719,-0.236745805,FALSE,0.236745805,4.96E+08,FALSE,TRUE,FALSE,FALSE,FALSE,FALSE,FALSE,FALSE,FALSE,FALSE,FALSE,FALSE,FALSE,FALSE,0.001222196,639278.2126,FALSE,FALSE,0.004689911,TRUE,FALSE
7291,1,1.24E+18,184.09457,13.3075,229,16.7,1.2,0.1038278,0.05337559,0.1384753,7291,N4222,184.094574,13.306389,184.094574,13.3075,229,226,9.09,1,0.014013342,7291,82.04044127,9.343388,0.28306013,8.325076059,0.062418195,-1.3937898,0.062910154,9.09,0.08,-10.737177,0.085909913,FALSE,0.085909913,3.84E+09,FALSE,FALSE,TRUE,FALSE,FALSE,FALSE,FALSE,FALSE,FALSE,FALSE,FALSE,FALSE,FALSE,FALSE,8.00E-04,1491620.424,FALSE,FALSE,7.64E-04,TRUE,FALSE
7292,1,1.24E+18,184.14082,7.46222,2606,24.2,1.8,0.07995133,0.04110123,0.5669377,7292,N4224,184.140823,7.458333,184.140823,7.462222,2606,491,8.65,1,0.012903978,7292,55.46308971,10.37001,0.104663156,9.566031097,0.064605869,-1.6139742,0.070101954,8.65,0.08,-11.983985,0.303773163,TRUE,0.303773163,2.40E+10,TRUE,FALSE,FALSE,FALSE,FALSE,FALSE,FALSE,TRUE,FALSE,FALSE,FALSE,FALSE,FALSE,FALSE,0.008384504,13583.65609,TRUE,FALSE,0.00869268,FALSE,TRUE
7305,1,1.24E+18,184.23332,13.625,-165,16.7,1.2,0.1148218,0.05902737,0.8608269,7305,I3094,184.23999,13.623055,184.233322,13.625,-165,122,7.84,1,0.00699738,7305,30.59047151,8.881509,0.06970389,9.052608255,0.06241477,-1.3820162,0.063679054,7.83,0.08,-10.263525,0.270675021,FALSE,0.270675021,8.53E+08,FALSE,FALSE,FALSE,TRUE,FALSE,FALSE,FALSE,FALSE,FALSE,FALSE,FALSE,FALSE,FALSE,FALSE,-2.88E-04,1.15E+07,TRUE,FALSE,-5.50E-04,TRUE,FALSE
7307,1,1.24E+18,184.26834,10.005,1183,16.7,1.2,0.06800898,0.03496193,0.4229365,7307,VCC 217,184.265839,10.008611,184.268341,10.005,1183,52,8.61,1,0.003545253,7307,64.97993457,7.1833897,0.13919988,7.801360849,0.063785253,-2.5075321,0.20759495,8.61,0.08,-9.690922,-0.303966068,TRUE,0.303966068,5.57E+08,FALSE,FALSE,FALSE,FALSE,TRUE,FALSE,FALSE,FALSE,FALSE,FALSE,FALSE,TRUE,FALSE,FALSE,0.00104571,873270.4663,TRUE,FALSE,0.003946063,FALSE,TRUE
7309,1,1.24E+18,184.28751,3.68222,2025,24.2,1.8,0.05909925,0.03038163,0.861331,7309,N4234,184.282501,3.683889,184.287506,3.682222,2025,132,8.7,1,0.016073106,7309,30.53366822,9.312601,0.07157407,9.622551559,0.064607231,-0.77375704,0.065190546,8.7,0.08,-10.086358,0.179719492,FALSE,0.179719492,2.72E+09,FALSE,FALSE,FALSE,TRUE,FALSE,FALSE,FALSE,FALSE,FALSE,FALSE,FALSE,FALSE,FALSE,FALSE,0.008115292,14499.83485,FALSE,FALSE,0.006754673,TRUE,FALSE
7313,1,1.24E+18,184.28835,12.45333,2131,30.1,2.2,0.1094945,0.05628873,0.1785794,7313,I3099,184.290009,12.453055,184.288345,12.453333,2131,211,9.08,1,0.020629426,7313,79.71304253,9.212646,0.2490669,9.379810471,0.063490918,-1.3375565,0.079357415,9.07,0.08,-10.550202,0.077707542,FALSE,0.077707542,3.23E+09,FALSE,FALSE,TRUE,FALSE,FALSE,FALSE,FALSE,FALSE,FALSE,FALSE,FALSE,FALSE,FALSE,FALSE,0.010960994,7948.2504,FALSE,FALSE,0.007108251,TRUE,FALSE
7315,1,1.24E+18,184.2975,15.32361,865,16.7,1.2,0.09922187,0.05100779,0.615534,7315,N4237,184.299179,15.324445,184.297501,15.323611,865,235,8.35,1,0.005001489,7315,52.009312,9.882314,0.09482523,8.929273752,0.062413867,-1.3598251,0.06277545,8.35,0.08,-11.242139,0.12345658,FALSE,0.12345658,7.92E+09,FALSE,TRUE,FALSE,FALSE,FALSE,FALSE,FALSE,FALSE,FALSE,FALSE,FALSE,FALSE,FALSE,FALSE,0.001078685,820695.17,FALSE,FALSE,0.002885329,TRUE,FALSE
7319,1,1.24E+18,184.3571,6.68972,2239,24.2,1.7,0.07499973,0.03855572,0.5600186,7319,N4241,184.357925,6.6925,184.357101,6.689722,2239,338,8.23,1,0.008038913,7319,55.94296319,10.131327,0.10378516,9.333651565,0.061016795,-1.8611118,0.07545217,8.23,0.08,-11.992438,0.199718072,FALSE,0.199718072,1.38E+10,TRUE,FALSE,FALSE,FALSE,FALSE,FALSE,FALSE,FALSE,FALSE,FALSE,FALSE,FALSE,FALSE,FALSE,0.004487772,47414.35904,FALSE,FALSE,0.0074685,TRUE,FALSE
7321,1,1.24E+18,184.39125,22.54,407,22.2,4.6,0.09666968,0.04969577,0.1166853,7321,128-070,184.390839,22.539165,184.391251,22.539999,407,217,9.68,1,0.004900576,7321,83.29923023,9.211747,0.34976047,9.432142157,0.179979024,-1.382152,0.1848076,9.68,0.19,-10.593899,-0.012543725,FALSE,0.012543725,7.99E+09,FALSE,FALSE,TRUE,FALSE,FALSE,FALSE,FALSE,FALSE,FALSE,FALSE,FALSE,FALSE,FALSE,FALSE,4.97E-04,3861265.39,FALSE,FALSE,0.001357606,TRUE,FALSE
7333,1,1.24E+18,184.49918,6.65389,732,16.5,1.2,0.07503738,0.03857508,0.6699598,7333,I3115,184.498764,6.654722,184.499176,6.653889,732,117,8.8,1,0.0147491,7333,47.93607827,8.754968,0.08724188,9.31160655,0.063214224,-1.7783674,0.08135043,8.8,0.08,-10.533335,0.034112489,FALSE,0.034112489,1.41E+09,FALSE,FALSE,TRUE,FALSE,FALSE,FALSE,FALSE,FALSE,FALSE,FALSE,FALSE,FALSE,FALSE,FALSE,0.002691881,131783.0413,FALSE,FALSE,0.002441689,TRUE,FALSE
7343,1,1.24E+18,184.62875,5.55944,864,16.5,1.2,0.06626784,0.03406684,0.3118936,7343,N4252,184.629593,5.560556,184.628754,5.559444,864,157,8.48,1,0.020316836,7343,71.82667593,8.53225,0.17542145,8.716392469,0.063178237,-2.566167,0.18649442,8.48,0.08,-11.098417,0.124196379,FALSE,0.124196379,7.42E+08,FALSE,TRUE,FALSE,FALSE,FALSE,FALSE,FALSE,FALSE,FALSE,FALSE,FALSE,FALSE,FALSE,FALSE,0.004376724,49850.91035,FALSE,FALSE,0.002881994,TRUE,FALSE
7363,1,1.24E+18,184.84917,28.30972,2532,39.1,2.2,0.07635152,0.03925065,0.4258944,7363,I 777,184.853333,28.31111,184.849167,28.309721,2532,228,9.44,1,0.010166982,7363,64.79276557,9.591441,0.13050653,9.920775349,0.04887266,-0.38285068,0.04923299,9.44,0.06,-9.974292,0.055383969,FALSE,0.055383969,7.57E+09,FALSE,FALSE,FALSE,FALSE,TRUE,FALSE,FALSE,FALSE,FALSE,FALSE,FALSE,FALSE,FALSE,FALSE,0.006418523,23179.34803,FALSE,FALSE,0.008445843,TRUE,FALSE
7365,1,1.24E+18,184.8775,14.87722,1367,15.4,1.6,0.1185386,0.06093808,0.7688594,7365,N4262,184.873337,14.870556,184.877502,14.877222,1367,406,8.69,1,0.010013127,7365,39.74845941,10.066022,0.1001097,9.595435062,0.090243016,-2.2722037,0.10331482,8.69,0.1,-12.338225,0.404037059,TRUE,0.404037059,1.23E+10,TRUE,FALSE,FALSE,FALSE,FALSE,FALSE,FALSE,TRUE,FALSE,FALSE,FALSE,FALSE,FALSE,FALSE,0.003412853,81985.34909,TRUE,TRUE,0.004559821,FALSE,TRUE
7370,1,1.24E+18,184.9175,2.08,2208,25.8,5,0.07755049,0.03986701,0.2807004,7370,014-007,184.917496,2.076389,184.917496,2.08,2208,170,8.71,1,0.014390512,7370,73.69805104,9.022327,0.24515438,9.19231124,0.168334085,-1.7653195,0.18703136,8.71,0.18,-10.787647,0.062166576,FALSE,0.062166576,1.73E+09,FALSE,FALSE,TRUE,FALSE,FALSE,FALSE,FALSE,FALSE,FALSE,FALSE,FALSE,FALSE,FALSE,FALSE,0.007922361,15214.65463,FALSE,FALSE,0.007365095,TRUE,FALSE
7376,1,1.24E+18,184.95584,5.46361,2377,24.2,1.6,0.06410744,0.03295623,0.5410127,7376,N4270,184.972092,5.476667,184.955841,5.463611,2377,113,8.46,1,0.005079617,7376,57.24744399,10.046668,0.105572805,9.473740981,0.057427497,-2.2163377,0.12340153,8.46,0.08,-12.263006,-0.263356837,FALSE,0.263356837,1.15E+10,TRUE,FALSE,FALSE,FALSE,FALSE,FALSE,FALSE,FALSE,FALSE,FALSE,FALSE,FALSE,FALSE,FALSE,0.003010506,105364.0435,TRUE,FALSE,0.007928819,TRUE,FALSE
7377,1,1.24E+18,184.96042,29.61417,917,9.6,4.1,0.07404305,0.03806391,0.8774818,7377,N4274,184.961243,29.617222,184.960419,29.614166,917,459,8.2,1,0.01473619,7377,28.65995363,9.900734,0.37210444,9.05645136,0.370959873,-1.4005967,0.37096807,8.2,0.37,-11.301331,0.626614622,TRUE,0.626614622,8.17E+09,FALSE,TRUE,FALSE,FALSE,FALSE,FALSE,FALSE,FALSE,TRUE,FALSE,FALSE,FALSE,FALSE,FALSE,0.003369255,84120.84608,TRUE,TRUE,0.003058783,FALSE,TRUE
7380,1,1.24E+18,184.98416,5.34389,2379,24.2,1.8,0.06189688,0.03181983,0.6698791,7380,N4273,184.982498,5.339722,184.984161,5.343889,2379,274,9.38,1,0.005080117,7380,47.94230613,9.762965,0.088418685,9.441069625,0.064605894,-2.21E-04,0.0646095,9.38,0.08,-9.763186,0.202413328,FALSE,0.202413328,8.98E+09,FALSE,FALSE,FALSE,FALSE,TRUE,FALSE,FALSE,FALSE,FALSE,FALSE,FALSE,FALSE,FALSE,FALSE,0.003013335,105166.2565,FALSE,FALSE,0.00793549,TRUE,FALSE
7382,1,1.24E+18,184.96916,27.62056,2328,36.4,2.3,0.06917501,0.03556136,0.8807871,7382,N4275,184.967911,27.617779,184.969162,27.620556,2328,129,8.91,1,0.015749845,7382,28.26256682,10.045711,0.062269446,9.362588072,0.054884206,-0.9065746,0.055881966,8.91,0.07,-10.952285,0.037461162,FALSE,0.037461162,1.22E+10,FALSE,FALSE,TRUE,FALSE,FALSE,FALSE,FALSE,FALSE,FALSE,FALSE,FALSE,FALSE,FALSE,FALSE,0.009141945,11425.9997,FALSE,FALSE,0.007765372,TRUE,FALSE
7385,1,1.24E+18,185.03125,7.69139,2613,24.2,1.8,0.09576415,0.04923025,0.8352822,7385,N4276,185.033737,7.691667,185.03125,7.691389,2613,128,8.84,1,0.0036,7385,33.35479395,9.5005865,0.07299129,9.623339675,0.06460759,-1.1224852,0.06911542,8.84,0.08,-10.623072,0.087857947,FALSE,0.087857947,4.09E+09,FALSE,FALSE,TRUE,FALSE,FALSE,FALSE,FALSE,FALSE,FALSE,FALSE,FALSE,FALSE,FALSE,FALSE,0.002345423,173591.6805,FALSE,FALSE,0.00871603,TRUE,FALSE
7386,1,1.24E+18,185.02875,29.28056,617,12.6,1.3,0.09714961,0.04994249,0.8226056,7386,N4278,185.04332,29.271389,185.028748,29.280556,617,383,8.54,1,0.015709856,7386,34.65354791,10.285333,0.09647972,9.570043326,0.089616325,-1.7717932,0.0901563,8.54,0.1,-12.057126,0.378196714,TRUE,0.378196714,1.98E+10,TRUE,FALSE,FALSE,FALSE,FALSE,FALSE,FALSE,TRUE,FALSE,FALSE,FALSE,FALSE,FALSE,FALSE,0.002416778,163492.5591,TRUE,FALSE,0.00205809,FALSE,TRUE
7387,1,1.24E+18,185.07249,4.20167,1732,24.2,1.7,0.07353861,0.03780459,0.2695845,7387,042-033,185.074173,4.206666,185.072495,4.201666,1732,255,8.75,1,0.02301349,7387,74.36051913,9.291446,0.1936434,9.443718551,0.061017984,-1.227769,0.065082304,8.75,0.08,-10.519215,0.188624768,FALSE,0.188624768,2.70E+09,FALSE,FALSE,TRUE,FALSE,FALSE,FALSE,FALSE,FALSE,FALSE,FALSE,FALSE,FALSE,FALSE,FALSE,0.009938245,9668.341546,FALSE,FALSE,0.00577733,TRUE,FALSE
7394,1,1.24E+18,185.1154,1.46917,1601,29.4,5.7,0.07800809,0.04010225,0.1588641,7394,014-011,185.119156,1.471389,185.115402,1.469167,1601,187,9.15,1,0.012978672,7394,80.85909762,8.907082,0.30721894,9.103206064,0.168407235,-1.7222469,0.19605151,9.15,0.17,-10.629329,0.043825845,FALSE,0.043825845,2.69E+09,FALSE,FALSE,TRUE,FALSE,FALSE,FALSE,FALSE,FALSE,FALSE,FALSE,FALSE,FALSE,FALSE,FALSE,0.005180849,35577.01858,FALSE,FALSE,0.005340361,TRUE,FALSE
7396,1,1.24E+18,185.14082,0.7875,2109,32.9,4.4,0.06301161,0.03239289,0.3499132,7396,014-012,185.146255,0.789444,185.140823,0.7875,2109,158,9.04,1,0.01079898,7396,69.51805259,9.095012,0.18802938,9.133249543,0.116181064,-2.4568877,0.47137883,9.05,0.13,-11.551899,-0.007225054,FALSE,0.007225054,2.70E+09,TRUE,FALSE,FALSE,FALSE,FALSE,FALSE,FALSE,FALSE,FALSE,FALSE,FALSE,FALSE,FALSE,FALSE,0.005678566,29613.79701,FALSE,FALSE,0.007034867,TRUE,FALSE
7398,1,1.24E+18,185.17542,29.34528,646,9.5,4,0.07557467,0.03885128,0.660168,7398,N4286,185.172913,29.342779,185.175415,29.345278,646,105,7.29,1,0.017263398,7398,48.68735444,8.536241,0.3709515,8.681089473,0.365722157,-2.2260768,0.36814207,7.29,0.37,-10.762318,0.127236795,FALSE,0.127236795,3.70E+08,FALSE,FALSE,TRUE,FALSE,FALSE,FALSE,FALSE,FALSE,FALSE,FALSE,FALSE,FALSE,FALSE,FALSE,0.002780598,123508.0105,FALSE,FALSE,0.002154824,TRUE,FALSE
7403,1,1.24E+18,185.25917,3.72194,2539,24.2,1.8,0.06456541,0.03319166,0.3251837,7403,N4289,185.26001,3.728055,185.259171,3.721945,2539,359,9.36,1,0.018354983,7403,71.02335523,9.807282,0.17065938,9.983098434,0.064605915,-0.8129645,0.065190546,9.35,0.08,-10.620247,0.209067555,FALSE,0.209067555,9.46E+09,FALSE,FALSE,TRUE,FALSE,FALSE,FALSE,FALSE,FALSE,FALSE,FALSE,FALSE,FALSE,FALSE,FALSE,0.011619729,7072.604181,FALSE,FALSE,0.008469192,TRUE,FALSE
7405,1,1.24E+18,185.30125,18.38194,885,16.7,1.3,0.1304431,0.06705794,0.462496,7405,N4293,185.30542,18.373611,185.301254,18.381945,885,237,7.74,2,0.022599534,7405,62.45176528,10.150034,0.12903488,9.341772989,0.067614748,-0.29123774,0.06761733,7.74,0.09,-10.441272,0.01265387,FALSE,0.01265387,1.42E+10,FALSE,FALSE,FALSE,TRUE,FALSE,FALSE,FALSE,FALSE,FALSE,FALSE,FALSE,FALSE,FALSE,FALSE,0.004986802,38399.64582,FALSE,FALSE,0.002952042,TRUE,FALSE
7407,1,1.24E+18,185.32458,11.51,355,16.7,1.3,0.1122925,0.05772712,0.3836716,7407,N4294,185.321671,11.5125,185.324585,11.51,355,196,9.29,1,0.017638018,7407,67.43876067,9.310164,0.15129857,8.478545145,0.067617239,-1.3869243,0.06814612,9.29,0.08,-10.697088,0.034014699,FALSE,0.034014699,4.64E+09,FALSE,FALSE,TRUE,FALSE,FALSE,FALSE,FALSE,FALSE,FALSE,FALSE,FALSE,FALSE,FALSE,FALSE,0.001561196,391792.8078,FALSE,FALSE,0.001184153,TRUE,FALSE
7414,1,1.24E+18,185.41959,11.50056,232,16.7,1.2,0.1075859,0.05530755,0.9440101,7414,N4299,185.410843,11.492778,185.419586,11.500556,232,105,9.1,1,0.020161279,7414,19.26372687,8.893079,0.06698308,9.3542707,0.06244224,-1.0224452,0.06309372,9.1,0.08,-9.915524,0.278934336,FALSE,0.278934336,2.46E+09,FALSE,FALSE,FALSE,FALSE,TRUE,FALSE,FALSE,FALSE,FALSE,FALSE,FALSE,FALSE,FALSE,FALSE,0.001166233,702102.6292,TRUE,FALSE,7.74E-04,TRUE,FALSE
7418,1,1.24E+18,185.42625,14.59778,1146,16.7,1.3,0.1168319,0.06006071,0.2236686,7418,N4302,185.418747,14.603612,185.426254,14.597777,1146,364,9.33,1,0.017630328,7418,77.0754657,10.0329275,0.22034103,8.814170603,0.067615169,-1.9113779,0.07244526,9.33,0.08,-11.944305,0.162325236,FALSE,0.162325236,1.36E+10,TRUE,FALSE,FALSE,FALSE,FALSE,FALSE,FALSE,FALSE,FALSE,FALSE,FALSE,FALSE,FALSE,FALSE,0.005037608,37629.00276,FALSE,FALSE,0.003822645,TRUE,FALSE
7421,1,1.24E+18,185.48251,11.96722,152,16.7,1.2,0.1077884,0.05541163,0.2999448,7421,I3208,185.480011,11.964167,185.482513,11.967222,152,106,8.43,1,0.012785346,7421,72.54577356,7.960736,0.18022415,8.298678354,0.065003517,-2.1227565,0.1366655,8.43,0.08,-10.083492,0.006348391,FALSE,0.006348391,4.49E+08,FALSE,FALSE,FALSE,TRUE,FALSE,FALSE,FALSE,FALSE,FALSE,FALSE,FALSE,FALSE,FALSE,FALSE,4.85E-04,4067247.318,FALSE,FALSE,5.07E-04,TRUE,FALSE
7422,1,1.24E+18,185.505,5.1,1883,24.2,1.8,0.06493323,0.03338075,0.3654271,7422,042-047,185.507492,5.11,185.505005,5.1,1883,273,8.04,2,0.017928739,7422,68.56618839,9.524911,0.15590924,9.523948882,0.064606486,-0.7358295,0.06494782,8.04,0.1,-10.26074,0.205144581,FALSE,0.205144581,3.49E+09,FALSE,FALSE,FALSE,TRUE,FALSE,FALSE,FALSE,FALSE,FALSE,FALSE,FALSE,FALSE,FALSE,FALSE,0.008417428,13477.6011,FALSE,FALSE,0.006281012,TRUE,FALSE
7428,1,1.24E+18,185.51125,32.09583,1138,10.1,4.1,0.05134763,0.02639669,0.861627,7428,158-090,185.515839,32.09222,185.511246,32.095833,1138,68,9,1,0.016292892,7428,30.50026965,7.99894,0.35392556,8.258349646,0.352597471,-2.7090147,0.36402488,8.38,0.35,-10.707954,-0.038066094,FALSE,0.038066094,1.43E+09,FALSE,FALSE,TRUE,FALSE,FALSE,FALSE,FALSE,FALSE,FALSE,FALSE,FALSE,FALSE,FALSE,FALSE,0.004622956,44681.92207,FALSE,FALSE,0.003795959,TRUE,FALSE
7451,1,1.24E+18,185.77583,5.25028,1668,24.2,1.7,0.07964955,0.04094609,0.6248252,7451,N4324,185.777924,5.252222,185.775833,5.250278,1668,314,9.1,1,0.012942307,7451,51.33068461,10.319819,0.09247905,9.665461181,0.061016623,-1.8875076,0.080230884,9.1,0.07,-12.207327,0.139793726,FALSE,0.139793726,2.26E+10,TRUE,FALSE,FALSE,FALSE,FALSE,FALSE,FALSE,FALSE,FALSE,FALSE,FALSE,FALSE,FALSE,FALSE,0.005382538,32960.76183,FALSE,FALSE,0.005563849,TRUE,FALSE
7456,1,1.24E+18,185.81833,11.36611,1563,16.7,1.2,0.08033334,0.04129761,0.2499724,7456,N4330,185.817917,11.3625,185.818329,11.366112,1563,241,8.66,1,0.008018519,7456,75.52418483,9.515972,0.20402518,9.585578302,0.062414159,-1.0795784,0.06343001,8.66,0.08,-10.595551,0.122290454,FALSE,0.122290454,3.89E+09,FALSE,FALSE,TRUE,FALSE,FALSE,FALSE,FALSE,FALSE,FALSE,FALSE,FALSE,FALSE,FALSE,FALSE,0.003124874,97792.7023,FALSE,FALSE,0.005213607,TRUE,FALSE
7465,1,1.24E+18,185.91124,6.95417,1013,22.9,1.6,0.07027494,0.03612681,0.4264693,7465,N4343,185.913742,6.952777,185.91124,6.954166,1013,328,8.83,1,0.0144,7465,64.75635389,10.292913,0.135268,9.597306406,0.060687477,-0.919303,0.06087592,8.83,0.08,-11.212216,0.105085485,FALSE,0.105085485,2.05E+10,FALSE,TRUE,FALSE,FALSE,FALSE,FALSE,FALSE,FALSE,FALSE,FALSE,FALSE,FALSE,FALSE,FALSE,0.003637067,72188.63891,FALSE,FALSE,0.003379004,TRUE,FALSE
7468,1,1.24E+18,185.90625,17.54056,1147,16.7,1.2,0.1119893,0.05757124,0.9816871,7468,N4344,185.908325,17.545834,185.90625,17.540556,1147,56,7.88,1,0.0144,7468,10.98200309,9.38987,0.06657413,9.43671966,0.062414401,-1.4641107,0.065984026,7.88,0.08,-10.85398,0.240162511,FALSE,0.240162511,2.55E+09,FALSE,FALSE,TRUE,FALSE,FALSE,FALSE,FALSE,FALSE,FALSE,FALSE,FALSE,FALSE,FALSE,FALSE,0.004118179,56306.80803,FALSE,FALSE,0.00382598,TRUE,FALSE
7469,1,1.24E+18,185.95209,7.18611,1420,22.9,1.6,0.07372225,0.03789899,0.5452265,7469,I3259,185.949997,7.188889,185.952087,7.186111,1420,159,8.44,1,0.011303751,7469,56.95990491,9.2733,0.106409706,9.41496731,0.060689973,-1.3817892,0.06969077,8.44,0.08,-10.655089,0.064027883,FALSE,0.064027883,2.24E+09,FALSE,FALSE,TRUE,FALSE,FALSE,FALSE,FALSE,FALSE,FALSE,FALSE,FALSE,FALSE,FALSE,FALSE,0.004002121,59619.84945,FALSE,FALSE,0.00473661,TRUE,FALSE
7470,1,1.24E+18,185.93542,12.47778,-430,16.7,1.2,0.1083694,0.05571033,0.7906308,7470,I3258,185.933334,12.486112,185.935425,12.477777,-430,82,8.49,1,0.020628013,7470,37.75553203,7.993482,0.07409002,7.683076242,0.06250716,-1.5037063,0.0632366,8.49,0.08,-9.497189,0.073776737,FALSE,0.073776737,5.10E+08,FALSE,FALSE,FALSE,FALSE,FALSE,TRUE,FALSE,FALSE,FALSE,FALSE,FALSE,FALSE,FALSE,FALSE,-0.002211593,195236.5049,FALSE,FALSE,-0.001434326,TRUE,FALSE
7474,1,1.24E+18,186.02292,7.04056,1234,22.9,1.6,0.07670449,0.0394321,0.9208937,7474,I3267,186.024155,7.045556,186.022919,7.040555,1234,58,8.34,1,0.018351166,7474,22.94293294,9.204494,0.06581988,9.379610789,0.060690871,-1.1629019,0.064168096,8.34,0.07,-10.367396,-0.022967223,FALSE,0.022967223,1.89E+09,FALSE,FALSE,FALSE,TRUE,FALSE,FALSE,FALSE,FALSE,FALSE,FALSE,FALSE,FALSE,FALSE,FALSE,0.005646225,29954.01766,FALSE,FALSE,0.004116181,TRUE,FALSE
7476,1,1.24E+18,186.00583,12.20444,2316,16.7,1.2,0.0950897,0.04888353,0.664534,7476,N4351,185.999573,12.200833,186.005829,12.204444,2316,95,8.56,1,0.014823657,7476,48.35345577,8.995034,0.08748515,9.354647974,0.062415056,-1.3406838,0.065208346,8.56,0.08,-10.335718,-0.06397641,FALSE,0.06397641,1.47E+09,FALSE,FALSE,FALSE,TRUE,FALSE,FALSE,FALSE,FALSE,FALSE,FALSE,FALSE,FALSE,FALSE,FALSE,0.00855999,13032.41507,FALSE,FALSE,0.007725344,TRUE,FALSE
7477,1,1.24E+18,186.03166,6.60694,727,16.4,1.2,0.08158208,0.04193956,0.8952656,7477,I3268,186.030411,6.609444,186.031662,6.606945,727,85,8.65,1,0.019368886,7477,26.45745667,8.560321,0.06923584,8.77245032,0.063575694,-1.7132635,0.069788545,8.65,0.08,-10.273584,0.158974386,FALSE,0.158974386,9.57E+08,FALSE,FALSE,FALSE,TRUE,FALSE,FALSE,FALSE,FALSE,FALSE,FALSE,FALSE,FALSE,FALSE,FALSE,0.003510899,77470.18991,FALSE,FALSE,0.002425011,TRUE,FALSE
7482,1,1.24E+18,186.06125,8.53639,1092,16.4,1.2,0.08813151,0.04530648,0.1917659,7482,N4356,186.069153,8.522778,186.061249,8.536389,1092,237,7.77,2,0.005063047,7482,78.94420861,9.862911,0.2395282,10.09866835,0.063559078,-1.5074353,0.06970433,7.77,0.08,-11.370346,0.039709289,FALSE,0.039709289,7.37E+09,FALSE,TRUE,FALSE,FALSE,FALSE,FALSE,FALSE,FALSE,FALSE,FALSE,FALSE,FALSE,FALSE,FALSE,0.001378523,502508.6405,FALSE,FALSE,0.00364252,TRUE,FALSE
7483,1,1.24E+18,186.04875,31.52056,1249,10,4.2,0.08200242,0.04215565,0.3044133,7483,N4359,186.0504,31.519722,186.048752,31.520555,1249,198,9.36,1,0.019017646,7483,72.27719093,8.773224,0.40122002,8.940419255,0.364807554,-1.7894685,0.36520487,8.66,0.37,-10.562693,0.051216641,FALSE,0.051216641,3.64E+09,FALSE,FALSE,TRUE,FALSE,FALSE,FALSE,FALSE,FALSE,FALSE,FALSE,FALSE,FALSE,FALSE,FALSE,0.005922411,27225.40403,FALSE,FALSE,0.004166216,TRUE,FALSE
7485,1,1.24E+18,186.09207,21.16028,959,16.8,2.3,0.08278771,0.04255934,0.6644416,7485,128-085,186.092072,21.156944,186.092072,21.160278,959,34,8.11,1,0.009845048,7485,48.36054013,8.3232565,0.13376187,8.589253685,0.118924026,-1.6809167,0.12206824,7.77,0.13,-10.004173,-0.363797039,TRUE,0.363797039,3.82E+08,FALSE,FALSE,FALSE,TRUE,FALSE,FALSE,FALSE,FALSE,FALSE,FALSE,TRUE,FALSE,FALSE,FALSE,0.00235405,172321.6475,TRUE,FALSE,0.00319888,FALSE,TRUE
7497,1,1.24E+18,186.32542,4.92528,2557,24.2,1.9,0.05438709,0.02795921,0.7577967,7497,N4378,186.325836,4.928611,186.325424,4.925278,2557,340,9.21,1,0.016052149,7497,40.72969145,10.477961,0.081701875,9.717113708,0.06819503,-1.6199341,0.07374958,9.21,0.08,-12.097895,0.213602394,FALSE,0.213602394,3.22E+10,TRUE,FALSE,FALSE,FALSE,FALSE,FALSE,FALSE,FALSE,FALSE,FALSE,FALSE,FALSE,FALSE,FALSE,0.010233949,9117.691795,FALSE,FALSE,0.008529234,TRUE,FALSE
7498,1,1.24E+18,186.32542,5.74083,1138,16.5,1.1,0.07674541,0.03945313,0.5554585,7498,N4376,186.326248,5.739722,186.325424,5.740834,1138,145,8.6,1,0.02031367,7498,56.25774659,8.709037,0.10276262,9.048796415,0.057909456,-1.3914498,0.06009561,8.6,0.07,-10.100487,0.11081074,FALSE,0.11081074,1.04E+09,FALSE,FALSE,FALSE,TRUE,FALSE,FALSE,FALSE,FALSE,FALSE,FALSE,FALSE,FALSE,FALSE,FALSE,0.005763814,28744.27891,FALSE,FALSE,0.003795959,TRUE,FALSE
7503,1,1.24E+18,186.34209,10.01639,963,22.9,1.8,0.07769974,0.03994374,0.6728117,7503,N4380,186.342911,10.017222,186.342087,10.016389,963,268,8.51,1,0.011228155,7503,47.71559447,10.007495,0.09072468,9.133570826,0.068273764,-1.5373931,0.071825355,8.51,0.08,-11.544888,0.176352804,FALSE,0.176352804,1.06E+10,TRUE,FALSE,FALSE,FALSE,FALSE,FALSE,FALSE,FALSE,FALSE,FALSE,FALSE,FALSE,FALSE,FALSE,0.002695964,131384.2649,FALSE,FALSE,0.003212222,TRUE,FALSE
7507,1,1.24E+18,186.35625,16.46972,1708,16.7,1.2,0.07813995,0.04017004,0.5737622,7507,N4383,186.363754,16.472223,186.356247,16.469723,1708,208,9.44,1,0.014963449,7507,54.98705213,9.331095,0.1019801,9.2721952,0.062413638,-0.21351571,0.06241537,9.44,0.08,-9.54461,0.087502094,FALSE,0.087502094,5.81E+09,FALSE,FALSE,FALSE,FALSE,TRUE,FALSE,FALSE,FALSE,FALSE,FALSE,FALSE,FALSE,FALSE,FALSE,0.006372339,23516.54845,FALSE,FALSE,0.005697275,TRUE,FALSE
7510,1,1.24E+18,186.38792,12.25972,-141,16.7,1.3,0.09449423,0.04857742,0.209101,7510,I3311,186.395416,12.249722,186.387924,12.259722,-141,149,8.32,1,0.01580665,7510,77.93039206,8.88286,0.22910123,8.834471658,0.06762008,-2.1695423,0.1080277,8.32,0.08,-11.0524025,0.052195685,FALSE,0.052195685,1.04E+09,FALSE,TRUE,FALSE,FALSE,FALSE,FALSE,FALSE,FALSE,FALSE,FALSE,FALSE,FALSE,FALSE,FALSE,-5.56E-04,3092394.05,FALSE,FALSE,-4.70E-04,TRUE,FALSE
7513,1,1.24E+18,186.42876,7.21611,993,22.9,1.6,0.08542359,0.0439144,0.1632496,7513,I3322a,186.429169,7.216667,186.428757,7.216111,993,281,9.53,1,0.011303079,7513,80.60450284,9.76832,0.26051757,9.82812649,0.060687954,-0.8133698,0.061571535,9.53,0.08,-10.58169,0.074315348,FALSE,0.074315348,1.04E+10,FALSE,FALSE,TRUE,FALSE,FALSE,FALSE,FALSE,FALSE,FALSE,FALSE,FALSE,FALSE,FALSE,FALSE,0.0027985,121932.8445,FALSE,FALSE,0.003312291,TRUE,FALSE
7515,1,1.24E+18,186.42792,0.57222,2150,33,4.2,0.08126865,0.04177843,0.5309188,7515,N4385,186.432922,0.575833,186.427917,0.572222,2150,101,9.12,1,0.012979536,7515,57.93249345,9.6694355,0.1432728,10.12247849,0.110547786,0.8280404,0.110548295,9.12,0.12,-8.841395,-0.252027004,FALSE,0.252027004,6.42E+09,FALSE,FALSE,FALSE,FALSE,FALSE,FALSE,TRUE,FALSE,FALSE,FALSE,FALSE,FALSE,FALSE,FALSE,0.00695788,19725.02098,TRUE,FALSE,0.007171628,TRUE,FALSE
7536,1,1.24E+18,186.65042,3.96472,2294,24.2,4.8,0.05931462,0.03049235,0.8721878,7536,N4412,186.647507,3.965,186.650421,3.964722,2294,118,8.38,1,0.008045995,7536,29.2861448,9.713914,0.17482093,9.030229781,0.172282482,-0.28908023,0.17230572,8.71,0.18,-10.002995,0.071159763,FALSE,0.071159763,5.49E+09,FALSE,FALSE,FALSE,TRUE,FALSE,FALSE,FALSE,FALSE,FALSE,FALSE,FALSE,FALSE,FALSE,FALSE,0.004602062,45088.56199,FALSE,FALSE,0.00765196,TRUE,FALSE
7537,1,1.24E+18,186.625,8.87167,1278,16.4,1.2,0.08418816,0.04327929,0.8819968,7537,N4411,186.639587,8.873611,186.625,8.871667,1278,89,9.01,1,0.0108,7537,28.11584141,9.645904,0.0712503,9.127820269,0.063560392,-1.5307465,0.07052229,9.01,0.08,-11.17665,-0.040746208,FALSE,0.040746208,5.79E+09,FALSE,TRUE,FALSE,FALSE,FALSE,FALSE,FALSE,FALSE,FALSE,FALSE,FALSE,FALSE,FALSE,FALSE,0.00344139,80631.27175,FALSE,FALSE,0.004262949,TRUE,FALSE
7538,1,1.24E+18,186.63417,12.61028,103,16.7,1.3,0.1064302,0.05471342,0.7221311,7538,N4413,186.642075,12.614167,186.634171,12.610278,103,162,8.32,1,0.008011385,7538,43.76932752,9.401746,0.08457964,8.693722299,0.067615564,-1.2028688,0.067828186,8.32,0.08,-10.604614,0.131489577,FALSE,0.131489577,2.80E+09,FALSE,FALSE,TRUE,FALSE,FALSE,FALSE,FALSE,FALSE,FALSE,FALSE,FALSE,FALSE,FALSE,FALSE,2.06E-04,2.26E+07,FALSE,FALSE,3.44E-04,TRUE,FALSE
7541,1,1.24E+18,186.69458,7.91861,1390,16.4,1.2,0.08363026,0.04299248,0.8872724,7541,N4416,186.694168,7.916667,186.69458,7.918611,1390,134,8.43,1,0.0036,7541,27.46754917,9.257995,0.06955028,8.091358248,0.063565266,-1.929594,0.06905436,8.43,0.08,-11.187589,0.252805367,FALSE,0.252805367,2.17E+09,FALSE,TRUE,FALSE,FALSE,FALSE,FALSE,FALSE,FALSE,FALSE,FALSE,FALSE,FALSE,FALSE,FALSE,0.001247661,613448.5247,TRUE,FALSE,0.004636541,TRUE,FALSE
7546,1,1.24E+18,186.69667,8.88444,1272,16.4,1.2,0.0981601,0.05046196,0.8395243,7546,N4411b,186.680832,8.883333,186.696671,8.884444,1272,82,9.13,1,0.014832764,7546,32.91010688,8.851789,0.071790926,9.150062624,0.063558023,-1.5629706,0.06810319,9.12,0.08,-10.414761,-0.047232543,FALSE,0.047232543,2.50E+09,FALSE,FALSE,FALSE,TRUE,FALSE,FALSE,FALSE,FALSE,FALSE,FALSE,FALSE,FALSE,FALSE,FALSE,0.00470423,43151.34451,FALSE,FALSE,0.004242935,TRUE,FALSE
7549,1,1.24E+18,186.74292,2.49306,1689,15.1,2.9,0.05860275,0.03012639,0.3999702,7549,N4420,186.745422,2.496389,186.74292,2.493056,1689,192,8.9,1,0.0144,7549,66.42374056,9.266594,0.21120366,8.406173061,0.166816094,-1.7357587,0.16749275,8.9,0.17,-11.002353,0.079118926,FALSE,0.079118926,2.90E+09,FALSE,TRUE,FALSE,FALSE,FALSE,FALSE,FALSE,FALSE,FALSE,FALSE,FALSE,FALSE,FALSE,FALSE,0.006064171,25967.39864,FALSE,FALSE,0.005633898,TRUE,FALSE
7551,1,1.24E+18,186.73584,15.04694,-275,13.2,1.4,0.1092172,0.05614618,0.4871543,7551,N4419,186.73584,15.05,186.73584,15.046945,-275,187,7.77,1,0.018,7551,60.84633844,10.224423,0.13801,9.417622492,0.09212308,-0.20765747,0.0921236,7.77,0.1,-10.432081,-0.102229103,FALSE,0.102229103,1.68E+10,FALSE,FALSE,FALSE,TRUE,FALSE,FALSE,FALSE,FALSE,FALSE,FALSE,FALSE,FALSE,FALSE,FALSE,-0.001234197,626905.8615,FALSE,FALSE,-9.17E-04,TRUE,FALSE
7556,1,1.24E+18,186.78708,5.88,1120,16.5,1.1,0.06873453,0.03533492,0.2111244,7556,N4423,186.785416,5.881389,186.787079,5.88,1120,170,8.99,1,0.003581059,7556,77.81181264,8.709693,0.22512414,8.987552976,0.05791025,-1.573233,0.06395416,8.99,0.07,-10.282926,0.049509834,FALSE,0.049509834,1.81E+09,FALSE,FALSE,FALSE,TRUE,FALSE,FALSE,FALSE,FALSE,FALSE,FALSE,FALSE,FALSE,FALSE,FALSE,0.00100002,954890.8468,FALSE,FALSE,0.003735918,TRUE,FALSE
7557,1,1.24E+18,186.79707,7.2625,932,16.4,1.3,0.09758373,0.05016566,0.8115681,7557,042-108,186.795837,7.266111,186.797073,7.2625,932,147,9.22,1,0.010713356,7557,35.75060702,7.9957213,0.078307755,8.919445864,0.068866415,-2.1347942,0.14353558,9.22,0.08,-10.130516,0.183697682,FALSE,0.183697682,2.31E+09,FALSE,FALSE,FALSE,TRUE,FALSE,FALSE,FALSE,FALSE,FALSE,FALSE,FALSE,FALSE,FALSE,FALSE,0.00248955,154074.1678,FALSE,FALSE,0.003108817,TRUE,FALSE
7563,1,1.24E+18,186.79916,15.89722,2340,16.7,1.2,0.1027817,0.05283782,0.3500019,7563,I3365,186.797485,15.898334,186.799164,15.897223,2340,127,8.61,1,0.017562522,7563,69.51262739,8.318649,0.16045882,8.69775062,0.062439456,-2.1372318,0.119868465,8.61,0.08,-10.455881,0.037113756,FALSE,0.037113756,7.50E+08,FALSE,FALSE,FALSE,TRUE,FALSE,FALSE,FALSE,FALSE,FALSE,FALSE,FALSE,FALSE,FALSE,FALSE,0.010246654,9095.095236,FALSE,FALSE,0.0078054,TRUE,FALSE
7565,1,1.24E+18,186.8425,10.86639,924,16.7,1.2,0.1011512,0.05199961,0.1672118,7565,I3371,186.842072,10.865001,186.842499,10.866389,924,156,8.86,1,0.005045732,7565,80.37432129,8.082276,0.25752437,8.475454477,0.062432274,-1.8236313,0.07112256,8.86,0.08,-9.905908,0.064201883,FALSE,0.064201883,1.08E+09,FALSE,FALSE,FALSE,FALSE,TRUE,FALSE,FALSE,FALSE,FALSE,FALSE,FALSE,FALSE,FALSE,FALSE,0.001162453,706676.1377,FALSE,FALSE,0.003082132,TRUE,FALSE
7566,1,1.24E+18,186.85957,6.26306,1449,16.4,1.2,0.06086506,0.03128939,0.702791,7566,N4430,186.857086,6.266667,186.859573,6.263055,1449,140,8.62,1,0.020958335,7566,45.34868086,9.271517,0.08343919,9.547127596,0.063555919,-0.9960537,0.0640928,8.62,0.08,-10.2675705,0.071638829,FALSE,0.071638829,2.42E+09,FALSE,FALSE,FALSE,TRUE,FALSE,FALSE,FALSE,FALSE,FALSE,FALSE,FALSE,FALSE,FALSE,FALSE,0.007571893,16655.68128,FALSE,FALSE,0.004833344,TRUE,FALSE
7579,1,1.24E+18,186.98041,5.72111,2247,24.2,1.7,0.06534682,0.03359337,0.1790191,7579,042-117,186.983749,5.718889,186.980408,5.721111,2247,192,8.45,1,0.008017783,7579,79.68743693,8.999131,0.24802491,9.247311996,0.06101961,-1.2478639,0.065462954,8.45,0.08,-10.246995,0.129681309,FALSE,0.129681309,1.37E+09,FALSE,FALSE,FALSE,TRUE,FALSE,FALSE,FALSE,FALSE,FALSE,FALSE,FALSE,FALSE,FALSE,FALSE,0.004491968,47325.80257,FALSE,FALSE,0.007495185,TRUE,FALSE
7587,1,1.24E+18,187.06624,9.43611,353,16.4,1.2,0.07968367,0.04096363,0.3302758,7587,N4445,187.062073,9.439722,187.066238,9.436111,353,216,7.71,2,0.007962826,7587,70.71454345,9.491029,0.16827612,9.461482302,0.063555552,-1.5281234,0.0655783,7.71,0.09,-11.019152,0.10812534,FALSE,0.10812534,3.17E+09,FALSE,TRUE,FALSE,FALSE,FALSE,FALSE,FALSE,FALSE,FALSE,FALSE,FALSE,FALSE,FALSE,FALSE,7.01E-04,1944145.954,FALSE,FALSE,0.001177481,TRUE,FALSE
7590,1,1.24E+18,187.07832,8.72917,1120,22.9,1.5,0.07038447,0.03618311,0.461078,7590,070-108,187.081253,8.731111,187.078323,8.729166,1120,177,9.29,1,0.01792522,7590,62.54336206,8.656451,0.12390152,9.051205408,0.056898019,-1.4009924,0.059917603,9.29,0.07,-10.057444,0.052630065,FALSE,0.052630065,3.05E+09,FALSE,FALSE,FALSE,TRUE,FALSE,FALSE,FALSE,FALSE,FALSE,FALSE,FALSE,FALSE,FALSE,FALSE,0.005005666,38110.76741,FALSE,FALSE,0.003735918,TRUE,FALSE
7591,1,1.24E+18,187.06458,28.62028,657,23.6,4.8,0.07652643,0.03934057,0.6711687,7591,N4448,187.060837,28.623611,187.064575,28.620277,657,372,8.42,1,0.019138974,7591,47.84271058,10.461006,0.18664004,9.664848913,0.176662175,-0.9053761,0.17672062,8.42,0.18,-11.366383,0.207701147,FALSE,0.207701147,2.93E+10,FALSE,TRUE,FALSE,FALSE,FALSE,FALSE,FALSE,FALSE,FALSE,FALSE,FALSE,FALSE,FALSE,FALSE,0.003135186,97150.42041,FALSE,FALSE,0.002191516,TRUE,FALSE
7594,1,1.24E+18,187.12291,17.08472,1955,16.7,1.3,0.09221044,0.04740337,0.7056108,7594,N4450,187.123749,17.087778,187.12291,17.084723,1955,305,8.48,1,0.0108,7594,45.12112731,10.376674,0.08642506,9.522292093,0.067614724,-1.3347816,0.06791487,8.48,0.08,-11.711455,0.161626397,FALSE,0.161626397,2.42E+10,TRUE,FALSE,FALSE,FALSE,FALSE,FALSE,FALSE,FALSE,FALSE,FALSE,FALSE,FALSE,FALSE,FALSE,0.005264412,34456.54229,FALSE,FALSE,0.006521178,TRUE,FALSE
7595,1,1.24E+18,187.11333,18.41528,1704,25.1,4.5,0.1078277,0.05543185,0.6897069,7595,I3391,187.112488,18.417221,187.113327,18.415277,1704,115,8.67,1,0.014887579,7595,46.39312725,9.385554,0.16569,9.598373037,0.155724251,-1.034649,0.15705577,8.67,0.16,-10.420203,-0.046520317,FALSE,0.046520317,3.05E+09,FALSE,FALSE,FALSE,TRUE,FALSE,FALSE,FALSE,FALSE,FALSE,FALSE,FALSE,FALSE,FALSE,FALSE,0.006325182,23868.51443,FALSE,FALSE,0.005683932,TRUE,FALSE
7600,1,1.24E+18,187.16916,9.25861,858,22.9,1.6,0.06228179,0.0320177,0.6187177,7600,N4451,187.170822,9.257222,187.169159,9.258611,858,208,8.55,1,0.005058114,7600,51.77748925,9.605242,0.09310696,9.856409418,0.060687617,-0.5156494,0.06077716,8.55,0.08,-10.120892,0.13323211,FALSE,0.13323211,4.50E+09,FALSE,FALSE,FALSE,TRUE,FALSE,FALSE,FALSE,FALSE,FALSE,FALSE,FALSE,FALSE,FALSE,FALSE,0.00108207,815569.4063,FALSE,FALSE,0.00286198,TRUE,FALSE
7602,1,1.24E+18,187.17999,14.99917,1668,16.7,1.2,0.1215743,0.06249869,0.4718955,7602,I3392,187.172501,14.996667,187.179993,14.999166,1668,188,7.89,1,0.01778166,7602,61.84264419,9.666491,0.12391792,8.838011698,0.062413976,-1.2822862,0.062668204,7.89,0.08,-10.948776,0.033559845,FALSE,0.033559845,4.74E+09,FALSE,FALSE,TRUE,FALSE,FALSE,FALSE,FALSE,FALSE,FALSE,FALSE,FALSE,FALSE,FALSE,FALSE,0.007395162,17461.27821,FALSE,FALSE,0.005563849,TRUE,FALSE
7603,1,1.24E+18,187.18333,22.82139,643,6.8,1.3,0.06790899,0.03491052,0.310264,7603,N4455,187.18541,22.821667,187.183334,22.82139,643,123,8.54,1,0.013272745,7603,71.92491968,8.193775,0.23365152,8.660588066,0.166078058,-2.3313498,0.16993512,8.54,0.18,-10.5251255,0.037956193,FALSE,0.037956193,6.17E+08,FALSE,FALSE,TRUE,FALSE,FALSE,FALSE,FALSE,FALSE,FALSE,FALSE,FALSE,FALSE,FALSE,FALSE,0.002127899,210896.4557,FALSE,FALSE,0.002144817,TRUE,FALSE
7609,1,1.24E+18,187.24582,3.57111,885,16.6,4.3,0.07171445,0.03686683,0.8249179,7609,N4457,187.234161,3.5675,187.245819,3.571111,885,136,8.42,1,0.005086228,7609,34.41986054,10.2779455,0.22775383,9.757978418,0.224995938,-0.65164196,0.22500035,8.42,0.23,-10.929587,-0.066462025,FALSE,0.066462025,1.93E+10,FALSE,FALSE,TRUE,FALSE,FALSE,FALSE,FALSE,FALSE,FALSE,FALSE,FALSE,FALSE,FALSE,FALSE,0.001122324,758114.0375,FALSE,FALSE,0.002952042,TRUE,FALSE
7621,1,1.24E+18,187.37083,6.77056,525,16.4,1.2,0.06149563,0.03161356,0.630527,7621,I3414,187.369583,6.775,187.370834,6.770555,525,82,8.47,1,0.022988648,7621,50.91102865,8.819338,0.093107946,7.44765555,0.162561483,-2.2505112,0.2089416,8.47,0.08,-11.069849,-0.107953355,FALSE,0.107953355,1.05E+09,FALSE,TRUE,FALSE,FALSE,FALSE,FALSE,FALSE,FALSE,FALSE,FALSE,FALSE,FALSE,FALSE,FALSE,0.003009207,105455.0205,FALSE,FALSE,0.001751211,TRUE,FALSE
7622,1,1.24E+18,187.3671,8.75,539,16.4,1.1,0.06646502,0.03416821,0.5408431,7622,N4469,187.376678,8.786667,187.367096,8.75,539,36,7.35,2,0.014232406,7622,57.25899759,10.1422205,0.10602156,8.567868105,0.058260126,-1.429411,0.05863453,7.35,0.1,-11.571631,-0.780632635,TRUE,0.780632635,1.39E+10,TRUE,FALSE,FALSE,FALSE,FALSE,FALSE,FALSE,TRUE,FALSE,FALSE,FALSE,FALSE,FALSE,FALSE,0.001912698,261022.8635,TRUE,TRUE,0.00179791,FALSE,TRUE
7623,1,1.24E+18,187.35916,16.40472,1552,16.7,1.2,0.1003827,0.05160454,0.440226,7623,I 796,187.355423,16.431389,187.359161,16.404722,1552,276,7.8,2,0.00798538,7623,63.88175225,9.280197,0.1321034,9.390007547,0.062414011,-1.0465837,0.062696055,7.8,0.09,-10.32678,0.286673363,FALSE,0.286673363,1.99E+09,FALSE,FALSE,FALSE,TRUE,FALSE,FALSE,FALSE,FALSE,FALSE,FALSE,FALSE,FALSE,FALSE,FALSE,0.003090058,100008.7776,TRUE,FALSE,0.005176915,TRUE,FALSE
7626,1,1.24E+18,187.3775,7.69611,759,22.9,1.7,0.08269192,0.0425101,0.3500002,7626,N4466,187.376266,7.697778,187.377502,7.696111,759,173,8.46,1,0.007991889,7626,69.51273137,9.0747595,0.16151418,9.289052546,0.06448254,-1.3922896,0.068791606,8.46,0.08,-10.467049,0.091061982,FALSE,0.091061982,1.57E+09,FALSE,FALSE,FALSE,TRUE,FALSE,FALSE,FALSE,FALSE,FALSE,FALSE,FALSE,FALSE,FALSE,FALSE,0.001512414,417474.8237,FALSE,FALSE,0.002531751,TRUE,FALSE
7627,1,1.24E+18,187.40709,7.82306,2339,24.2,1.8,0.08011594,0.04118585,0.6846184,7627,N4470,187.405411,7.821944,187.407089,7.823055,2339,136,9,1,0.018349929,7627,46.79443567,9.59312,0.08650762,8.875025771,0.064607124,-1.1051537,0.06500557,9,0.08,-10.698274,-0.03542629,FALSE,0.03542629,5.25E+09,FALSE,FALSE,TRUE,FALSE,FALSE,FALSE,FALSE,FALSE,FALSE,FALSE,FALSE,FALSE,FALSE,FALSE,0.010701482,8338.415044,FALSE,FALSE,0.007802064,TRUE,FALSE
7647,1,1.24E+18,187.61166,4.24611,2437,43.5,8.9,0.08019998,0.04122905,0.5418034,7647,N4480,187.611664,4.244722,187.611664,4.246111,2437,309,9.7,1,0.014804839,7647,57.19355963,10.278992,0.198543,9.424196704,0.177711837,-1.3352454,0.18357982,9.7,0.18,-11.614237,0.086747838,FALSE,0.086747838,2.57E+10,TRUE,FALSE,FALSE,TRUE,FALSE,FALSE,FALSE,FALSE,FALSE,FALSE,FALSE,FALSE,FALSE,FALSE,0.008995774,11800.33379,FALSE,FALSE,0.008128957,TRUE,FALSE
7656,1,1.24E+18,187.74875,8.0775,1740,16.4,1.2,0.08313566,0.04273823,0.964439,7656,N4492,187.736252,8.075,187.748749,8.0775,1740,182,7.59,2,0.003564284,7656,15.32570455,9.803522,0.067717776,8.954903475,0.063555493,-2.188126,0.07604417,7.59,0.09,-11.991648,0.509917493,TRUE,0.509917493,6.41E+09,TRUE,FALSE,FALSE,FALSE,FALSE,FALSE,FALSE,TRUE,FALSE,FALSE,FALSE,FALSE,FALSE,FALSE,0.001546325,399364.6585,TRUE,TRUE,0.005804015,FALSE,TRUE
7666,1,1.24E+18,187.9075,14.85944,2560,16.7,1.2,0.1087228,0.05589202,0.2685843,7666,I3453,187.909164,14.861667,187.907501,14.859445,2560,97,8.24,1,0.01833324,7666,74.42002105,7.906641,0.19601732,8.42828956,0.06243528,-2.3978953,0.1289828,8.24,0.08,-10.304537,0.003278911,FALSE,0.003278911,3.12E+08,FALSE,FALSE,FALSE,TRUE,FALSE,FALSE,FALSE,FALSE,FALSE,FALSE,FALSE,FALSE,FALSE,FALSE,0.011701957,6973.55692,FALSE,FALSE,0.008539241,TRUE,FALSE
7669,1,1.24E+18,187.91458,16.85194,1506,16.7,1.2,0.09653324,0.04962562,0.1823844,7669,N4498,187.910004,16.852777,187.914581,16.851944,1506,187,8.9,1,0.014806445,7669,79.49139187,8.340338,0.24586804,9.232530359,0.062416006,-1.2483047,0.06311284,8.9,0.08,-9.588642,0.126488409,FALSE,0.126488409,1.28E+09,FALSE,FALSE,FALSE,FALSE,TRUE,FALSE,FALSE,FALSE,FALSE,FALSE,FALSE,FALSE,FALSE,FALSE,0.005559748,30893.07858,FALSE,FALSE,0.005023475,TRUE,FALSE
7676,1,1.24E+18,187.97833,15.12333,2096,16.7,1.2,0.1015375,0.05219819,0.5617874,7676,I 797,187.971664,15.123334,187.978333,15.123334,2096,124,8.37,1,0.017778093,7676,55.82054844,8.175442,0.104842275,9.234796671,0.062415467,-1.1380396,0.06320537,8.37,0.08,-9.313481,0.133424189,FALSE,0.133424189,4.62E+08,FALSE,FALSE,FALSE,FALSE,FALSE,TRUE,FALSE,FALSE,FALSE,FALSE,FALSE,FALSE,FALSE,FALSE,0.009290857,11062.6666,FALSE,FALSE,0.006991503,TRUE,FALSE
7677,1,1.24E+18,188.01334,16.68694,1627,16.7,1.2,0.09633295,0.04952266,0.5914685,7677,N4502,188.014587,16.689444,188.013336,16.686943,1627,170,8.4,1,0.017518648,7677,53.73875858,8.640011,0.098762736,8.813010172,0.062419766,-1.7922559,0.0701686,8.4,0.08,-10.432266,0.225941346,FALSE,0.225941346,7.71E+08,FALSE,FALSE,FALSE,TRUE,FALSE,FALSE,FALSE,FALSE,FALSE,FALSE,FALSE,FALSE,FALSE,FALSE,0.007106692,18907.60189,FALSE,FALSE,0.005427088,TRUE,FALSE
7685,1,1.24E+18,188.11668,0.38972,1528,25.6,2.2,0.07930735,0.04077018,0.6298449,7685,N4517A,188.118332,0.388611,188.116684,0.389722,1528,153,9.78,1,0.016099391,7685,50.96136258,8.944371,0.10113852,9.532491608,0.074754882,-1.5047588,0.15364337,9.78,0.09,-10.44913,-0.069133055,FALSE,0.069133055,8.89E+09,FALSE,FALSE,FALSE,TRUE,FALSE,FALSE,FALSE,FALSE,FALSE,FALSE,FALSE,FALSE,FALSE,FALSE,0.006133553,25383.24396,FALSE,FALSE,0.005096859,TRUE,FALSE
7694,1,1.24E+18,188.19084,0.11389,1127,8.3,0.8,0.07880076,0.04050975,0.2905485,7694,N4517,188.186264,0.113333,188.190842,0.113889,1127,301,9.32,1,0.008049832,7694,73.10926499,9.460439,0.19260025,7.843822403,0.083721912,-2.87088,0.103970036,9.32,0.09,-12.331319,0.183116926,FALSE,0.183116926,5.67E+09,TRUE,FALSE,FALSE,FALSE,FALSE,FALSE,FALSE,FALSE,FALSE,FALSE,FALSE,FALSE,FALSE,FALSE,0.002261987,186634.2143,FALSE,FALSE,0.003759267,TRUE,FALSE
7695,1,1.24E+18,188.17459,14.05028,-170,16.7,1.3,0.1184324,0.06088353,0.8187298,7695,I3476,188.165009,14.05,188.174591,14.050278,-170,118,8.42,1,0.008002259,7695,35.04218634,8.883026,0.07666075,9.211046365,0.067616456,-1.0227413,0.068046786,8.42,0.08,-9.905767,0.174854435,FALSE,0.174854435,1.11E+09,FALSE,FALSE,FALSE,FALSE,TRUE,FALSE,FALSE,FALSE,FALSE,FALSE,FALSE,FALSE,FALSE,FALSE,-3.39E-04,8300221.429,FALSE,FALSE,-5.67E-04,TRUE,FALSE
7697,1,1.24E+18,188.21501,20.18333,2533,47,9.3,0.109884,0.05648896,0.2166629,7697,099-085,188.215836,20.187222,188.215012,20.183332,2533,224,9.54,1,0.009874657,7697,77.48696115,9.316266,0.2746031,9.535311916,0.171873953,-1.3304094,0.19302192,9.54,0.18,-10.646675,0.028158021,FALSE,0.028158021,6.68E+09,FALSE,FALSE,TRUE,FALSE,FALSE,FALSE,FALSE,FALSE,FALSE,FALSE,FALSE,FALSE,FALSE,FALSE,0.006236437,24552.64646,FALSE,FALSE,0.008449179,TRUE,FALSE
7698,1,1.24E+18,188.22708,31.54167,331,6.1,0.6,0.05358259,0.02754563,0.9997469,7698,159-013,188.233337,31.53861,188.227081,31.541666,331,57,8.44,1,0.014723228,7698,1.289119655,6.66173,0.08837417,6.449878592,0.086184281,-3.296641,0.120153084,8.44,0.09,-9.958371,1.385139216,TRUE,1.385139216,3.71E+08,FALSE,FALSE,FALSE,FALSE,TRUE,FALSE,FALSE,FALSE,FALSE,FALSE,FALSE,TRUE,FALSE,FALSE,0.001215095,646771.1892,TRUE,TRUE,0.001104097,FALSE,TRUE
7704,1,1.24E+18,188.27834,32.09167,937,10.3,4.2,0.03909077,0.02009571,0.6310599,7704,N4509,188.281265,32.09111,188.278336,32.091667,937,63,8.46,1,0.016293309,7704,50.87167957,7.27927,0.36063072,8.288783142,0.354184504,-3.1451592,0.5644075,8.12,0.35,-10.424429,-0.11787796,FALSE,0.11787796,4.03E+08,FALSE,FALSE,FALSE,TRUE,FALSE,FALSE,FALSE,FALSE,FALSE,FALSE,FALSE,FALSE,FALSE,FALSE,0.003806521,65904.48319,FALSE,FALSE,0.003125496,TRUE,FALSE
7709,1,1.24E+18,188.37627,8.65417,1216,16.4,1.2,0.06677763,0.03432892,0.8336967,7709,N4519,188.369171,8.660833,188.376266,8.654166,1216,169,9.47,1,0.020249077,7709,33.51965572,9.30902,0.07208996,8.411776797,0.063558369,-0.54083544,0.06356926,9.47,0.08,-9.849855,0.165632538,FALSE,0.165632538,5.96E+09,FALSE,FALSE,FALSE,FALSE,TRUE,FALSE,FALSE,FALSE,FALSE,FALSE,FALSE,FALSE,FALSE,FALSE,0.00613929,25335.82874,FALSE,FALSE,0.004056139,TRUE,FALSE
7711,1,1.24E+18,188.41541,9.175,2329,16.4,1.1,0.06806358,0.03499,0.222453,7711,N4522,188.411667,9.179167,188.415405,9.175,2329,209,8.66,1,0.017769707,7711,77.1469147,9.451985,0.21839103,8.615416781,0.058260372,-1.2371497,0.05867151,8.66,0.08,-10.689135,0.070764277,FALSE,0.070764277,3.44E+09,FALSE,FALSE,TRUE,FALSE,FALSE,FALSE,FALSE,FALSE,FALSE,FALSE,FALSE,FALSE,FALSE,FALSE,0.010318797,8968.36381,FALSE,FALSE,0.007768708,TRUE,FALSE
7713,1,1.24E+18,188.45042,15.16889,258,6.4,0.6,0.1290237,0.06632825,0.9998114,7713,N4523,188.449173,15.174167,188.450424,15.168889,258,124,8.37,1,0.014356961,7713,1.112796285,6.0896564,0.08973341,5.996150404,0.084557937,-3.4568975,0.14609887,8.37,0.1,-9.546554,1.804978702,TRUE,1.804978702,3.13E+08,FALSE,FALSE,FALSE,FALSE,TRUE,FALSE,FALSE,FALSE,FALSE,FALSE,FALSE,TRUE,FALSE,FALSE,9.24E-04,1119562.324,TRUE,TRUE,8.61E-04,FALSE,TRUE
7714,1,1.24E+18,188.46333,30.27722,1175,12,2.3,0.07466837,0.03838537,0.5642561,7714,N4525,188.462921,30.276388,188.463333,30.277222,1175,151,8.43,1,0.01178261,7714,55.6493975,8.966293,0.18593043,7.862367792,0.166482704,-2.748515,0.18265402,8.43,0.18,-11.714808,0.108838043,FALSE,0.108838043,1.28E+09,TRUE,FALSE,FALSE,FALSE,FALSE,FALSE,FALSE,FALSE,FALSE,FALSE,FALSE,FALSE,FALSE,FALSE,0.003451904,80140.85828,FALSE,FALSE,0.003919378,TRUE,FALSE
7715,1,1.24E+18,188.48167,3.54639,1137,16.6,4.3,0.07900537,0.04061493,0.6325873,7715,042-154,188.483337,3.5425,188.481674,3.546389,1137,25,8.12,1,0.01481643,7715,50.75877503,8.489984,0.23494285,8.788342264,0.225008339,-1.9892532,0.2788729,8.11,0.23,-10.479237,-0.538651692,TRUE,0.538651692,4.84E+08,FALSE,FALSE,FALSE,TRUE,FALSE,FALSE,FALSE,FALSE,FALSE,FALSE,TRUE,FALSE,FALSE,FALSE,0.00420033,54125.84031,TRUE,TRUE,0.003792624,FALSE,TRUE
7716,1,1.24E+18,188.48625,15.35444,2349,16.7,1.2,0.1241258,0.06381036,0.5311037,7716,I 800,188.481674,15.350834,188.486252,15.354445,2349,113,7.9,1,0.019292623,7716,57.91999116,8.930009,0.11035841,9.220470957,0.062416393,-1.2967358,0.06445639,7.9,0.08,-10.226745,0.003544822,FALSE,0.003544822,9.57E+08,FALSE,FALSE,FALSE,TRUE,FALSE,FALSE,FALSE,FALSE,FALSE,FALSE,FALSE,FALSE,FALSE,FALSE,0.011299354,7479.354866,FALSE,FALSE,0.007835421,TRUE,FALSE
7718,1,1.24E+18,188.51291,7.69917,560,17.3,1.8,0.07339364,0.03773006,0.672277,7718,N4526,188.509171,7.694445,188.512909,7.699167,560,22,7.15,2,0.011373979,7718,47.7569914,8.219234,0.10850685,9.972619936,0.090373421,-0.67104,0.09039235,7.15,0.13,-8.890274,-0.469743911,TRUE,0.469743911,1.84E+08,FALSE,FALSE,FALSE,FALSE,FALSE,FALSE,TRUE,FALSE,FALSE,FALSE,FALSE,FALSE,FALSE,TRUE,0.001588107,378627.2178,TRUE,TRUE,0.001867959,FALSE,TRUE
7721,1,1.24E+18,188.53625,2.65278,1735,14.1,1.3,0.07234079,0.03718882,0.4629676,7721,N4527,188.535828,2.655278,188.536255,2.652778,1735,358,9.67,1,0.019368685,7721,62.42128501,10.517176,0.13578416,9.726551267,0.080082673,-0.14900598,0.080083445,9.67,0.09,-10.666182,0.081880036,FALSE,0.081880036,3.91E+10,FALSE,FALSE,TRUE,FALSE,FALSE,FALSE,FALSE,FALSE,FALSE,FALSE,FALSE,FALSE,FALSE,FALSE,0.008378744,13602.33598,FALSE,FALSE,0.005787337,TRUE,FALSE
7723,1,1.24E+18,188.52292,35.51805,801,15.1,3.2,0.0395987,0.02035682,0.8090401,7723,N4534,188.522507,35.519722,188.522919,35.518055,801,117,9.3,1,0.018236936,7723,35.99777807,8.867806,0.1877818,9.131359218,0.184072626,-1.714125,0.18694508,9.52,0.19,-10.581931,0.040112414,FALSE,0.040112414,3.39E+09,FALSE,FALSE,TRUE,FALSE,FALSE,FALSE,FALSE,FALSE,FALSE,FALSE,FALSE,FALSE,FALSE,FALSE,0.003642199,71985.32142,FALSE,FALSE,0.002671848,TRUE,FALSE
7725,1,1.24E+18,188.5925,2.32528,1761,24.2,1.7,0.06729824,0.03459655,0.3360337,7725,N4533,188.59375,2.321389,188.592499,2.325278,1761,154,9.03,1,0.00804852,7725,70.36465047,9.1468725,0.16511454,9.302147506,0.061019733,-1.4594165,0.070724815,9.03,0.07,-10.606289,-0.025599989,FALSE,0.025599989,2.83E+09,FALSE,FALSE,TRUE,FALSE,FALSE,FALSE,FALSE,FALSE,FALSE,FALSE,FALSE,FALSE,FALSE,FALSE,0.003533904,76464.87119,FALSE,FALSE,0.005874064,TRUE,FALSE
7726,1,1.24E+18,188.58125,6.46722,2013,16.4,1.2,0.07018328,0.03607969,0.3500004,7726,N4532,188.583755,6.462222,188.581253,6.467222,2013,188,9.42,1,0.012922857,7726,69.51271913,9.235686,0.16098455,8.431136385,0.063558748,-1.1961918,0.06381723,9.42,0.08,-10.431878,-0.003147515,FALSE,0.003147515,5.22E+09,FALSE,FALSE,FALSE,TRUE,FALSE,FALSE,FALSE,FALSE,FALSE,FALSE,FALSE,FALSE,FALSE,FALSE,0.00648607,22699.07195,FALSE,FALSE,0.006714645,TRUE,FALSE
7727,1,1.24E+18,188.58458,8.1975,1963,14.8,1.5,0.06404058,0.03292186,0.620479,7727,N4535,188.582489,8.194445,188.584579,8.1975,1963,270,9.57,1,0.003563217,7727,51.64892159,9.550585,0.11257767,9.083254392,0.088032742,-0.48715693,0.08804038,9.57,0.1,-10.037742,0.178354379,FALSE,0.178354379,8.49E+09,FALSE,FALSE,FALSE,TRUE,FALSE,FALSE,FALSE,FALSE,FALSE,FALSE,FALSE,FALSE,FALSE,FALSE,0.001743982,313969.5899,FALSE,FALSE,0.006547863,TRUE,FALSE
7732,1,1.24E+18,188.61292,2.1875,1804,14.4,1.5,0.06031137,0.03100475,0.6808406,7732,N4536,188.615417,2.1875,188.612915,2.1875,1804,325,9.58,1,0.017986883,7732,47.09067431,10.169146,0.107546404,9.427303388,0.09047803,0.07885572,0.090478264,9.58,0.1,-10.09029,0.196560916,FALSE,0.196560916,1.98E+10,FALSE,FALSE,FALSE,TRUE,FALSE,FALSE,FALSE,FALSE,FALSE,FALSE,FALSE,FALSE,FALSE,FALSE,0.008090433,14589.07788,FALSE,FALSE,0.006017496,TRUE,FALSE
7733,1,1.24E+18,188.62833,9.15472,439,22.9,1.7,0.0743355,0.03821426,0.5307328,7733,I3517,188.635834,9.150556,188.628326,9.154722,439,71,8.11,1,0.015935842,7733,57.94506839,8.434515,0.11153127,8.720156824,0.064551861,-1.9609056,0.15514903,8.11,0.08,-10.39542,-0.11486418,FALSE,0.11486418,4.43E+08,FALSE,FALSE,FALSE,TRUE,FALSE,FALSE,FALSE,FALSE,FALSE,FALSE,FALSE,FALSE,FALSE,FALSE,0.001744291,313858.3285,FALSE,FALSE,0.001464346,TRUE,FALSE
7736,1,1.24E+18,188.66458,7.15861,593,16.4,1.2,0.07192723,0.03697622,0.6455477,7736,I3521,188.665405,7.1625,188.664581,7.158611,593,88,7.95,1,0.005071365,7736,49.7932895,8.965221,0.09089012,9.249524371,0.063556739,-2.0918984,0.10498462,7.94,0.08,-11.057119,-0.06916193,FALSE,0.06916193,1.04E+09,FALSE,TRUE,FALSE,FALSE,FALSE,FALSE,FALSE,FALSE,FALSE,FALSE,FALSE,FALSE,FALSE,FALSE,7.50E-04,1698453.274,FALSE,FALSE,0.001978035,TRUE,FALSE
7742,1,1.24E+18,188.71167,15.55111,1288,16.7,1.2,0.1140859,0.05864907,0.7938094,7742,N4540,188.707077,15.544723,188.71167,15.551111,1288,111,8.48,1,0.0036,7742,37.45708695,9.652075,0.073900275,8.372732309,0.062416923,-1.5032978,0.06309887,8.48,0.08,-11.155373,-0.037311649,FALSE,0.037311649,4.89E+09,FALSE,TRUE,FALSE,FALSE,FALSE,FALSE,FALSE,FALSE,FALSE,FALSE,FALSE,FALSE,FALSE,FALSE,0.001156106,714456.8439,FALSE,FALSE,0.004296306,TRUE,FALSE
7756,1,1.24E+18,188.90292,3.03444,1152,18.1,3.6,0.07303051,0.03754339,0.3617947,7756,N4544,188.902924,3.0325,188.902924,3.034444,1152,190,8.44,1,0.020350404,7756,68.78960243,9.460358,0.22443795,9.616744804,0.172758124,-0.8836695,0.17285474,8.44,0.18,-10.3440275,0.054868423,FALSE,0.054868423,3.25E+09,FALSE,FALSE,FALSE,TRUE,FALSE,FALSE,FALSE,FALSE,FALSE,FALSE,FALSE,FALSE,FALSE,FALSE,0.005845274,27948.70563,FALSE,FALSE,0.003842658,TRUE,FALSE
7758,1,1.24E+18,188.89375,25.84945,1353,11,2.2,0.04862307,0.02499606,0.3225169,7758,N4562,188.896255,25.849722,188.893753,25.849445,1353,130,8.25,1,0.020456451,7758,71.18485532,8.645025,0.23551662,8.772282613,0.173719192,-2.487801,0.21552266,8.25,0.18,-11.132826,0.053681407,FALSE,0.053681407,6.78E+08,FALSE,TRUE,FALSE,FALSE,FALSE,FALSE,FALSE,FALSE,FALSE,FALSE,FALSE,FALSE,FALSE,FALSE,0.006900927,20051.94733,FALSE,FALSE,0.004513122,TRUE,FALSE
7768,1,1.24E+18,189.03375,19.32278,1413,25.2,4.3,0.08696101,0.04470475,0.8061308,7768,N4561,189.040009,19.321945,189.033752,19.322779,1413,119,9.61,1,0.007689223,7768,36.28042616,9.206256,0.15295124,9.952337082,0.148213725,-0.9362157,0.14882955,9.61,0.16,-10.142471,-0.034547225,FALSE,0.034547225,7.03E+09,FALSE,FALSE,FALSE,TRUE,FALSE,FALSE,FALSE,FALSE,FALSE,FALSE,FALSE,FALSE,FALSE,FALSE,0.002708968,130125.8238,FALSE,FALSE,0.004713261,TRUE,FALSE
7772,1,1.24E+18,189.08751,25.98694,1225,13.4,1.4,0.05086349,0.02614781,0.3862925,7772,N4565,189.082916,25.992779,189.087509,25.986944,1225,509,10.04,1,0.014759126,7772,67.27605312,10.406766,0.1620571,9.579962485,0.090748104,-1.5122043,0.090959154,10.04,0.1,-11.91897,0.214745742,FALSE,0.214745742,4.01E+10,TRUE,FALSE,FALSE,FALSE,FALSE,FALSE,FALSE,FALSE,FALSE,FALSE,FALSE,FALSE,FALSE,FALSE,0.004507919,46991.49589,FALSE,FALSE,0.00408616,TRUE,FALSE
7777,1,1.24E+18,189.13626,11.2575,2247,16.7,1.2,0.1076339,0.05533221,0.8234755,7777,N4567,189.138336,11.241389,189.136261,11.2575,2247,309,9.19,1,0.003530735,7777,34.5657958,8.023848,0.07177067,8.937569193,0.062413869,-1.1399606,0.062574595,9.19,0.07,-9.163808,0.525925528,TRUE,0.525925528,2.17E+09,FALSE,FALSE,FALSE,FALSE,FALSE,TRUE,FALSE,FALSE,FALSE,FALSE,FALSE,FALSE,TRUE,FALSE,0.001978097,244048.6098,TRUE,TRUE,0.007495185,FALSE,TRUE
7780,1,1.24E+18,189.175,3.10694,1443,24.2,1.8,0.07512292,0.03861905,0.2172415,7780,042-175,189.17334,3.109444,189.175003,3.106944,1443,119,8.95,1,0.01799048,7780,77.45300093,7.483185,0.22365959,8.058064864,0.06540058,-2.0229983,0.14398703,8.95,0.08,-9.506184,-0.061457002,FALSE,0.061457002,1.22E+09,FALSE,FALSE,FALSE,FALSE,TRUE,FALSE,FALSE,FALSE,FALSE,FALSE,FALSE,FALSE,FALSE,FALSE,0.006472744,22792.63651,FALSE,FALSE,0.00481333,TRUE,FALSE
7781,1,1.24E+18,189.15668,6.62028,1072,16.4,1.1,0.06876294,0.03534953,0.4876563,7781,I3576,189.15126,6.625,189.156677,6.620278,1072,44,9.01,1,0.012920127,7781,60.81339833,8.256857,0.11784871,8.654336611,0.058299493,-1.959413,0.14367363,9.01,0.07,-10.21627,-0.470862443,TRUE,0.470862443,1.54E+09,FALSE,FALSE,FALSE,TRUE,FALSE,FALSE,FALSE,FALSE,FALSE,FALSE,TRUE,FALSE,FALSE,FALSE,0.003453352,80073.64391,TRUE,TRUE,0.003575807,FALSE,TRUE
7788,1,1.24E+18,189.23502,14.21694,340,16.7,1.2,0.1552296,0.07980017,0.9341794,7788,N4571,189.241257,14.216389,189.235016,14.216944,340,152,8.84,1,0.020055243,7788,20.90404448,9.705152,0.06735487,8.568871073,0.062414541,-2.0728946,0.06797356,8.84,0.08,-11.778046,0.30873725,TRUE,0.30873725,5.99E+09,TRUE,FALSE,FALSE,FALSE,FALSE,FALSE,FALSE,TRUE,FALSE,FALSE,FALSE,FALSE,FALSE,FALSE,0.001700146,330368.8087,TRUE,FALSE,0.001134118,FALSE,TRUE
7794,1,1.24E+18,189.45209,5.36806,1038,16.5,1.1,0.07946546,0.04085145,0.7073007,7794,N4580,189.459167,5.369722,189.452087,5.368056,1038,155,7.57,2,0.01797162,7794,44.9843229,9.807048,0.07874514,8.675160169,0.057906794,-1.8044795,0.060832743,7.57,0.09,-11.611527,0.012082978,FALSE,0.012082978,6.46E+09,TRUE,FALSE,FALSE,FALSE,FALSE,FALSE,FALSE,FALSE,FALSE,FALSE,FALSE,FALSE,FALSE,FALSE,0.004651188,44141.14223,FALSE,FALSE,0.003462395,TRUE,FALSE
7796,1,1.24E+18,189.43124,11.81806,1517,16.7,1.2,0.1345509,0.06916965,0.8103428,7796,N4579,189.427917,11.814722,189.431244,11.818055,1517,360,8.8,1,0.022861809,7796,35.87059286,11.144845,0.072837554,9.830404047,0.062413583,-0.71819633,0.062440723,8.8,0.08,-11.863041,0.125287905,FALSE,0.125287905,1.40E+11,TRUE,FALSE,FALSE,FALSE,FALSE,FALSE,FALSE,FALSE,FALSE,FALSE,FALSE,FALSE,FALSE,FALSE,0.0086472,12770.86702,FALSE,FALSE,0.005060167,TRUE,FALSE
7801,1,1.24E+18,189.52167,1.47667,1833,24.2,4.8,0.08465871,0.04352119,0.62717,7801,N4581,189.517487,1.476944,189.521667,1.476667,1833,329,8.36,2,0.01527097,7801,51.15840569,9.843499,0.18555146,9.37508261,0.172282176,-0.92439276,0.17237927,8.36,0.18,-10.767892,0.28391915,FALSE,0.28391915,7.28E+09,FALSE,FALSE,TRUE,FALSE,FALSE,FALSE,FALSE,FALSE,FALSE,FALSE,FALSE,FALSE,FALSE,FALSE,0.006979245,19604.44493,TRUE,FALSE,0.00611423,TRUE,FALSE
7802,1,1.24E+18,189.58708,7.89083,1784,16.5,1.2,0.09714667,0.04994098,0.1618037,7802,042-186,189.587921,7.889722,189.587082,7.890833,1784,150,8.29,1,0.012942293,7802,80.68846321,8.57082,0.2621258,8.800852155,0.063177426,-1.9790457,0.08790963,8.29,0.08,-10.549866,0.105459732,FALSE,0.105459732,6.32E+08,FALSE,FALSE,TRUE,FALSE,FALSE,FALSE,FALSE,FALSE,FALSE,FALSE,FALSE,FALSE,FALSE,FALSE,0.005756857,28813.80237,FALSE,FALSE,0.005950783,TRUE,FALSE
7803,1,1.24E+18,189.57458,13.11,1748,16.7,1.2,0.122868,0.06316377,0.7544778,7803,N4584,189.579163,13.098888,189.574585,13.110001,1748,115,7.42,2,0.017896672,7803,41.02027266,9.21522,0.07723122,9.312972788,0.062414525,-1.4667072,0.06535641,7.42,0.1,-10.681928,0.061196265,FALSE,0.061196265,1.68E+09,FALSE,FALSE,TRUE,FALSE,FALSE,FALSE,FALSE,FALSE,FALSE,FALSE,FALSE,FALSE,FALSE,FALSE,0.007799972,15695.86716,FALSE,FALSE,0.0058307,TRUE,FALSE
7804,1,1.24E+18,189.61792,4.31861,790,16.6,4.3,0.1204971,0.06194491,0.5129512,7804,N4586,189.615829,4.321111,189.61792,4.318611,790,251,8.01,1,0.0036,7804,59.13944154,10.2717495,0.24452372,9.21424177,0.224995959,-1.7128974,0.22559191,8,0.23,-11.984647,0.020962654,FALSE,0.020962654,1.88E+10,TRUE,FALSE,FALSE,FALSE,FALSE,FALSE,FALSE,FALSE,FALSE,FALSE,FALSE,FALSE,FALSE,FALSE,7.09E-04,1899124.971,FALSE,FALSE,0.002635156,TRUE,FALSE
7817,1,1.24E+18,189.76666,13.36306,2737,16.7,1.2,0.117338,0.06032091,0.5796983,7817,I3611,189.753738,13.373055,189.766663,13.363056,2737,69,7.82,1,0.01782609,7817,54.57072063,8.547826,0.10088665,8.836108164,0.062417871,-2.4090939,0.12591667,7.82,0.08,-10.95692,-0.109594477,FALSE,0.109594477,4.41E+08,FALSE,FALSE,TRUE,FALSE,FALSE,FALSE,FALSE,FALSE,FALSE,FALSE,FALSE,FALSE,FALSE,FALSE,0.012164947,6452.840699,FALSE,FALSE,0.009129649,TRUE,FALSE
7821,1,1.24E+18,189.80167,6.01222,2425,16.5,1.3,0.07154962,0.03678209,0.5408857,7821,N4591,189.80249,6.014722,189.801666,6.012222,2425,300,8.36,1,0.016028884,7821,57.25609571,9.422635,0.11185145,8.709114789,0.068434951,-1.5270585,0.06924911,8.36,0.08,-10.949694,0.308497278,TRUE,0.308497278,2.95E+09,FALSE,FALSE,TRUE,FALSE,FALSE,FALSE,FALSE,FALSE,FALSE,TRUE,FALSE,FALSE,FALSE,FALSE,0.009691575,10166.76232,TRUE,FALSE,0.008088929,FALSE,TRUE
7822,1,1.24E+18,189.85249,7.96444,2077,16.5,1.2,0.09004292,0.04628909,0.4053238,7822,I3617,189.848328,7.961944,189.852493,7.964444,2077,93,8.69,1,0.017937689,7822,66.08863612,7.7882767,0.14245008,8.199315595,0.063301765,-2.1691487,0.10961294,8.69,0.08,-9.957425,-0.082078073,FALSE,0.082078073,7.13E+08,FALSE,FALSE,FALSE,FALSE,TRUE,FALSE,FALSE,FALSE,FALSE,FALSE,FALSE,FALSE,FALSE,FALSE,0.009289286,11066.40997,FALSE,FALSE,0.006928126,TRUE,FALSE
7824,1,1.24E+18,189.95999,1.6725,1220,15.9,2.4,0.08163937,0.04196901,0.4932317,7824,014-097,189.962906,1.678056,189.959991,1.6725,1220,102,8.2,1,0.003598466,7824,60.44683697,8.283015,0.16544865,8.520834582,0.131134618,-4.2598796,1.626402,8.2,0.14,-12.542894,0.041608571,FALSE,0.041608571,4.03E+08,TRUE,FALSE,FALSE,FALSE,FALSE,FALSE,FALSE,FALSE,FALSE,FALSE,FALSE,FALSE,FALSE,FALSE,0.001094603,796999.8869,FALSE,FALSE,0.004069482,TRUE,FALSE
7826,1,1.24E+18,189.96666,15.2975,630,16.7,1.2,0.1214996,0.06246027,0.6691434,7826,N4595,189.968338,15.296945,189.96666,15.297501,630,139,8.67,1,0.0036,7826,47.99905416,9.227626,0.08692592,9.460696558,0.062413979,-1.1624942,0.06281965,8.67,0.07,-10.39012,0.054707161,FALSE,0.054707161,2.31E+09,FALSE,FALSE,FALSE,TRUE,FALSE,FALSE,FALSE,FALSE,FALSE,FALSE,FALSE,FALSE,FALSE,FALSE,5.65E-04,2986253.198,FALSE,FALSE,0.002101454,TRUE,FALSE
7839,1,1.24E+18,190.24001,11.91083,1640,16.7,1.2,0.1045943,0.05376964,0.519799,7839,N4606,190.238754,11.907778,190.240005,11.910833,1640,144,7.72,1,0.020660076,7839,58.68127978,9.639893,0.11277565,8.861419443,0.062413965,-1.2514186,0.062656924,7.72,0.09,-10.891312,-0.061225547,FALSE,0.061225547,4.43E+09,FALSE,FALSE,TRUE,FALSE,FALSE,FALSE,FALSE,FALSE,FALSE,FALSE,FALSE,FALSE,FALSE,FALSE,0.008448023,13380.15679,FALSE,FALSE,0.005470451,TRUE,FALSE
7841,1,1.24E+18,190.29834,1.41,1701,24.2,4.3,0.06588939,0.03387229,0.6255931,7841,014-103,190.300842,1.411389,190.29834,1.41,1701,165,9.08,1,0,7841,51.27431064,8.669827,0.16908981,9.098327468,0.154338757,-1.5658388,0.15789667,9.08,0.16,-10.235666,0.120206559,FALSE,0.120206559,2.07E+09,FALSE,FALSE,FALSE,TRUE,FALSE,FALSE,FALSE,FALSE,FALSE,FALSE,FALSE,FALSE,FALSE,FALSE,0,Infinity,FALSE,FALSE,0.005673925,TRUE,FALSE
7843,1,1.24E+18,190.30167,11.88583,2270,16.7,1.2,0.1038747,0.05339969,0.2231969,7843,N4607,190.300415,11.883889,190.301666,11.885833,2270,182,8.33,1,0.017753977,7843,77.10319311,9.549178,0.21904516,10.64291168,0.062414145,-0.6548624,0.06255412,8.33,0.08,-10.204041,-8.00E-04,FALSE,8.00E-04,3.83E+09,FALSE,FALSE,FALSE,TRUE,FALSE,FALSE,FALSE,FALSE,FALSE,FALSE,FALSE,FALSE,FALSE,FALSE,0.010048491,9457.355364,FALSE,FALSE,0.007571905,TRUE,FALSE
7865,1,1.24E+18,190.53209,32.54055,614,10.4,4.1,0.05631594,0.02895079,0.9900322,7865,N4631,190.526245,32.538055,190.532089,32.540554,614,301,9.86,1,0.014716326,7865,8.096532483,7.0288854,0.34330085,8.506125414,0.342424541,-1.2492974,0.34243023,10.07,0.35,-8.278183,0.957466097,TRUE,0.957466097,9.65E+09,FALSE,FALSE,FALSE,FALSE,FALSE,FALSE,TRUE,FALSE,FALSE,FALSE,FALSE,FALSE,FALSE,TRUE,0.002252927,188138.2874,TRUE,TRUE,0.002048084,FALSE,TRUE
7870,1,1.24E+18,190.63374,-0.08333,1720,14.4,2.9,0.07948668,0.04086236,0.3978652,7870,N4632,190.632492,-0.086389,190.633743,-0.083333,1720,213,9.33,1,0.015273498,7870,66.55526673,9.296293,0.21810703,8.505631712,0.174924645,-1.4088655,0.17504764,9.33,0.18,-10.705158,0.068710433,FALSE,0.068710433,4.82E+09,FALSE,FALSE,TRUE,FALSE,FALSE,FALSE,FALSE,FALSE,FALSE,FALSE,FALSE,FALSE,FALSE,FALSE,0.006550075,22257.62442,FALSE,FALSE,0.005737302,TRUE,FALSE
7871,1,1.24E+18,190.63,3.95972,740,16.6,4.3,0.09873686,0.05075846,0.679226,7871,N4630,190.628738,3.963056,190.630005,3.959722,740,135,8.69,1,0.019346704,7871,47.21685036,9.32374,0.23248011,8.598983744,0.224996292,-0.82091445,0.2250047,8.69,0.23,-10.144654,0.028213191,FALSE,0.028213191,2.76E+09,FALSE,FALSE,FALSE,TRUE,FALSE,FALSE,FALSE,FALSE,FALSE,FALSE,FALSE,FALSE,FALSE,FALSE,0.003569588,74943.73177,FALSE,FALSE,0.002468374,TRUE,FALSE
7874,1,1.24E+18,190.65416,14.35556,288,16.7,1.2,0.09330664,0.0479669,0.449934,7874,N4633,190.657501,14.349166,190.65416,14.355556,288,184,8.84,1,0.0144,7874,63.2606039,9.18363,0.12948215,10.00361266,0.062440656,-1.3895512,0.06774686,8.84,0.08,-10.573181,0.090516914,FALSE,0.090516914,2.45E+09,FALSE,FALSE,TRUE,FALSE,FALSE,FALSE,FALSE,FALSE,FALSE,FALSE,FALSE,FALSE,FALSE,FALSE,0.001034033,893105.5098,FALSE,FALSE,9.61E-04,TRUE,FALSE
7875,1,1.24E+18,190.66959,14.29694,119,16.7,1.3,0.09158823,0.0470835,0.3499473,7875,N4634,190.671661,14.296111,190.669586,14.296945,119,268,8.7,1,0.022775306,7875,69.51596694,8.243616,0.16293111,10.2429647,0.067615187,-0.96015733,0.06810894,8.7,0.08,-9.2037735,0.348910855,TRUE,0.348910855,8.42E+08,FALSE,FALSE,FALSE,FALSE,FALSE,TRUE,FALSE,FALSE,FALSE,FALSE,FALSE,FALSE,TRUE,FALSE,6.76E-04,2091174.932,TRUE,FALSE,3.97E-04,FALSE,TRUE
7876,1,1.24E+18,190.66292,19.94528,955,16.7,1.2,0.09073063,0.04664263,0.7166376,7876,N4635,190.664993,19.939999,190.662918,19.945276,955,155,8.77,1,0.015911243,7876,44.22246968,9.105148,0.08272213,9.338368753,0.06241587,-1.4516811,0.06744543,8.76,0.08,-10.556829,0.142219881,FALSE,0.142219881,2.06E+09,FALSE,FALSE,TRUE,FALSE,FALSE,FALSE,FALSE,FALSE,FALSE,FALSE,FALSE,FALSE,FALSE,FALSE,0.00378867,66526.97376,FALSE,FALSE,0.003185537,TRUE,FALSE
7884,1,1.24E+18,190.71834,13.25667,977,21,2,0.08558767,0.04399875,0.674001,7884,N4639,190.720001,13.253333,190.718338,13.256667,977,280,9.3,1,0.012874549,7884,47.62342014,10.373427,0.10194833,9.400612544,0.082722833,-1.5102314,0.084536925,9.29,0.1,-11.883658,0.097471086,FALSE,0.097471086,2.63E+10,TRUE,FALSE,FALSE,FALSE,FALSE,FALSE,FALSE,FALSE,FALSE,FALSE,FALSE,FALSE,FALSE,FALSE,0.003136216,97086.65806,FALSE,FALSE,0.003258921,TRUE,FALSE
7889,1,1.24E+18,190.78207,12.05056,2021,16.7,1.1,0.1096006,0.05634326,0.8614507,7889,N4641,190.770401,12.049723,190.782074,12.050556,2021,54,7.69,1,0.020141545,7889,30.52016609,8.974457,0.06504945,8.33858085,0.057217282,-1.6246299,0.05859844,7.69,0.08,-10.599087,-0.100489108,FALSE,0.100489108,1.01E+09,FALSE,FALSE,TRUE,FALSE,FALSE,FALSE,FALSE,FALSE,FALSE,FALSE,FALSE,FALSE,FALSE,FALSE,0.010149354,9270.316023,FALSE,FALSE,0.00674133,TRUE,FALSE
7895,1,1.24E+18,190.83417,1.97722,1325,16.9,4.2,0.1004848,0.05165704,0.8683553,7895,N4643,190.835831,1.976667,190.834167,1.977222,1325,253,8.04,1,0.012974635,7895,29.73195148,10.526401,0.21800223,9.70097248,0.215862348,-1.6934454,0.21639502,8.11,0.22,-12.219846,0.199331313,FALSE,0.199331313,3.38E+10,TRUE,FALSE,FALSE,FALSE,FALSE,FALSE,FALSE,FALSE,FALSE,FALSE,FALSE,FALSE,FALSE,FALSE,0.004286377,51974.54229,FALSE,FALSE,0.004419724,TRUE,FALSE
7901,1,1.24E+18,190.92749,16.39305,800,29.1,5.7,0.08845547,0.04547302,0.6845943,7901,N4651,190.921661,16.386667,190.92749,16.393055,800,360,10.06,1,0.018,7901,46.79633004,10.664893,0.17969029,9.7170078,0.170135999,-1.130273,0.170386,10.06,0.18,-11.795166,0.120118764,FALSE,0.120118764,6.15E+10,TRUE,FALSE,FALSE,FALSE,FALSE,FALSE,FALSE,FALSE,FALSE,FALSE,FALSE,FALSE,FALSE,FALSE,0.003590392,74077.74341,FALSE,FALSE,0.002668513,TRUE,FALSE
7902,1,1.24E+18,190.98582,13.12639,1038,16.7,1.2,0.08596367,0.04419204,0.5661149,7902,N4654,190.990402,13.1175,190.985825,13.126389,1038,289,9.52,1,0.017895528,7902,55.52029907,9.895303,0.10341616,9.082920221,0.062413708,-0.60652494,0.062425952,9.52,0.08,-10.501827,0.146371894,FALSE,0.146371894,1.23E+10,FALSE,FALSE,TRUE,FALSE,FALSE,FALSE,FALSE,FALSE,FALSE,FALSE,FALSE,FALSE,FALSE,FALSE,0.004631495,44517.31762,FALSE,FALSE,0.003462395,TRUE,FALSE
7906,1,1.24E+18,191.04001,12.11528,1008,16.7,1.2,0.08124449,0.04176601,0.7499798,7906,VCC1992,191.037491,12.115833,191.040009,12.115278,1008,104,8.58,1,0.008014307,7906,41.41140684,7.9102135,0.07779514,8.011636881,0.069110647,-1.3755836,0.15122607,8.58,0.07,-9.285797,0.128086909,FALSE,0.128086909,5.87E+08,FALSE,FALSE,FALSE,FALSE,FALSE,TRUE,FALSE,FALSE,FALSE,FALSE,FALSE,FALSE,FALSE,FALSE,0.002014215,235374.6649,FALSE,FALSE,0.003362326,TRUE,FALSE
7907,1,1.24E+18,190.99167,32.16917,649,10.3,4.1,0.04402797,0.02263381,0.7807485,7907,N4656,190.977493,32.154446,190.991669,32.169167,649,142,9.64,1,0.011221684,7907,38.67087413,6.903313,0.34819114,8.306692383,0.345750067,-1.0960146,0.34575784,9.8,0.35,-7.9993277,0.039115689,FALSE,0.039115689,5.81E+09,FALSE,FALSE,FALSE,FALSE,FALSE,FALSE,TRUE,FALSE,FALSE,FALSE,FALSE,FALSE,FALSE,FALSE,0.001815859,289605.8064,FALSE,FALSE,0.002164831,TRUE,FALSE
7916,1,1.24E+18,191.10458,34.38639,608,11.1,4.2,0.06437189,0.03309218,0.3485337,7916,M+628024,191.107513,34.390556,191.104584,34.386391,608,59,8.48,1,0.01241689,7916,69.60240293,7.679186,0.36059132,7.380951916,0.337590948,-1.7075872,0.37764797,8.73,0.33,-9.386773,-0.240477037,FALSE,0.240477037,4.49E+08,FALSE,FALSE,FALSE,FALSE,FALSE,TRUE,FALSE,FALSE,FALSE,FALSE,FALSE,FALSE,FALSE,FALSE,0.00188233,269513.1142,FALSE,FALSE,0.00202807,TRUE,FALSE
7920,1,1.24E+18,191.18918,12.35028,849,16.7,1.2,0.09582102,0.04925948,0.2999924,7920,I3718,191.18959,12.36389,191.189178,12.350278,849,71,7.82,1,0.010065209,7920,72.54291462,8.922545,0.18020068,9.352277139,0.062574484,-2.2960835,0.39430583,7.82,0.08,-11.218629,-0.24603064,FALSE,0.24603064,9.25E+08,FALSE,TRUE,FALSE,FALSE,FALSE,FALSE,FALSE,FALSE,FALSE,FALSE,FALSE,FALSE,FALSE,FALSE,0.002130639,210354.474,FALSE,FALSE,0.002831959,TRUE,FALSE
7930,1,1.24E+18,191.32083,27.125,1071,9.3,4.1,0.04948609,0.02543972,0.6213742,7930,N4670,191.322906,27.126389,191.320831,27.125,1071,125,8.29,1,0.00320405,7930,51.58348814,8.5024805,0.38926125,7.923161901,0.382926699,-1.8820007,0.3829817,8.29,0.39,-10.384481,0.136212534,FALSE,0.136212534,5.77E+08,FALSE,FALSE,FALSE,TRUE,FALSE,FALSE,FALSE,FALSE,FALSE,FALSE,FALSE,FALSE,FALSE,FALSE,8.56E-04,1304473.369,FALSE,FALSE,0.003572471,TRUE,FALSE
7932,1,1.24E+18,191.38208,13.33111,963,16.7,1.1,0.1020907,0.0524826,0.3062671,7932,I3742a,191.379593,13.333333,191.38208,13.331111,963,169,8.85,1,0.0036,7932,72.16564903,8.485252,0.17576513,9.10993934,0.0573104,-2.163476,0.13017227,8.85,0.07,-10.648728,0.098999701,FALSE,0.098999701,1.25E+09,FALSE,FALSE,TRUE,FALSE,FALSE,FALSE,FALSE,FALSE,FALSE,FALSE,FALSE,FALSE,FALSE,FALSE,8.64E-04,1278071.506,FALSE,FALSE,0.003212222,TRUE,FALSE
7943,1,1.24E+18,191.69,5.95528,837,22.7,4.8,0.08830504,0.04539569,0.7681096,7943,043-023,191.690414,5.954166,191.690002,5.955277,837,125,8.87,1,0.012958471,7943,39.81559887,9.122077,0.18868084,9.075119972,0.183668806,-1.8265404,0.19576529,9.14,0.19,-10.948617,0.073299171,FALSE,0.073299171,2.31E+09,FALSE,FALSE,TRUE,FALSE,FALSE,FALSE,FALSE,FALSE,FALSE,FALSE,FALSE,FALSE,FALSE,FALSE,0.002704323,130573.2729,FALSE,FALSE,0.002791931,TRUE,FALSE
7961,1,1.24E+18,191.94376,4.33556,984,16.6,4.3,0.1011528,0.05200044,0.5678591,7961,N4688,191.945847,4.335278,191.943756,4.335556,984,46,9.31,1,0.020335558,7961,55.39897798,8.737712,0.23946494,8.892734507,0.224998357,-2.3290806,0.26801515,9.31,0.23,-11.0667925,-0.507372422,TRUE,0.507372422,3.26E+09,FALSE,TRUE,FALSE,FALSE,FALSE,FALSE,FALSE,FALSE,TRUE,FALSE,FALSE,FALSE,FALSE,FALSE,0.004989195,38362.80409,TRUE,TRUE,0.003282271,FALSE,TRUE
7965,1,1.24E+18,191.94,13.7625,1618,16.7,1.2,0.07489417,0.03850145,0.7677674,7965,N4689,191.93959,13.760555,191.940002,13.7625,1618,183,8.74,1,0.006993289,7965,39.8462092,9.345535,0.07591845,9.555178598,0.062413787,-1.1362224,0.06294866,8.74,0.08,-10.481758,0.212154981,FALSE,0.212154981,2.95E+09,FALSE,FALSE,FALSE,TRUE,FALSE,FALSE,FALSE,FALSE,FALSE,FALSE,FALSE,FALSE,FALSE,FALSE,0.002821235,119975.5479,FALSE,FALSE,0.005397067,TRUE,FALSE
7969,1,1.24E+18,192.0625,10.98333,1160,16.7,1.2,0.1279808,0.06579212,0.5143199,7969,N4694,192.039581,10.978889,192.0625,10.983334,1160,66,8.58,1,0.0144,7969,59.04804289,9.398416,0.11406202,9.05416427,0.062413707,-1.0900688,0.0625408,8.58,0.08,-10.488484,-0.359611093,TRUE,0.359611093,3.01E+09,FALSE,FALSE,FALSE,TRUE,FALSE,FALSE,FALSE,FALSE,FALSE,FALSE,TRUE,FALSE,FALSE,FALSE,0.004164854,55051.83071,TRUE,FALSE,0.003869344,FALSE,TRUE
7970,1,1.24E+18,192.09541,8.4875,1009,16.5,1.3,0.08543316,0.04391932,0.9845113,7970,N4698,192.095825,8.4875,192.095413,8.4875,1009,418,9.29,1,0.010681719,7970,10.09735521,10.330844,0.07224428,9.455862379,0.068434304,-2.0384037,0.07521352,9.29,0.08,-12.369247,0.90593613,TRUE,0.90593613,2.40E+10,TRUE,FALSE,FALSE,FALSE,FALSE,FALSE,FALSE,TRUE,FALSE,FALSE,FALSE,FALSE,FALSE,FALSE,0.002687272,132235.511,TRUE,TRUE,0.003365662,FALSE,TRUE
7975,1,1.24E+18,192.29834,3.38833,719,16.6,4.3,0.0969421,0.04983581,0.7466869,7975,N4701,192.296661,3.390555,192.29834,3.388333,719,162,9.49,1,0.0108,7975,41.69583903,9.228956,0.22978356,9.566904047,0.224996012,-0.6627103,0.22501266,9.49,0.23,-9.891666,0.069354491,FALSE,0.069354491,5.80E+09,FALSE,FALSE,FALSE,FALSE,TRUE,FALSE,FALSE,FALSE,FALSE,FALSE,FALSE,FALSE,FALSE,FALSE,0.001936119,254746.037,FALSE,FALSE,0.002398326,TRUE,FALSE
7976,1,1.24E+18,192.31583,4.65583,2666,40.3,2.3,0.1150574,0.0591485,0.5574085,7976,043-035,192.31459,4.6575,192.315826,4.655833,2666,73,9.46,1,0.01796201,7976,56.12328037,8.697574,0.09796257,8.862706517,0.049911275,-0.9168506,0.060843214,9.45,0.07,-9.614425,-0.341393605,TRUE,0.341393605,4.33E+09,FALSE,FALSE,FALSE,FALSE,TRUE,FALSE,FALSE,FALSE,FALSE,FALSE,FALSE,TRUE,FALSE,FALSE,0.011939727,6698.577256,TRUE,FALSE,0.008892819,FALSE,TRUE
7980,1,1.24E+18,192.41124,15.165,1100,16.7,1.1,0.09711884,0.04992667,0.3745496,7980,N4710,192.417084,15.155277,192.41124,15.165,1100,301,7.74,2,0,7980,68.00357933,10.25817,0.15010285,8.976400522,0.057212658,-1.1633776,0.05735334,7.74,0.09,-11.421548,0.070122774,FALSE,0.070122774,1.82E+10,FALSE,TRUE,FALSE,FALSE,FALSE,FALSE,FALSE,FALSE,FALSE,FALSE,FALSE,FALSE,FALSE,FALSE,0,Infinity,FALSE,FALSE,0.003669205,TRUE,FALSE
7982,1,1.24E+18,192.45917,2.85222,1158,19.8,3.7,0.1136615,0.05843088,0.2135662,7982,043-040,192.458344,2.851111,192.459167,2.852222,1158,217,8.84,1,0.012968855,7982,77.6686426,9.569552,0.27024534,9.634026583,0.162312395,-1.3610823,0.16513146,8.84,0.17,-10.9306345,0.053875232,FALSE,0.053875232,4.63E+09,FALSE,FALSE,TRUE,FALSE,FALSE,FALSE,FALSE,FALSE,FALSE,FALSE,FALSE,FALSE,FALSE,FALSE,0.003744463,68107.09247,FALSE,FALSE,0.003862672,TRUE,FALSE
7983,1,1.24E+18,192.44583,3.84222,694,16.6,4.3,0.1387998,0.07135392,0.6072107,7983,043-038,192.446671,3.848055,192.445831,3.842222,694,28,8.64,1,0.008046229,7983,52.61195391,7.45283,0.23659667,7.973216226,0.225071239,-3.3238628,0.6087084,8.64,0.23,-10.776692,-0.525388356,TRUE,0.525388356,6.09E+08,FALSE,FALSE,TRUE,FALSE,FALSE,FALSE,FALSE,FALSE,FALSE,TRUE,FALSE,FALSE,FALSE,FALSE,0.001392295,492616.5633,TRUE,TRUE,0.002314935,FALSE,TRUE
7985,1,1.24E+18,192.49126,5.31083,653,15.6,3.1,0.09228831,0.0474434,0.7309332,7985,N4713,192.488754,5.311944,192.491257,5.310833,653,165,9.44,1,0.015240759,7985,43.0353517,9.21099,0.17950286,8.421034525,0.172605136,-1.7505385,0.17337821,9.44,0.18,-10.961529,0.076290406,FALSE,0.076290406,5.29E+09,FALSE,FALSE,TRUE,FALSE,FALSE,FALSE,FALSE,FALSE,FALSE,FALSE,FALSE,FALSE,FALSE,FALSE,0.002481413,155086.207,FALSE,FALSE,0.002178174,TRUE,FALSE
7990,1,1.24E+18,192.61375,28.3525,512,6.5,2.2,0.04240811,0.02180108,0.3999984,7990,,192.61499,28.352777,192.613754,28.352501,512,90,7.75,1,0.013174032,7990,66.42197765,6.746696,0.32167995,6.880987103,0.294169775,-3.4076116,0.33651322,7.42,0.3,-10.154307,0.13953859,FALSE,0.13953859,8.04E+07,FALSE,FALSE,FALSE,TRUE,FALSE,FALSE,FALSE,FALSE,FALSE,FALSE,FALSE,FALSE,FALSE,FALSE,0.001681775,337625.6073,FALSE,FALSE,0.001707848,TRUE,FALSE
7991,1,1.24E+18,192.66251,1.46389,1272,21.1,4.2,0.08174594,0.0420238,0.3316744,7991,015-027,192.667908,1.463611,192.662506,1.463889,1272,181,8.55,1,0.014838621,7991,70.62962336,8.926424,0.2323359,9.086426411,0.17289622,-2.0750566,0.19971046,8.55,0.18,-11.00148,0.126879037,FALSE,0.126879037,1.32E+09,FALSE,TRUE,FALSE,FALSE,FALSE,FALSE,FALSE,FALSE,FALSE,FALSE,FALSE,FALSE,FALSE,FALSE,0.004706087,43117.28642,FALSE,FALSE,0.004242935,TRUE,FALSE
8005,1,1.24E+18,192.94041,25.77444,1186,9.1,4.1,0.03450407,0.01773779,0.2625606,8005,N4747,192.960007,25.78861,192.940414,25.774445,1186,181,8.75,1,0.022184523,8005,74.77800966,8.875234,0.43389443,7.802974162,0.391342877,-2.720555,0.39361486,8.75,0.39,-11.595789,0.103008498,FALSE,0.103008498,1.50E+09,TRUE,FALSE,FALSE,FALSE,FALSE,FALSE,FALSE,FALSE,FALSE,FALSE,FALSE,FALSE,FALSE,FALSE,0.006560155,22189.27742,FALSE,FALSE,0.00395607,TRUE,FALSE
8007,1,1.24E+18,192.97958,12.08278,1779,33.7,7,0.1181898,0.06075881,0.3142757,8007,N4746,192.982086,12.0825,192.979584,12.082778,1779,335,9.67,1,0.015814997,8007,71.68296654,10.18666,0.24312147,10.43250805,0.180419096,0.1970955,0.18042749,9.67,0.18,-9.989564,0.087774226,FALSE,0.087774226,2.16E+10,FALSE,FALSE,FALSE,FALSE,TRUE,FALSE,FALSE,FALSE,FALSE,FALSE,FALSE,FALSE,FALSE,FALSE,0.007014947,19405.40023,FALSE,FALSE,0.005934105,TRUE,FALSE
8014,1,1.24E+18,193.18375,15.84833,1240,13,2.6,0.08599439,0.04420783,0.3499861,8014,N4758,193.188751,15.846389,193.183746,15.848333,1240,177,8.72,1,0.017565172,8014,69.51359378,9.026521,0.2280955,9.604468145,0.173718873,-1.4685934,0.17420089,8.72,0.18,-10.495114,0.088622202,FALSE,0.088622202,1.76E+09,FALSE,FALSE,FALSE,TRUE,FALSE,FALSE,FALSE,FALSE,FALSE,FALSE,FALSE,FALSE,FALSE,FALSE,0.00543067,32379.08295,FALSE,FALSE,0.004136195,TRUE,FALSE
8018,1,1.24E+18,193.31084,4.46278,722,16.6,4.3,0.1331177,0.0684329,0.5807593,8018,N4765,193.308334,4.465,193.310837,4.462778,722,77,9.11,1,0.012952752,8018,54.49608054,8.724706,0.23849113,9.237924936,0.224996083,-0.8123871,0.22501853,9.11,0.23,-9.537093,-0.238212011,FALSE,0.238212011,2.24E+09,FALSE,FALSE,FALSE,FALSE,TRUE,FALSE,FALSE,FALSE,FALSE,FALSE,FALSE,FALSE,FALSE,FALSE,0.002331732,175636.2809,FALSE,FALSE,0.002408333,TRUE,FALSE
8020,1,1.24E+18,193.33792,1.26861,1133,20.2,4.1,0.06513216,0.03348301,0.299904,8020,N4771,193.335831,1.271389,193.337921,1.268611,1133,283,9.05,1,0.005090545,8020,72.54822404,9.949286,0.24438864,8.744232269,0.17629828,-1.5405021,0.1769562,9.05,0.18,-11.489788,0.091808907,FALSE,0.091808907,1.04E+10,FALSE,TRUE,FALSE,FALSE,FALSE,FALSE,FALSE,FALSE,FALSE,FALSE,FALSE,FALSE,FALSE,FALSE,0.001438048,461768.5457,FALSE,FALSE,0.003779281,TRUE,FALSE
8021,1,1.24E+18,193.37207,2.16778,1043,16.9,4.3,0.08905896,0.04578326,0.834597,8021,N4772,193.368744,2.171945,193.37207,2.167778,1043,436,8.98,1,0.0072,8021,33.42612986,10.183538,0.22361945,9.341564674,0.221001942,-1.9466527,0.22299844,8.98,0.23,-12.130191,0.467591554,TRUE,0.467591554,1.65E+10,TRUE,FALSE,FALSE,FALSE,FALSE,FALSE,FALSE,TRUE,FALSE,FALSE,FALSE,FALSE,FALSE,FALSE,0.001872389,272382.448,TRUE,TRUE,0.003479074,FALSE,TRUE
8022,1,1.24E+18,193.46167,9.70972,2831,38.9,8,0.07271478,0.03738107,0.6265177,8022,N4779,193.46167,9.706111,193.46167,9.709722,2831,218,9.58,1,0.0072,8022,51.20637375,10.080175,0.19153632,10.30482468,0.178630211,0.31101105,0.17863934,9.5,0.18,-9.769164,0.012257078,FALSE,0.012257078,1.71E+10,FALSE,FALSE,FALSE,FALSE,TRUE,FALSE,FALSE,FALSE,FALSE,FALSE,FALSE,FALSE,FALSE,FALSE,0.005082199,36971.57881,FALSE,FALSE,0.0094432,TRUE,FALSE
8032,1,1.24E+18,193.68416,13.23722,1121,16.7,1.1,0.1183942,0.06086389,0.3318815,8032,071-071,193.681244,13.240556,193.684158,13.237223,1121,133,7.69,1,0.012874854,8032,70.61704492,9.287238,0.165385,9.338472131,0.057213294,-1.6104121,0.06340138,7.69,0.08,-10.89765,-0.052495281,FALSE,0.052495281,2.00E+09,FALSE,FALSE,TRUE,FALSE,FALSE,FALSE,FALSE,FALSE,FALSE,FALSE,FALSE,FALSE,FALSE,FALSE,0.003598548,73742.33369,FALSE,FALSE,0.003739254,TRUE,FALSE
8033,1,1.24E+18,193.67,28.93833,2495,31.2,6.3,0.03911635,0.02010886,0.4507742,8033,N4793,193.672073,28.941944,193.669998,28.938332,2495,314,9.82,1,0.0095678,8033,63.20668671,9.98352,0.20880543,10.52992931,0.175388167,0.41282707,0.17538999,9.82,0.18,-9.570692,0.103674729,FALSE,0.103674729,1.84E+10,FALSE,FALSE,FALSE,FALSE,TRUE,FALSE,FALSE,FALSE,FALSE,FALSE,FALSE,FALSE,FALSE,FALSE,0.005951987,26955.50369,FALSE,FALSE,0.008322424,TRUE,FALSE
8034,1,1.24E+18,193.71082,2.65194,935,16.8,4.3,0.1130142,0.0580981,0.2776676,8034,N4809,193.71666,2.652778,193.710815,2.651945,935,151,9.07,1,0.025442217,8034,73.87901341,7.9402604,0.28587443,8.485747215,0.222328709,-1.963274,0.22990789,9.07,0.23,-9.903534,0.01575669,FALSE,0.01575669,1.65E+09,FALSE,FALSE,FALSE,FALSE,TRUE,FALSE,FALSE,FALSE,FALSE,FALSE,FALSE,FALSE,FALSE,FALSE,0.005931245,27144.3597,FALSE,FALSE,0.003118824,TRUE,FALSE
8036,1,1.24E+18,193.70209,19.17611,916,29.4,5.6,0.06880523,0.03537126,0.3676728,8036,I3881,193.702087,19.174166,193.702087,19.176111,916,204,9.82,1,0.010817356,8036,68.42789356,9.213545,0.21746208,9.445723154,0.16544885,-1.596255,0.19325072,9.82,0.17,-10.8098,-0.039610451,FALSE,0.039610451,1.04E+10,FALSE,FALSE,TRUE,FALSE,FALSE,FALSE,FALSE,FALSE,FALSE,FALSE,FALSE,FALSE,FALSE,FALSE,0.002470563,156451.4296,FALSE,FALSE,0.003055447,TRUE,FALSE
8041,1,1.24E+18,193.80292,0.11611,1323,14.4,2.9,0.07310256,0.03758042,0.7316373,8041,015-037,193.802094,0.112778,193.802917,0.116111,1323,186,9.03,1,0.011384178,8041,42.97620543,8.744736,0.18166748,9.060127714,0.174925317,-1.708292,0.17853354,9.03,0.18,-10.453028,0.235432006,FALSE,0.235432006,1.98E+09,FALSE,FALSE,FALSE,TRUE,FALSE,FALSE,FALSE,FALSE,FALSE,FALSE,FALSE,FALSE,FALSE,FALSE,0.003755267,67715.74871,FALSE,FALSE,0.004413053,TRUE,FALSE
8042,1,1.24E+18,193.79292,7.9175,2661,40.4,2.2,0.1303848,0.06702799,0.7510344,8042,043-065,193.792511,7.921944,193.792923,7.9175,2661,171,8.78,1,0.010697048,8042,41.31997448,9.211448,0.0660602,8.603007654,0.047363769,-1.3592042,0.061397683,8.78,0.07,-10.570652,0.190651303,FALSE,0.190651303,2.43E+09,FALSE,FALSE,TRUE,FALSE,FALSE,FALSE,FALSE,FALSE,FALSE,FALSE,FALSE,FALSE,FALSE,FALSE,0.007097218,18958.11224,FALSE,FALSE,0.008876141,TRUE,FALSE
8043,1,1.24E+18,193.815,2.89583,2800,42,2.2,0.1123587,0.05776114,0.3276689,8043,N4799,193.813339,2.895833,193.815002,2.895833,2800,356,9.48,1,0.012974887,8043,70.87271173,10.155526,0.16366552,10.40271145,0.045497673,-0.24649931,0.045899324,9.48,0.06,-10.402025,0.134078092,FALSE,0.134078092,1.83E+10,FALSE,FALSE,FALSE,TRUE,FALSE,FALSE,FALSE,FALSE,FALSE,FALSE,FALSE,FALSE,FALSE,FALSE,0.00905818,11638.29865,FALSE,FALSE,0.009339795,TRUE,FALSE
8053,1,1.24E+18,193.95416,4.01389,708,16.6,4.3,0.128518,0.06606828,0.5219,8053,043-070,193.955429,4.011389,193.954163,4.013889,708,120,8.99,1,0.011359071,8053,58.5402632,7.3920226,0.24359837,8.2790077,0.225032392,-2.6727357,0.37803113,8.99,0.23,-10.064758,-0.008562365,FALSE,0.008562365,1.32E+09,FALSE,FALSE,FALSE,TRUE,FALSE,FALSE,FALSE,FALSE,FALSE,FALSE,FALSE,FALSE,FALSE,FALSE,0.002005189,237498.3434,FALSE,FALSE,0.002361634,TRUE,FALSE
8054,1,1.24E+18,193.95416,4.30417,758,18.4,3.6,0.1213826,0.06240012,0.4000068,8054,N4808,193.952087,4.304167,193.954163,4.304167,758,264,9.75,1,0.015251984,8054,66.42145252,9.686169,0.21377678,8.987572372,0.169941436,-1.0631804,0.17000006,9.74,0.18,-10.74935,0.060403004,FALSE,0.060403004,1.23E+10,FALSE,FALSE,TRUE,FALSE,FALSE,FALSE,FALSE,FALSE,FALSE,FALSE,FALSE,FALSE,FALSE,FALSE,0.002882537,114926.8848,FALSE,FALSE,0.002528416,TRUE,FALSE
8056,1,1.24E+18,194.08292,10.18833,2697,41,2.3,0.07326394,0.03766339,0.4657609,8056,071-075,194.085419,10.183056,194.082916,10.188334,2697,197,8.81,1,0.020204755,8056,62.24057526,8.9756365,0.119151354,9.252722885,0.048777428,-2.3391335,0.49828538,9.6,0.07,-11.31477,0.157210182,FALSE,0.157210182,1.80E+09,FALSE,TRUE,FALSE,FALSE,FALSE,FALSE,FALSE,FALSE,FALSE,FALSE,FALSE,FALSE,FALSE,FALSE,0.013586696,5173.014053,FALSE,FALSE,0.008996224,TRUE,FALSE
8061,1,1.24E+18,194.18333,11.93194,563,16.6,2.2,0.09484638,0.04875844,0.8808388,8061,KK172,194.184998,11.934444,194.183334,11.931945,563,56,8.19,1,0.022858178,8061,28.25631039,7.638858,0.123045385,8.300302103,0.116243779,-1.5542394,0.22442594,8.19,0.12,-9.193097,0.097376904,FALSE,0.097376904,2.50E+08,FALSE,FALSE,FALSE,FALSE,FALSE,TRUE,FALSE,FALSE,FALSE,FALSE,FALSE,FALSE,FALSE,FALSE,0.003208702,92749.74367,FALSE,FALSE,0.001877966,TRUE,FALSE
8076,1,1.24E+18,194.4579,29.65389,2529,102.6,4.2,0.04322255,0.02221976,0.6361774,8076,160-050,194.459991,29.657499,194.457901,29.653889,2529,159,8.99,1,0.00476944,8076,50.49267782,9.83807,0.07596557,10.10626981,0.035589147,-0.4027038,0.057568386,9.83,0.06,-10.240774,-0.040536327,FALSE,0.040536327,8.19E+09,FALSE,FALSE,FALSE,TRUE,FALSE,FALSE,FALSE,FALSE,FALSE,FALSE,FALSE,FALSE,FALSE,FALSE,0.00300743,105579.6676,FALSE,FALSE,0.008435836,TRUE,FALSE
8078,1,1.24E+18,194.505,1.57583,1072,18,3.5,0.06517171,0.03350335,0.4648937,8078,N4845,194.510406,1.580833,194.505005,1.575833,1072,406,8.15,1,0.02098559,8078,62.29670991,10.400534,0.2010301,9.636063295,0.168892304,-0.34701276,0.16889443,8.15,0.18,-10.747546,0.184174007,FALSE,0.184174007,2.53E+10,FALSE,FALSE,TRUE,FALSE,FALSE,FALSE,FALSE,FALSE,FALSE,FALSE,FALSE,FALSE,FALSE,FALSE,0.005609127,30351.5441,FALSE,FALSE,0.003575807,TRUE,FALSE
8084,1,1.24E+18,194.59207,2.79222,2769,22.9,4.4,0.09337473,0.0480019,0.4658385,8084,043-084,194.597916,2.789167,194.592072,2.792222,2769,122,9.39,1,0.010176295,8084,62.23555073,8.476266,0.1991638,8.85492779,0.166899976,-1.5649467,0.17370176,8.87,0.17,-10.041212,-0.124796777,FALSE,0.124796777,3.56E+09,FALSE,FALSE,FALSE,TRUE,FALSE,FALSE,FALSE,FALSE,FALSE,FALSE,FALSE,FALSE,FALSE,FALSE,0.007025738,19345.83327,FALSE,FALSE,0.00923639,TRUE,FALSE
8085,1,1.24E+18,194.57208,14.55639,2041,28.8,5.8,0.08873273,0.04561555,0.2732658,8085,100-018,194.569992,14.560834,194.572083,14.556389,2041,225,9.58,1,0.011055861,8085,74.14136883,9.258946,0.2524389,9.477002082,0.174925427,-1.4963502,0.18601513,9.58,0.18,-10.755297,0.033479905,FALSE,0.033479905,6.87E+09,FALSE,FALSE,TRUE,FALSE,FALSE,FALSE,FALSE,FALSE,FALSE,FALSE,FALSE,FALSE,FALSE,FALSE,0.005626197,30167.65683,FALSE,FALSE,0.006808043,TRUE,FALSE
8098,1,1.24E+18,194.75917,34.86111,842,7.6,1.5,0.03516528,0.0180777,0.3352651,8098,N4861,194.763748,34.863052,194.759171,34.861111,842,79,9.12,1,0.0046568,8098,70.41140013,7.911676,0.23023537,6.521485755,0.171671467,-3.7964327,0.36319435,8.66,0.18,-11.708109,-0.26867021,FALSE,0.26867021,1.83E+09,TRUE,FALSE,FALSE,FALSE,FALSE,FALSE,FALSE,FALSE,FALSE,FALSE,FALSE,FALSE,FALSE,FALSE,9.78E-04,999110.1541,TRUE,FALSE,0.00280861,TRUE,FALSE
8102,1,1.24E+18,194.8625,14.17056,1984,31.1,6.2,0.09258598,0.04759642,0.5253477,8102,N4866,194.859161,14.17,194.862503,14.170556,1984,537,9.73,1,0.017804763,8102,58.30839606,10.731096,0.19643721,9.96413736,0.173159226,-1.5728195,0.17751105,9.73,0.18,-12.303916,0.227515176,FALSE,0.227515176,6.10E+10,TRUE,FALSE,FALSE,FALSE,FALSE,FALSE,FALSE,FALSE,FALSE,FALSE,FALSE,FALSE,FALSE,FALSE,0.008807592,12309.97011,FALSE,FALSE,0.006617912,TRUE,FALSE
8114,1,1.24E+18,195.10417,13.67028,1990,31.9,2.3,0.1168206,0.06005489,0.6498671,8114,071-095,195.101669,13.669445,195.104172,13.670279,1990,130,9.26,1,0.007867944,8114,49.46845925,8.113164,0.090528466,8.55311346,0.06278435,-2.1997533,0.22795899,9.26,0.08,-10.312918,0.005181135,FALSE,0.005181135,2.55E+09,FALSE,FALSE,FALSE,TRUE,FALSE,FALSE,FALSE,FALSE,FALSE,FALSE,FALSE,FALSE,FALSE,FALSE,0.003903855,62659.08594,FALSE,FALSE,0.006637925,TRUE,FALSE
8116,1,1.24E+18,195.16251,2.50139,964,16.8,4.4,0.07806185,0.04012989,0.7350656,8116,N4900,195.165405,2.5025,195.162506,2.501389,964,85,9.12,2,0.014829869,8116,42.68727655,9.491393,0.23261207,8.764394066,0.22748775,-1.1104158,0.22752617,9.12,0.23,-10.601809,-0.199609567,FALSE,0.199609567,4.85E+09,FALSE,FALSE,TRUE,FALSE,FALSE,FALSE,FALSE,FALSE,FALSE,FALSE,FALSE,FALSE,FALSE,FALSE,0.003564459,75159.52577,FALSE,FALSE,0.003215558,TRUE,FALSE
8121,1,1.24E+18,195.24416,-0.0275,1173,17.8,3.6,0.08563719,0.0440242,0.5357816,8121,N4904,195.246658,-0.03,195.244156,-0.0275,1173,186,9.04,1,0.014399998,8121,57.60311552,9.387241,0.197291,9.662972898,0.175669752,-0.4893059,0.17568159,9.04,0.18,-9.876547,0.069003518,FALSE,0.069003518,3.90E+09,FALSE,FALSE,FALSE,FALSE,TRUE,FALSE,FALSE,FALSE,FALSE,FALSE,FALSE,FALSE,FALSE,FALSE,0.004211529,53838.36229,FALSE,FALSE,0.003912707,TRUE,FALSE
8153,1,1.24E+18,195.77417,3.99194,2859,42.8,2.4,0.09661513,0.04966772,0.861251,8153,043-114,195.770828,3.989444,195.77417,3.991945,2859,125,9.59,1,0.018,8153,30.5426892,8.473139,0.057699844,9.316716598,0.048758603,-1.9299532,0.29719493,9.59,0.06,-10.403092,0.080077248,FALSE,0.080077248,5.47E+09,FALSE,FALSE,FALSE,TRUE,FALSE,FALSE,FALSE,FALSE,FALSE,FALSE,FALSE,FALSE,FALSE,FALSE,0.012831162,5800.152434,FALSE,FALSE,0.009536597,TRUE,FALSE
8166,1,1.24E+18,195.96834,10.97222,2943,52.5,10.6,0.07974951,0.04099748,0.2095158,8166,071-102,195.970413,10.966389,195.968338,10.972221,2943,170,9.33,1,0.00793234,8166,77.9060874,8.81418,0.28027523,8.987458977,0.175414557,-1.4231327,0.20469807,9.33,0.18,-10.237313,-0.021964796,FALSE,0.021964796,3.50E+09,FALSE,FALSE,FALSE,TRUE,FALSE,FALSE,FALSE,FALSE,FALSE,FALSE,FALSE,FALSE,FALSE,FALSE,0.005820642,28185.74785,FALSE,FALSE,0.009816791,TRUE,FALSE
8181,1,1.24E+18,196.35249,32.89972,885,13.6,2.2,0.04204486,0.02161434,0.2999825,8181,M+629027,196.356232,32.898335,196.352493,32.899723,885,98,8.29,1,0.014102029,8181,72.54350924,7.7747383,0.21978399,8.112332964,0.140531164,-2.5318038,0.17633778,8.29,0.15,-10.306542,0.009515491,FALSE,0.009515491,3.19E+08,FALSE,FALSE,FALSE,TRUE,FALSE,FALSE,FALSE,FALSE,FALSE,FALSE,FALSE,FALSE,FALSE,FALSE,0.003111746,98619.54173,FALSE,FALSE,0.002952042,TRUE,FALSE
8182,1,1.24E+18,196.32832,36.10222,1207,15.7,4.1,0.04908566,0.02523386,0.5590509,8182,I4171,196.337921,36.105278,196.328323,36.102222,1207,114,8.8,1,0.011312995,8182,56.00986077,7.781872,0.24187882,8.103505715,0.226849283,-2.4780285,0.25058505,8.51,0.23,-10.2599,0.023469773,FALSE,0.023469773,9.00E+08,FALSE,FALSE,FALSE,TRUE,FALSE,FALSE,FALSE,FALSE,FALSE,FALSE,FALSE,FALSE,FALSE,FALSE,0.003404585,82384.02339,FALSE,FALSE,0.004026119,TRUE,FALSE
8185,1,1.24E+18,196.44833,27.73333,2533,40.5,7.9,0.03731043,0.01918047,0.6317721,8185,N4961,196.447906,27.734722,196.448334,27.733334,2533,216,9.75,1,0.019230567,8185,50.81905672,9.633041,0.18254158,10.04916742,0.169428668,-0.30708236,0.16951926,9.75,0.17,-9.940124,0.051038731,FALSE,0.051038731,1.18E+10,FALSE,FALSE,FALSE,FALSE,TRUE,FALSE,FALSE,FALSE,FALSE,FALSE,FALSE,FALSE,FALSE,FALSE,0.012145254,6473.783482,FALSE,FALSE,0.008449179,TRUE,FALSE
8187,1,1.24E+18,196.42291,36.01694,1185,15.7,4.3,0.05196736,0.02671528,0.4499995,8187,I4178,196.425827,36.029167,196.422913,36.016945,1185,106,8.39,1,0.020007725,8187,63.25640156,7.6611447,0.26358858,7.903026589,0.237928774,-3.0869095,0.3804733,8.12,0.24,-10.7480545,0.055427893,FALSE,0.055427893,3.72E+08,FALSE,FALSE,TRUE,FALSE,FALSE,FALSE,FALSE,FALSE,FALSE,FALSE,FALSE,FALSE,FALSE,FALSE,0.005911469,27326.28595,FALSE,FALSE,0.003952735,TRUE,FALSE
8219,1,1.24E+18,197.14291,21.04917,2616,44.7,8.7,0.1135893,0.05839379,0.4644472,8219,I 851,197.145416,21.051666,197.142914,21.049166,2616,233,9.64,1,0.019696956,8219,62.32560099,9.555868,0.20130615,9.856091293,0.169054873,-0.5007353,0.16953966,9.64,0.17,-10.056603,0.050524591,FALSE,0.050524591,9.40E+09,FALSE,FALSE,FALSE,TRUE,FALSE,FALSE,FALSE,FALSE,FALSE,FALSE,FALSE,FALSE,FALSE,FALSE,0.012847428,5785.474977,FALSE,FALSE,0.008726037,TRUE,FALSE
8246,1,1.24E+18,197.51834,34.18028,809,14.9,3,0.034146,0.01755371,0.225781,8246,189-031,197.522095,34.180557,197.518341,34.180279,809,135,8.88,1,0.004672215,8246,76.95125699,7.890795,0.27193812,8.582464781,0.17497915,-2.2889836,0.24149229,8.88,0.18,-10.179779,0.006382958,FALSE,0.006382958,1.09E+09,FALSE,FALSE,FALSE,TRUE,FALSE,FALSE,FALSE,FALSE,FALSE,FALSE,FALSE,FALSE,FALSE,FALSE,9.42E-04,1075152.444,FALSE,FALSE,0.002698534,TRUE,FALSE
8249,1,1.24E+18,197.61002,24.92083,2541,39.5,2.2,0.05820747,0.02992319,0.3169152,8249,,197.610428,24.924166,197.610016,24.920834,2541,174,9.56,1,0.019439739,8249,71.52358896,8.467917,0.16874468,8.680806211,0.048680535,-1.771037,0.15664642,9.56,0.07,-10.238955,-0.040128174,FALSE,0.040128174,5.12E+09,FALSE,FALSE,FALSE,TRUE,FALSE,FALSE,FALSE,FALSE,FALSE,FALSE,FALSE,FALSE,FALSE,FALSE,0.012316134,6295.388535,FALSE,FALSE,0.008475864,TRUE,FALSE
8261,1,1.24E+18,197.75458,35.50139,854,15.8,4.2,0.03860771,0.01984738,0.7135094,8261,M+629053,197.758759,35.503056,197.754578,35.501389,854,110,8.66,1,0.006878774,8261,44.47886567,7.743653,0.2366941,7.921996658,0.230966483,-2.8011515,0.32375273,8.78,0.24,-10.544805,0.114171837,FALSE,0.114171837,6.63E+08,FALSE,FALSE,TRUE,FALSE,FALSE,FALSE,FALSE,FALSE,FALSE,FALSE,FALSE,FALSE,FALSE,FALSE,0.001464699,445117.7416,FALSE,FALSE,0.002848637,TRUE,FALSE
8270,1,1.24E+18,197.90417,22.91528,2621,42.5,8.9,0.04559411,0.02343893,0.6409225,8270,N5012,197.909592,22.916111,197.904175,22.915277,2621,391,9.8,1,0.019786834,8270,50.13939991,10.539678,0.19357501,9.858358919,0.181892787,-0.64051694,0.1820964,9.8,0.19,-11.180195,0.172283842,FALSE,0.172283842,4.30E+10,FALSE,TRUE,FALSE,FALSE,FALSE,FALSE,FALSE,FALSE,FALSE,FALSE,FALSE,FALSE,FALSE,FALSE,0.012930719,5711.182864,FALSE,FALSE,0.008742715,TRUE,FALSE
8276,1,1.24E+18,198.02625,5.47556,913,16.9,2.2,0.1200429,0.06171141,0.5399123,8276,,198.027924,5.473055,198.026245,5.475555,913,68,8.43,1,0.025397833,8276,57.32237949,6.901306,0.14547853,7.254885215,0.130383682,-2.9933178,0.48520067,8.43,0.12,-9.894624,-0.10979983,FALSE,0.10979983,3.66E+08,FALSE,FALSE,FALSE,FALSE,TRUE,FALSE,FALSE,FALSE,FALSE,FALSE,FALSE,FALSE,FALSE,FALSE,0.005781583,28567.86908,FALSE,FALSE,0.00304544,TRUE,FALSE
8278,1,1.24E+18,198.04666,21.40639,3070,46.7,2.3,0.08304468,0.04269145,0.3807481,8278,,198.047073,21.407778,198.046661,21.406389,3070,185,9.49,1,0.004918698,8278,67.62002773,8.912258,0.14281945,9.05756826,0.042925925,-0.98665476,0.0595838,9.49,0.06,-9.898912,0.001744196,FALSE,0.001744196,4.93E+09,FALSE,FALSE,FALSE,FALSE,TRUE,FALSE,FALSE,FALSE,FALSE,FALSE,FALSE,FALSE,FALSE,FALSE,0.003765025,67365.20886,FALSE,FALSE,0.010240418,TRUE,FALSE
8279,1,1.24E+18,198.02792,24.095,2610,46.3,9.3,0.04356265,0.02239461,0.7449728,8279,N5016,198.030823,24.095001,198.027924,24.095001,2610,248,9.53,1,0.013629364,8279,41.84327264,10.239411,0.18071933,9.480595748,0.174468525,-0.73286223,0.17492242,9.65,0.18,-10.972274,0.109058629,FALSE,0.109058629,2.19E+10,FALSE,FALSE,TRUE,FALSE,FALSE,FALSE,FALSE,FALSE,FALSE,FALSE,FALSE,FALSE,FALSE,FALSE,0.008869424,12138.93352,FALSE,FALSE,0.008706023,TRUE,FALSE
8280,1,1.24E+18,198.04625,35.67139,813,19.2,3.7,0.04603349,0.02366481,0.3499668,8280,I4213,198.047485,35.676666,198.046249,35.671391,813,190,8.97,1,0.00463821,8280,69.51477425,8.8504095,0.22329547,9.242694854,0.167391883,-1.9509506,0.17706408,8.97,0.17,-10.80136,0.108336903,FALSE,0.108336903,1.95E+09,FALSE,FALSE,TRUE,FALSE,FALSE,FALSE,FALSE,FALSE,FALSE,FALSE,FALSE,FALSE,FALSE,FALSE,9.40E-04,1080266.283,FALSE,FALSE,0.002711876,TRUE,FALSE
8290,1,1.24E+18,198.17833,22.83278,2586,40.3,4.2,0.05239187,0.02693351,0.6302446,8290,N5012A,198.183334,22.834723,198.178329,22.832779,2586,158,9.53,1,0.004895765,8290,50.93187203,9.323447,0.11331619,8.828764104,0.09053095,-1.4669204,0.104098395,9.53,0.1,-10.790367,-0.022806634,FALSE,0.022806634,6.61E+09,FALSE,FALSE,TRUE,FALSE,FALSE,FALSE,FALSE,FALSE,FALSE,FALSE,FALSE,FALSE,FALSE,FALSE,0.003156664,95832.88462,FALSE,FALSE,0.008625968,TRUE,FALSE
8318,1,1.24E+18,198.6275,35.38611,2324,33.3,6.6,0.03426401,0.01761438,0.8746074,8318,189-044,198.623337,35.389168,198.627502,35.386112,2324,136,9.44,1,0.009289569,8318,29.00147895,8.821709,0.17462361,9.092993193,0.172162783,-1.519193,0.18592928,9.44,0.18,-10.340901,0.162628162,FALSE,0.162628162,4.33E+09,FALSE,FALSE,FALSE,TRUE,FALSE,FALSE,FALSE,FALSE,FALSE,FALSE,FALSE,FALSE,FALSE,FALSE,0.005382834,32957.12743,FALSE,FALSE,0.00775203,TRUE,FALSE
8345,1,1.24E+18,199.21707,12.54833,966,16.7,2.1,0.1038753,0.0534,0.8447704,8345,N5058a,199.220001,12.547501,199.217072,12.548334,966,178,8.98,1,0.016023513,8345,32.35268285,8.362899,0.114038676,8.775095896,0.109226081,-1.7406348,0.11152446,8.98,0.12,-10.103534,0.351596282,TRUE,0.351596282,1.50E+09,FALSE,FALSE,FALSE,TRUE,FALSE,FALSE,FALSE,FALSE,FALSE,FALSE,TRUE,FALSE,FALSE,FALSE,0.00385935,64112.54272,TRUE,FALSE,0.003222229,FALSE,TRUE
8363,1,1.24E+18,199.69167,27.73167,2455,38.4,2.1,0.04654567,0.02392811,0.6366678,8363,160-188,199.693329,27.734722,199.691666,27.731667,2455,138,9.47,1,0.016706276,8363,50.4562505,8.587444,0.0819257,8.970330865,0.047826974,-1.328731,0.11703596,9.47,0.06,-9.916175,-0.032207115,FALSE,0.032207115,4.31E+09,FALSE,FALSE,FALSE,FALSE,TRUE,FALSE,FALSE,FALSE,FALSE,FALSE,FALSE,FALSE,FALSE,FALSE,0.01022611,9131.674686,FALSE,FALSE,0.008188999,TRUE,FALSE
8371,1,1.24E+18,199.91376,30.25611,2140,34.2,2.3,0.04065406,0.02089936,0.5153986,8371,N5089,199.918335,30.256111,199.913757,30.256111,2140,245,9.49,1,0.009999366,8371,58.97594813,9.350676,0.11154545,9.649262788,0.058415148,-1.0503409,0.062203005,9.49,0.07,-10.401016,0.129190116,FALSE,0.129190116,6.35E+09,FALSE,FALSE,FALSE,TRUE,FALSE,FALSE,FALSE,FALSE,FALSE,FALSE,FALSE,FALSE,FALSE,FALSE,0.005335383,33545.9621,FALSE,FALSE,0.007138272,TRUE,FALSE
8401,1,1.24E+18,200.47084,28.66889,2447,38.3,2.3,0.05273296,0.02710886,0.5625056,8401,,200.475006,28.67111,200.47084,28.668888,2447,38,8.72,1,0.0072,8401,55.77079271,7.150805,0.10244975,8.037549912,0.059304647,-1.9265006,0.38215804,8.72,0.07,-9.077306,-0.427043188,TRUE,0.427043188,7.12E+08,FALSE,FALSE,FALSE,FALSE,FALSE,TRUE,FALSE,FALSE,FALSE,FALSE,FALSE,FALSE,TRUE,FALSE,0.004392844,49485.70898,TRUE,TRUE,0.008162313,FALSE,TRUE
8409,1,1.24E+18,200.75417,23.30611,2810,42.5,8.4,0.06947285,0.03571447,0.5829242,8409,131-006,200.752914,23.304998,200.754166,23.30611,2810,173,9.59,1,0.01322502,8409,54.34356668,9.006571,0.18875942,9.418372881,0.17168686,-1.6120912,0.24659309,9.59,0.18,-10.618662,0.004006335,FALSE,0.004006335,6.19E+09,FALSE,FALSE,TRUE,FALSE,FALSE,FALSE,FALSE,FALSE,FALSE,FALSE,FALSE,FALSE,FALSE,FALSE,0.00926578,11122.62803,FALSE,FALSE,0.009373151,TRUE,FALSE
8410,1,1.24E+18,200.73167,26.98083,2888,44.1,8.3,0.07083301,0.0364137,0.3397934,8410,N5116,200.733749,26.984722,200.731674,26.980833,2888,336,9.46,1,0.016772528,8410,70.13577186,10.207136,0.22338192,10.35743669,0.163476037,-0.13110879,0.16357778,9.46,0.17,-10.338245,0.101722075,FALSE,0.101722075,1.99E+10,FALSE,FALSE,FALSE,TRUE,FALSE,FALSE,FALSE,FALSE,FALSE,FALSE,FALSE,FALSE,FALSE,FALSE,0.012077444,6546.682807,FALSE,FALSE,0.009633331,TRUE,FALSE
8411,1,1.24E+18,200.73543,28.31639,2392,38.9,7.6,0.05599921,0.02878797,0.3920356,8411,N5117,200.736664,28.317501,200.735428,28.316387,2392,224,9.57,1,0.012522623,8411,66.91883671,9.432971,0.21521194,9.718429038,0.169699792,-0.78748584,0.17089254,9.57,0.17,-10.220457,0.039260686,FALSE,0.039260686,7.65E+09,FALSE,FALSE,FALSE,TRUE,FALSE,FALSE,FALSE,FALSE,FALSE,FALSE,FALSE,FALSE,FALSE,FALSE,0.007468542,17119.84252,FALSE,FALSE,0.007978853,TRUE,FALSE
8443,1,1.24E+18,201.58167,2.10056,1089,16,2.2,0.08945205,0.04598534,0.7498341,8443,N5147,201.583328,2.099722,201.581665,2.100555,1089,150,9.06,1,0.025447293,8443,41.42402582,9.136092,0.12803039,9.656694117,0.119433108,-1.1528069,0.119653165,9.06,0.13,-10.288899,0.113776693,FALSE,0.113776693,2.90E+09,FALSE,FALSE,FALSE,TRUE,FALSE,FALSE,FALSE,FALSE,FALSE,FALSE,FALSE,FALSE,FALSE,FALSE,0.006909535,20002.01682,FALSE,FALSE,0.003632513,TRUE,FALSE
8450,1,1.24E+18,201.755,10.05611,1049,16.3,2.4,0.09046967,0.04650848,0.6656196,8450,072-076,201.759583,10.056111,201.755005,10.056111,1049,52,8.31,1,0.018085392,8450,48.27016379,7.7432237,0.1424969,6.863852615,0.129247838,-3.1345353,0.2847958,8.31,0.13,-10.877759,-0.161801156,FALSE,0.161801156,3.27E+08,FALSE,FALSE,TRUE,FALSE,FALSE,FALSE,FALSE,FALSE,FALSE,FALSE,FALSE,FALSE,FALSE,FALSE,0.004730235,42678.1808,FALSE,FALSE,0.003499087,TRUE,FALSE
8507,1,1.24E+18,202.74416,19.43639,997,15.9,4.4,0.07775231,0.03997076,0.4277943,8507,101-061,202.746246,19.439444,202.744156,19.436388,997,74,8.41,1,0.015370074,8507,64.67239252,8.556703,0.2687821,8.824625628,0.240367001,-2.3118615,0.27308157,8.4,0.24,-10.868565,-0.174779017,FALSE,0.174779017,7.02E+08,FALSE,FALSE,TRUE,FALSE,FALSE,FALSE,FALSE,FALSE,FALSE,FALSE,FALSE,FALSE,FALSE,FALSE,0.003820766,65413.96811,FALSE,FALSE,0.003325634,TRUE,FALSE
8516,1,1.24E+18,202.96875,20.00083,1025,15.7,4.2,0.09710759,0.04992089,0.6436623,8516,102-004,202.970413,20.003889,202.96875,20.000834,1025,96,8.39,1,0.0144,8516,49.93458892,8.729208,0.24139403,9.046138772,0.232361744,-1.3602422,0.23263906,8.41,0.24,-10.08945,-0.01179698,FALSE,0.01179698,8.63E+08,FALSE,FALSE,FALSE,TRUE,FALSE,FALSE,FALSE,FALSE,FALSE,FALSE,FALSE,FALSE,FALSE,FALSE,0.003680151,70508.26261,FALSE,FALSE,0.003419032,TRUE,FALSE
8578,1,1.24E+18,203.89833,29.21611,857,12.5,2.3,0.04019599,0.02066388,0.3788631,8578,161-084,203.899582,29.214167,203.898331,29.216112,857,89,7.96,1,0.007855719,8578,67.73677899,7.853426,0.21043041,8.045979012,0.15982769,-2.3835576,0.16668865,7.96,0.16,-10.236983,0.035554492,FALSE,0.035554492,1.93E+08,FALSE,FALSE,FALSE,TRUE,FALSE,FALSE,FALSE,FALSE,FALSE,FALSE,FALSE,FALSE,FALSE,FALSE,0.001678596,338905.9581,FALSE,FALSE,0.002858644,TRUE,FALSE
8587,1,1.24E+18,203.98,35.58805,2232,43.5,8.7,0.0486455,0.02500759,0.6543205,8587,N5240,203.982498,35.589722,203.979996,35.588055,2232,245,9.33,1,0.021474018,8587,49.13189477,10.046841,0.1849339,10.19643944,0.173718063,-0.6067626,0.17479025,9.33,0.18,-10.653604,0.097836932,FALSE,0.097836932,1.40E+10,FALSE,FALSE,TRUE,FALSE,FALSE,FALSE,FALSE,FALSE,FALSE,FALSE,FALSE,FALSE,FALSE,FALSE,0.011950521,6686.482653,FALSE,FALSE,0.007445151,TRUE,FALSE
8608,1,1.24E+18,204.25375,31.76583,3003,51.5,10.7,0.05169898,0.02657731,0.1368359,8608,161-089,204.254578,31.768888,204.253754,31.765833,3003,197,9.48,1,0.016325762,8608,82.13527486,9.181473,0.33132264,9.385815253,0.180475214,-1.8791587,0.33220994,9.48,0.19,-11.060632,-0.013500845,FALSE,0.013500845,5.54E+09,FALSE,TRUE,FALSE,FALSE,FALSE,FALSE,FALSE,FALSE,FALSE,FALSE,FALSE,FALSE,FALSE,FALSE,0.012223853,6390.798756,FALSE,FALSE,0.01001693,TRUE,FALSE
8616,1,1.24E+18,204.38376,8.885,1151,13,2.5,0.08076589,0.04151997,0.7230508,8616,N5248,204.383759,8.884444,204.383759,8.885,1151,272,9.47,1,0.003556801,8616,43.69309892,9.9340515,0.17453763,8.996806707,0.16703636,-1.3355868,0.1670675,9.47,0.17,-11.269638,0.194563625,FALSE,0.194563625,1.25E+10,FALSE,TRUE,FALSE,FALSE,FALSE,FALSE,FALSE,FALSE,FALSE,FALSE,FALSE,FALSE,FALSE,FALSE,0.001020738,916522.1098,FALSE,FALSE,0.003839323,TRUE,FALSE
8629,1,1.24E+18,204.6275,8.44222,1021,14.8,4.2,0.09417869,0.0484152,0.3500012,8629,073-056,204.62709,8.446111,204.627502,8.442223,1021,118,8.54,1,0.012936872,8629,69.5126702,7.690643,0.28750607,7.983926161,0.246525769,-2.449018,0.26233125,8.45,0.25,-10.139661,0.047033831,FALSE,0.047033831,5.10E+08,FALSE,FALSE,FALSE,TRUE,FALSE,FALSE,FALSE,FALSE,FALSE,FALSE,FALSE,FALSE,FALSE,FALSE,0.003293323,88044.5913,FALSE,FALSE,0.003405689,TRUE,FALSE
8662,1,1.24E+18,205.32333,33.7725,2035,33,2.3,0.04717187,0.02425002,0.1430737,8662,M+630069,205.324173,33.770554,205.323334,33.772499,2035,180,8.87,1,0.012499655,8662,81.77432178,8.81829,0.27814206,9.013512427,0.060562601,-1.4496839,0.07934042,8.87,0.07,-10.267974,0.079498121,FALSE,0.079498121,1.64E+09,FALSE,FALSE,FALSE,TRUE,FALSE,FALSE,FALSE,FALSE,FALSE,FALSE,FALSE,FALSE,FALSE,FALSE,0.006342227,23740.38997,FALSE,FALSE,0.006788029,TRUE,FALSE
8693,1,1.24E+18,206.11833,35.19222,2436,45.3,9.1,0.04166055,0.02141678,0.3411799,8693,190-045,206.122086,35.19389,206.118332,35.192223,2436,243,9.54,1,0.012298843,8693,70.05128291,9.653134,0.23106886,9.873447339,0.174485522,-0.8884774,0.17665656,9.54,0.18,-10.541612,0.046302834,FALSE,0.046302834,9.11E+09,FALSE,FALSE,TRUE,FALSE,FALSE,FALSE,FALSE,FALSE,FALSE,FALSE,FALSE,FALSE,FALSE,FALSE,0.007470005,17113.13771,FALSE,FALSE,0.008125621,TRUE,FALSE
8727,1,1.24E+18,207.06667,3.95056,1170,18.4,3.6,0.07575375,0.03894334,0.7264944,8727,N5300,207.067078,3.951111,207.066666,3.950556,1170,206,9.11,1,0.020340495,8727,43.40672999,9.601329,0.17714086,9.495988358,0.169941585,-1.1815262,0.17027906,9.1,0.18,-10.782855,0.161418867,FALSE,0.161418867,5.71E+09,FALSE,FALSE,TRUE,FALSE,FALSE,FALSE,FALSE,FALSE,FALSE,FALSE,FALSE,FALSE,FALSE,FALSE,0.005933715,27121.76632,FALSE,FALSE,0.0039027,TRUE,FALSE
8731,1,1.24E+18,207.02834,36.13,2248,35.9,2.2,0.03853219,0.01980856,0.4488795,8731,190-058,207.034592,36.129997,207.028336,36.129997,2248,157,9.19,1,0.015871708,8731,63.32823696,8.424852,0.12553266,8.887364668,0.053414257,-1.4808482,0.096187584,9.19,0.07,-9.905701,0.026824693,FALSE,0.026824693,2.33E+09,FALSE,FALSE,FALSE,FALSE,TRUE,FALSE,FALSE,FALSE,FALSE,FALSE,FALSE,FALSE,FALSE,FALSE,0.008896093,12066.26293,FALSE,FALSE,0.007498521,TRUE,FALSE
8800,1,1.24E+18,208.36041,5.2075,824,12.6,1.2,0.08910972,0.04580935,0.6123674,8800,N5338,208.352905,5.2075,208.360413,5.2075,824,181,7.49,1,0.010755423,8800,52.23916517,8.958577,0.10962421,9.103056479,0.08272324,-1.3786945,0.08306396,7.49,0.1,-10.337272,0.239003321,FALSE,0.239003321,9.50E+08,FALSE,FALSE,FALSE,TRUE,FALSE,FALSE,FALSE,FALSE,FALSE,FALSE,FALSE,FALSE,FALSE,FALSE,0.002209704,195570.4856,FALSE,FALSE,0.002748568,TRUE,FALSE
8805,1,1.24E+18,208.32417,33.49028,2383,37.8,2.4,0.06841816,0.03517228,0.6052231,8805,N5347,208.326248,33.486389,208.324173,33.490276,2383,101,9.58,1,0.016984865,8805,52.75514687,10.264053,0.092041925,9.981626457,0.055148549,0.5712455,0.055149604,9.58,0.07,-9.692808,-0.365325682,TRUE,0.365325682,2.34E+10,FALSE,FALSE,FALSE,FALSE,TRUE,FALSE,FALSE,FALSE,FALSE,FALSE,FALSE,TRUE,FALSE,FALSE,0.010091726,9376.493243,TRUE,FALSE,0.007948832,FALSE,TRUE
8821,1,1.24E+18,208.54666,5.22667,1450,16.7,3.5,0.09538157,0.04903358,0.225335,8821,N5348,208.549164,5.224167,208.546661,5.226667,1450,184,9.06,1,0.011379475,8821,76.97748688,9.073093,0.27684528,9.235735086,0.182040055,-1.7078829,0.18436857,9.06,0.19,-10.780976,0.041589924,FALSE,0.041589924,2.71E+09,FALSE,FALSE,TRUE,FALSE,FALSE,FALSE,FALSE,FALSE,FALSE,FALSE,FALSE,FALSE,FALSE,FALSE,0.00411405,56419.89477,FALSE,FALSE,0.004836679,TRUE,FALSE
8831,1,1.24E+18,208.74332,5.33333,1367,28.2,5.7,0.08300757,0.04267237,0.3431612,8831,N5356,208.741257,5.333611,208.743317,5.333333,1367,278,8.96,1,0.015240481,8831,69.93047014,9.998433,0.23140651,10.13917339,0.175565918,-0.6964172,0.17576057,8.96,0.18,-10.69485,0.082882903,FALSE,0.082882903,1.12E+10,FALSE,FALSE,TRUE,FALSE,FALSE,FALSE,FALSE,FALSE,FALSE,FALSE,FALSE,FALSE,FALSE,FALSE,0.005194533,35389.81982,FALSE,FALSE,0.004559821,TRUE,FALSE
8838,1,1.24E+18,208.91125,4.98472,1170,22.2,4.4,0.09630358,0.04950756,0.2899794,8838,N5360,208.907089,4.989722,208.911255,4.984723,1170,77,7.81,1,0.02093308,8838,73.14333905,8.869084,0.24457397,9.160170263,0.172153839,-1.498669,0.17394634,7.85,0.18,-10.367753,-0.199918808,FALSE,0.199918808,8.26E+08,FALSE,FALSE,FALSE,TRUE,FALSE,FALSE,FALSE,FALSE,FALSE,FALSE,FALSE,FALSE,FALSE,FALSE,0.006106584,25607.9456,FALSE,FALSE,0.0039027,TRUE,FALSE
8847,1,1.24E+18,209.03041,5.25472,1132,22.2,4.4,0.08916935,0.04584001,0.9998874,8847,N5363,209.009995,5.261667,209.030411,5.254722,1132,577,8.28,2,0.00804309,8847,0.859827374,7.5888495,0.1736549,9.673713964,0.172152775,-1.99446,0.17646305,8.34,0.18,-9.583309,2.592186002,TRUE,2.592186002,2.92E+08,FALSE,FALSE,FALSE,FALSE,TRUE,FALSE,FALSE,FALSE,FALSE,FALSE,FALSE,TRUE,FALSE,FALSE,0.002270119,185299.4021,TRUE,TRUE,0.003775946,FALSE,TRUE
8853,1,1.24E+18,209.05,5.01444,1240,22.2,4.4,0.089733,0.04612977,0.6659544,8853,N5364,209.045837,5.010833,209.050003,5.014444,1240,275,9.78,1,0.017975229,8853,48.24445468,10.063442,0.1826777,9.013478369,0.172152923,-1.795503,0.17401555,9.78,0.18,-11.858945,0.117319127,FALSE,0.117319127,1.96E+10,TRUE,FALSE,FALSE,FALSE,FALSE,FALSE,FALSE,FALSE,FALSE,FALSE,FALSE,FALSE,FALSE,FALSE,0.005557448,30918.64795,FALSE,FALSE,0.004136195,TRUE,FALSE
8865,1,1.24E+18,209.23334,29.16389,2383,37.7,2.3,0.06953641,0.03574714,0.523108,8865,N5375,209.237076,29.167221,209.233337,29.163889,2383,288,9.6,1,0.010094625,8865,58.45908752,10.466917,0.10725797,9.636341168,0.05299102,-1.3610318,0.057998598,9.6,0.07,-11.827949,0.017766361,FALSE,0.017766361,3.46E+10,TRUE,FALSE,FALSE,FALSE,FALSE,FALSE,FALSE,FALSE,FALSE,FALSE,FALSE,FALSE,FALSE,FALSE,0.005997822,26545.09374,FALSE,FALSE,0.007948832,TRUE,FALSE
8899,1,1.24E+18,209.73,21.98806,2854,48.1,9.6,0.0766313,0.03939448,0.3243264,8899,132-066,209.735413,21.988056,209.729996,21.988056,2854,188,9.56,1,0.019638003,8899,71.0752899,9.055259,0.23477931,9.267330334,0.173367609,-1.5343403,0.20383571,9.56,0.18,-10.589599,-0.021891517,FALSE,0.021891517,5.96E+09,FALSE,FALSE,TRUE,FALSE,FALSE,FALSE,FALSE,FALSE,FALSE,FALSE,FALSE,FALSE,FALSE,FALSE,0.013974318,4890.014498,FALSE,FALSE,0.009519919,TRUE,FALSE
8915,1,1.24E+18,209.91084,26.22667,2352,37.3,2.3,0.05247507,0.02697628,0.449874,8915,,209.91626,26.226946,209.910843,26.226667,2352,158,9.29,1,0.01450864,8915,63.26445323,8.562074,0.12578237,8.677438527,0.053906881,-2.7668953,0.66890454,9.29,0.07,-11.328969,0.003719835,FALSE,0.003719835,2.96E+09,FALSE,TRUE,FALSE,FALSE,FALSE,FALSE,FALSE,FALSE,FALSE,FALSE,FALSE,FALSE,FALSE,FALSE,0.008508311,13191.21151,FALSE,FALSE,0.007845428,TRUE,FALSE
8995,1,1.24E+18,211.19708,8.80056,1235,21.9,4.6,0.08747402,0.04496847,0.3357221,8995,074-083,211.199173,8.797778,211.197083,8.800556,1235,160,9.11,1,0.017923999,8995,70.383605,8.7910385,0.23851134,9.062654607,0.182446819,-2.3964436,0.2856173,9.11,0.19,-11.187482,0.011893388,FALSE,0.011893388,2.33E+09,FALSE,TRUE,FALSE,FALSE,FALSE,FALSE,FALSE,FALSE,FALSE,FALSE,FALSE,FALSE,FALSE,FALSE,0.005519264,31347.93887,FALSE,FALSE,0.004119517,TRUE,FALSE
9020,1,1.24E+18,211.63251,6.02917,1021,20.9,3.9,0.09202248,0.04730674,0.1513522,9020,N5470,211.633347,6.029445,211.632507,6.029167,1021,254,8.64,1,0.015231323,9020,81.29477201,9.785022,0.30963147,9.703687367,0.162081388,-1.1010526,0.16258878,8.76,0.17,-10.886074,0.077445375,FALSE,0.077445375,6.68E+09,FALSE,FALSE,TRUE,FALSE,FALSE,FALSE,FALSE,FALSE,FALSE,FALSE,FALSE,FALSE,FALSE,FALSE,0.003877419,63516.41655,FALSE,FALSE,0.003405689,TRUE,FALSE
9024,1,1.24E+18,211.66875,22.06972,2322,20.7,4.4,0.09241866,0.0475104,0.6396117,9024,,211.674164,22.068611,211.668747,22.069723,2322,114,9.04,1,0.014724577,9024,50.2371714,8.327211,0.19614428,8.463157752,0.184635941,-3.0592577,0.43542036,9.04,0.19,-11.386469,-0.010865946,FALSE,0.010865946,1.67E+09,FALSE,TRUE,FALSE,FALSE,FALSE,FALSE,FALSE,FALSE,FALSE,FALSE,FALSE,FALSE,FALSE,FALSE,0.008524803,13140.22019,FALSE,FALSE,0.007745358,TRUE,FALSE
9065,1,1.24E+18,212.64667,19.61194,2268,36,2.3,0.1333229,0.06853837,0.2765096,9065,N5492,212.643753,19.609722,212.646667,19.611944,2268,352,9.6,1,0.017631205,9065,73.94806578,10.084388,0.18896815,10.16693608,0.055493328,-0.53439504,0.055850636,9.6,0.07,-10.618783,0.127142874,FALSE,0.127142874,1.74E+10,FALSE,FALSE,TRUE,FALSE,FALSE,FALSE,FALSE,FALSE,FALSE,FALSE,FALSE,FALSE,FALSE,FALSE,0.009970212,9606.443611,FALSE,FALSE,0.007565234,TRUE,FALSE
9119,1,1.24E+18,213.71834,25.31722,1044,21,4.4,0.06267237,0.03221849,0.3954223,9119,N5523,213.715012,25.319723,213.718338,25.317223,1044,262,9.56,1,0.012609527,9119,66.70774191,9.477641,0.2244226,9.598206233,0.181990209,-1.6357155,0.18450807,9.56,0.19,-11.113357,0.105459306,FALSE,0.105459306,7.83E+09,FALSE,TRUE,FALSE,FALSE,FALSE,FALSE,FALSE,FALSE,FALSE,FALSE,FALSE,FALSE,FALSE,FALSE,0.003282303,88636.81441,FALSE,FALSE,0.003482409,TRUE,FALSE
9126,1,1.24E+18,213.91917,16.54889,2270,35.9,2.2,0.07039434,0.03618819,0.5168609,9126,DDO188,213.918335,16.555832,213.919174,16.548889,2270,101,9.23,1,0.014265233,9126,58.87812829,8.072963,0.11071508,8.658595747,0.053398115,-2.0196736,0.16456288,9.23,0.07,-10.092636,-0.148480364,FALSE,0.148480364,2.38E+09,FALSE,FALSE,FALSE,TRUE,FALSE,FALSE,FALSE,FALSE,FALSE,FALSE,FALSE,FALSE,FALSE,FALSE,0.008073913,14648.84133,FALSE,FALSE,0.007571905,TRUE,FALSE
9164,1,1.24E+18,214.6796,21.81722,2584,40.4,2.3,0.1168739,0.06008233,0.6862566,9164,133-029,214.682098,21.81361,214.679596,21.817223,2584,128,9.62,1,0.017186016,9164,46.66552749,8.477201,0.07562444,8.850207666,0.049524557,-2.1776984,0.24466261,9.62,0.07,-10.6549,-0.07251195,FALSE,0.07251195,5.84E+09,FALSE,FALSE,TRUE,FALSE,FALSE,FALSE,FALSE,FALSE,FALSE,FALSE,FALSE,FALSE,FALSE,FALSE,0.011072535,7788.92077,FALSE,FALSE,0.008619296,TRUE,FALSE
9169,1,1.24E+18,214.93625,9.36222,1283,15.6,2.9,0.1060379,0.05451176,0.3499425,9169,075-008,214.941238,9.364445,214.936249,9.362223,1283,140,9.5,1,0.011369126,9169,69.51626052,8.486423,0.21910371,8.59793043,0.1614735,-2.0366619,0.16746293,9.17,0.17,-10.523085,-0.115393042,FALSE,0.115393042,4.51E+09,FALSE,FALSE,TRUE,FALSE,FALSE,FALSE,FALSE,FALSE,FALSE,FALSE,FALSE,FALSE,FALSE,FALSE,0.003636914,72194.69007,FALSE,FALSE,0.004279627,TRUE,FALSE
9172,1,1.24E+18,215.01834,3.99222,1726,25.7,4.2,0.1000063,0.05141103,0.3454546,9172,N5560,215.022919,3.985833,215.018341,3.992222,1726,233,9.05,1,0.008045942,9172,69.79051025,9.955311,0.20638092,9.201406031,0.141948514,-0.8235861,0.14198236,9.05,0.15,-10.778897,0.013217361,FALSE,0.013217361,1.05E+10,FALSE,FALSE,TRUE,FALSE,FALSE,FALSE,FALSE,FALSE,FALSE,FALSE,FALSE,FALSE,FALSE,FALSE,0.003462558,79648.454,FALSE,FALSE,0.005757316,TRUE,FALSE
9175,1,1.24E+18,215.08333,3.93306,1490,25.7,4.3,0.1023231,0.05260208,0.76386,9175,N5566,215.078751,3.928334,215.083328,3.933056,1490,415,9.24,1,0.016092113,9175,40.19435503,10.746178,0.15193526,10.09266999,0.145328116,-1.2179606,0.14554773,9.24,0.15,-11.964138,0.240988258,FALSE,0.240988258,5.81E+10,TRUE,FALSE,FALSE,FALSE,FALSE,FALSE,FALSE,FALSE,FALSE,FALSE,FALSE,FALSE,FALSE,FALSE,0.005978313,26718.6213,FALSE,FALSE,0.004970105,TRUE,FALSE
9176,1,1.24E+18,215.13374,3.98278,1769,25.7,4.2,0.101274,0.05206277,0.7629442,9176,N5569,215.136246,3.981667,215.133743,3.982778,1769,84,9.15,1,0.012958291,9176,40.27558994,8.918676,0.14862803,9.154103785,0.14195169,-1.7295667,0.15272442,9.14,0.15,-10.648243,-0.120711177,FALSE,0.120711177,2.71E+09,FALSE,FALSE,TRUE,FALSE,FALSE,FALSE,FALSE,FALSE,FALSE,FALSE,FALSE,FALSE,FALSE,FALSE,0.005715509,29232.20701,FALSE,FALSE,0.005900749,TRUE,FALSE
9183,1,1.24E+18,215.26459,3.27056,1403,25.1,2.6,0.1012722,0.05206182,0.7218027,9183,N5576,215.279587,3.262778,215.264587,3.270555,1403,223,8.28,1,0.020982382,9183,43.79652105,10.516566,0.10349525,10.01453133,0.089973363,-1.6424711,0.09271004,8.28,0.11,-12.159038,0.001873318,FALSE,0.001873318,3.31E+10,TRUE,FALSE,FALSE,FALSE,FALSE,FALSE,FALSE,FALSE,FALSE,FALSE,FALSE,FALSE,FALSE,FALSE,0.007339928,17725.06382,FALSE,FALSE,0.004679904,TRUE,FALSE
9187,1,1.24E+18,215.30501,3.43556,1489,26.4,5.3,0.1354387,0.06962606,0.375816,9187,N5577,215.302917,3.435833,215.305008,3.435556,1489,242,9.27,1,0.016093907,9187,67.92530178,9.749481,0.22253758,9.920358447,0.174375941,-0.77619666,0.17458963,9.27,0.18,-10.525678,0.063560261,FALSE,0.063560261,8.09E+09,FALSE,FALSE,TRUE,FALSE,FALSE,FALSE,FALSE,FALSE,FALSE,FALSE,FALSE,FALSE,FALSE,FALSE,0.005974967,26748.55699,FALSE,FALSE,0.004966769,TRUE,FALSE
9202,1,1.24E+18,215.54459,13.9175,2303,36.1,4.2,0.07623056,0.03918846,0.4242436,9202,N5587,215.545425,13.916945,215.544586,13.9175,2303,389,9.44,1,0.01397726,9202,64.89725967,10.189631,0.1581648,10.26698189,0.101054736,-1.000835,0.10303492,9.44,0.11,-11.190466,0.186275597,FALSE,0.186275597,1.91E+10,FALSE,TRUE,FALSE,FALSE,FALSE,FALSE,FALSE,FALSE,FALSE,FALSE,FALSE,FALSE,FALSE,FALSE,0.008025929,14824.52425,FALSE,FALSE,0.007681981,TRUE,FALSE
9206,1,1.24E+18,215.61417,15.085,2288,36.2,4.3,0.0832078,0.04277531,0.674459,9206,104-010,215.615005,15.083055,215.614166,15.085,2288,80,8.84,1,0.013903787,9206,47.58788767,8.809922,0.11903949,9.385070664,0.103176675,-1.0524998,0.1044852,8.84,0.11,-9.862422,-0.140112956,FALSE,0.140112956,1.57E+09,FALSE,FALSE,FALSE,FALSE,TRUE,FALSE,FALSE,FALSE,FALSE,FALSE,FALSE,FALSE,FALSE,FALSE,0.00793174,15178.69646,FALSE,FALSE,0.007631946,TRUE,FALSE
9215,1,1.24E+18,215.86375,1.72556,1387,24.7,5,0.1064534,0.05472537,0.4627633,9215,019-012,215.865417,1.724445,215.863754,1.725556,1387,217,9.52,1,0.020360058,9215,62.43449029,9.107499,0.20722991,9.520758306,0.175828153,-0.5397029,0.17586859,9.52,0.18,-9.647202,0.073821647,FALSE,0.073821647,5.68E+09,FALSE,FALSE,FALSE,FALSE,TRUE,FALSE,FALSE,FALSE,FALSE,FALSE,FALSE,FALSE,FALSE,FALSE,0.007041007,19262.01801,FALSE,FALSE,0.004626534,TRUE,FALSE
9220,1,1.24E+18,215.95584,14.63889,2312,36.2,4.2,0.06822196,0.03507141,0.8719226,9220,N5600,215.953751,14.641944,215.955841,14.638888,2312,70,9.29,1,0.007998265,9220,29.31719225,10.01475,0.10515454,9.64542299,0.100775606,-0.19306895,0.10078904,9.29,0.11,-10.207818,-0.2490427,FALSE,0.2490427,1.29E+10,FALSE,FALSE,FALSE,TRUE,FALSE,FALSE,FALSE,FALSE,FALSE,FALSE,FALSE,FALSE,FALSE,FALSE,0.004610658,44920.59401,FALSE,FALSE,0.007712002,TRUE,FALSE
9252,1,1.24E+18,216.795,5.135,1585,26.1,2.3,0.09179717,0.04719092,0.2999985,9252,047-042,216.792496,5.131945,216.794998,5.135,1585,86,8.57,1,0.007171103,9252,72.54254824,8.256907,0.18555397,8.442812285,0.076653837,-3.4500043,0.9246966,8.57,0.09,-11.706912,-0.128607008,FALSE,0.128607008,6.75E+08,TRUE,FALSE,FALSE,FALSE,FALSE,FALSE,FALSE,FALSE,FALSE,FALSE,FALSE,FALSE,FALSE,FALSE,0.002833965,118900.1149,FALSE,FALSE,0.005286991,TRUE,FALSE
9273,1,1.24E+18,217.045,13.55167,1287,11.2,2.3,0.06622385,0.03404423,0.5791334,9273,075-042,217.044159,13.552222,217.044998,13.551667,1287,86,7.81,1,0.012869873,9273,54.61043246,7.783208,0.19520073,8.075849853,0.178378406,-2.3158937,0.18157834,7.81,0.19,-10.099102,0.105414574,FALSE,0.105414574,1.47E+08,FALSE,FALSE,FALSE,TRUE,FALSE,FALSE,FALSE,FALSE,FALSE,FALSE,FALSE,FALSE,FALSE,FALSE,0.00412983,55989.5674,FALSE,FALSE,0.00429297,TRUE,FALSE
9274,1,1.24E+18,217.0079,21.3025,1150,21.1,2.4,0.1332916,0.0685223,0.4055368,9274,133-061,217.008331,21.30361,217.007904,21.3025,1150,99,8.64,1,0.013416125,9274,66.07528565,8.95747,0.16145033,9.193463765,0.098799378,-1.2743431,0.10013273,8.64,0.11,-10.231813,-0.134734062,FALSE,0.134734062,1.49E+09,FALSE,FALSE,FALSE,TRUE,FALSE,FALSE,FALSE,FALSE,FALSE,FALSE,FALSE,FALSE,FALSE,FALSE,0.003846841,64530.1769,FALSE,FALSE,0.003835987,TRUE,FALSE
9275,1,1.24E+18,217.07709,13.78,1287,22.8,4.2,0.07454265,0.03832075,0.65601,9275,I1014,217.074997,13.780556,217.077087,13.78,1287,199,9.5,1,0.010489149,9275,49.00376345,9.351311,0.17194282,9.509717599,0.160003851,-1.3092837,0.16141926,9.5,0.17,-10.660595,0.092349096,FALSE,0.092349096,6.45E+09,FALSE,FALSE,TRUE,FALSE,FALSE,FALSE,FALSE,FALSE,FALSE,FALSE,FALSE,FALSE,FALSE,FALSE,0.003365876,84289.81977,FALSE,FALSE,0.00429297,TRUE,FALSE
9282,1,1.24E+18,217.17166,21.33972,1133,20.8,2.4,0.1428924,0.07345783,0.5216955,9282,133-066,217.171234,21.33639,217.171661,21.339724,1133,64,8.46,1,0.014785257,9282,58.55399831,8.220062,0.13713469,8.385177441,0.100285686,-2.0846376,0.12928128,8.46,0.11,-10.3047,-0.186127155,FALSE,0.186127155,5.50E+08,FALSE,FALSE,FALSE,TRUE,FALSE,FALSE,FALSE,FALSE,FALSE,FALSE,FALSE,FALSE,FALSE,FALSE,0.004176746,54738.78492,FALSE,FALSE,0.003779281,TRUE,FALSE
9285,1,1.24E+18,217.26625,3.14889,1859,23.3,4.6,0.09843888,0.05060527,0.2842391,9285,047-058,217.265839,3.146389,217.266251,3.148889,1859,153,8.44,1,0.005087327,9285,73.48669076,8.916239,0.24607384,8.999453988,0.171484474,-2.125022,0.20320967,8.44,0.18,-11.041261,0.05772787,FALSE,0.05772787,1.19E+09,FALSE,TRUE,FALSE,FALSE,FALSE,FALSE,FALSE,FALSE,FALSE,FALSE,FALSE,FALSE,FALSE,FALSE,0.002358025,171741.2585,FALSE,FALSE,0.006200957,TRUE,FALSE
9299,1,1.24E+18,217.39459,-0.01861,1539,28.7,5.6,0.144207,0.07413365,0.5214334,9299,019-044,217.397095,-0.018056,217.394592,-0.018611,1539,194,9.95,1,0.008049844,9299,58.57159914,8.896916,0.19359207,9.1991209,0.169484707,-1.3349831,0.1724992,9.95,0.17,-10.231899,-0.045040301,FALSE,0.045040301,1.26E+10,FALSE,FALSE,FALSE,TRUE,FALSE,FALSE,FALSE,FALSE,FALSE,FALSE,FALSE,FALSE,FALSE,FALSE,0.003088911,100083.0566,FALSE,FALSE,0.005133551,TRUE,FALSE
9305,1,1.24E+18,217.41833,4.0625,2362,36.2,2.4,0.09552288,0.04910622,0.2737536,9305,,217.417084,4.065,217.418335,4.0625,2362,141,8.98,1,0.017954773,9305,74.11231197,8.155511,0.19057031,8.558521134,0.057707128,-3.2031608,0.8224869,8.98,0.07,-11.358671,0.00229628,FALSE,0.00229628,1.41E+09,FALSE,TRUE,FALSE,FALSE,FALSE,FALSE,FALSE,FALSE,FALSE,FALSE,FALSE,FALSE,FALSE,FALSE,0.010573996,8540.692864,FALSE,FALSE,0.007878784,TRUE,FALSE
9310,1,1.24E+18,217.50417,3.22028,1848,27.6,4.1,0.1137455,0.05847406,0.3499572,9310,047-065,217.503754,3.219722,217.504166,3.220278,1848,138,9.16,1,0.016079355,9310,69.51536142,9.018919,0.19624761,9.127437233,0.129034295,-1.9109753,0.1612335,9.11,0.14,-10.929894,-0.076117292,FALSE,0.076117292,2.97E+09,FALSE,FALSE,TRUE,FALSE,FALSE,FALSE,FALSE,FALSE,FALSE,FALSE,FALSE,FALSE,FALSE,FALSE,0.007408835,17396.88719,FALSE,FALSE,0.006164264,TRUE,FALSE
9311,1,1.24E+18,217.50749,3.7725,1715,37.3,7.5,0.1093422,0.05621045,0.3502781,9311,I1022,217.508759,3.775278,217.507492,3.7725,1715,207,9.22,1,0.007184399,9311,69.49573281,9.314306,0.22879982,9.509150105,0.174650537,-1.2223586,0.17745285,9.22,0.18,-10.536665,0.060517415,FALSE,0.060517415,4.27E+09,FALSE,FALSE,TRUE,FALSE,FALSE,FALSE,FALSE,FALSE,FALSE,FALSE,FALSE,FALSE,FALSE,FALSE,0.00307209,101182.0775,FALSE,FALSE,0.005720624,TRUE,FALSE
9328,1,1.24E+18,217.66499,7.27472,1367,15.1,2.9,0.08957356,0.04604781,0.6933432,9328,N5645,217.664169,7.270278,217.664993,7.274723,1367,185,9.06,1,0.015212158,9328,46.10470068,9.0894785,0.17591898,8.455778621,0.166815553,-1.4872097,0.16692606,9.06,0.17,-10.576688,0.173122014,FALSE,0.173122014,2.76E+09,FALSE,FALSE,TRUE,FALSE,FALSE,FALSE,FALSE,FALSE,FALSE,FALSE,FALSE,FALSE,FALSE,FALSE,0.00518488,35521.72471,FALSE,FALSE,0.004559821,TRUE,FALSE
9341,1,1.24E+18,217.8629,3.00806,1459,27.6,4.1,0.09717697,0.04995655,0.3614737,9341,I1024,217.868744,3.009444,217.8629,3.008055,1459,213,9.1,1,0.018,9341,68.80932952,9.637657,0.19298182,10.06051333,0.129029561,0.082420975,0.12903251,9.22,0.14,-9.555236,0.037670302,FALSE,0.037670302,6.02E+09,FALSE,FALSE,FALSE,FALSE,TRUE,FALSE,FALSE,FALSE,FALSE,FALSE,FALSE,FALSE,FALSE,FALSE,0.006547977,22271.89315,FALSE,FALSE,0.0048667,TRUE,FALSE
9345,1,1.24E+18,217.93375,6.15806,2328,36.1,4.5,0.1042902,0.05361333,0.2002187,9345,047-079,217.938324,6.166667,217.933746,6.158056,2328,180,9.17,1,0.020306006,9345,78.45031796,8.75546,0.24963646,8.998822407,0.108290872,-2.9907517,0.7254309,9.17,0.12,-11.746212,0.0368032,FALSE,0.0368032,2.54E+09,TRUE,FALSE,FALSE,FALSE,FALSE,FALSE,FALSE,FALSE,FALSE,FALSE,FALSE,FALSE,FALSE,FALSE,0.011786553,6873.81368,FALSE,FALSE,0.007765372,TRUE,FALSE
9346,1,1.24E+18,217.98917,6.25,2353,48.5,9.1,0.1029738,0.05293658,0.4139416,9346,N5661,217.98999,6.248055,217.989166,6.25,2353,253,10.07,1,0.014314411,9346,65.5473737,9.711327,0.20539756,10.14731571,0.162972651,-0.026119307,0.16302168,10.07,0.17,-9.737446,-0.01171453,FALSE,0.01171453,2.08E+10,FALSE,FALSE,FALSE,FALSE,TRUE,FALSE,FALSE,FALSE,FALSE,FALSE,FALSE,FALSE,FALSE,FALSE,0.008397978,13540.10115,FALSE,FALSE,0.007848763,TRUE,FALSE
9348,1,1.24E+18,218.11833,0.29389,1673,25.9,4.3,0.1281814,0.06589527,0.223776,9348,019-057a,218.121262,0.289444,218.118332,0.293889,1673,205,8.86,1,0.00804976,9348,77.06915209,9.309226,0.2544491,9.493882263,0.1442064,-1.1882161,0.14526215,8.83,0.15,-10.497442,0.077283604,FALSE,0.077283604,3.00E+09,FALSE,FALSE,FALSE,TRUE,FALSE,FALSE,FALSE,FALSE,FALSE,FALSE,FALSE,FALSE,FALSE,FALSE,0.003357826,84694.45582,FALSE,FALSE,0.005580527,TRUE,FALSE
9352,1,1.24E+18,218.1071,8.07861,2218,18.2,3.8,0.08271693,0.04252296,0.7310827,9352,N5665,218.106247,8.083889,218.107101,8.078611,2218,150,8.72,1,0.00506597,9352,43.02279877,9.444057,0.18792203,8.849993412,0.181353872,-0.41799834,0.18135493,8.72,0.19,-9.862056,0.080500736,FALSE,0.080500736,3.48E+09,FALSE,FALSE,FALSE,FALSE,TRUE,FALSE,FALSE,FALSE,FALSE,FALSE,FALSE,FALSE,FALSE,FALSE,0.002801583,121664.6518,FALSE,FALSE,0.007398452,TRUE,FALSE
9353,1,1.24E+18,218.18251,9.89139,1368,15.6,2.8,0.08980315,0.04616583,0.7172135,9353,N5669,218.1875,9.895278,218.18251,9.891389,1368,194,9.34,1,0.0036,9353,44.17513886,9.005662,0.16420569,9.279514979,0.15590085,-1.2392927,0.15610814,9.34,0.16,-10.244955,0.169972424,FALSE,0.169972424,3.92E+09,FALSE,FALSE,FALSE,TRUE,FALSE,FALSE,FALSE,FALSE,FALSE,FALSE,FALSE,FALSE,FALSE,FALSE,0.001227914,633337.9793,FALSE,FALSE,0.004563157,TRUE,FALSE
9356,1,1.24E+18,218.22293,11.59472,2226,35,4.4,0.08701468,0.04473234,0.4563741,9356,075-065,218.233337,11.597777,218.222931,11.594722,2226,235,9.63,1,0.008017261,9356,62.84667194,8.509319,0.15606429,9.236515473,0.109212553,-1.233476,0.11298204,9.63,0.12,-9.742795,0.101017627,FALSE,0.101017627,6.00E+09,FALSE,FALSE,FALSE,FALSE,TRUE,FALSE,FALSE,FALSE,FALSE,FALSE,FALSE,FALSE,FALSE,FALSE,0.004449698,48229.23397,FALSE,FALSE,0.007425137,TRUE,FALSE
9360,1,1.24E+18,218.28835,10.51056,2225,34.9,4.3,0.09002901,0.04628194,0.8798603,9360,N5666,218.289581,10.5125,218.288345,10.510555,2225,192,9.18,1,0.02524319,9360,28.37450788,9.894004,0.110911176,10.05887078,0.107018186,-0.4407814,0.10709935,9.18,0.12,-10.334785,0.231777235,FALSE,0.231777235,9.85E+09,FALSE,FALSE,FALSE,TRUE,FALSE,FALSE,FALSE,FALSE,FALSE,FALSE,FALSE,FALSE,FALSE,FALSE,0.014004048,4869.274134,FALSE,FALSE,0.007421801,TRUE,FALSE
9363,1,1.24E+18,218.35126,4.45,1583,27.8,4.4,0.1208514,0.06212708,0.9295653,9363,N5668,218.352921,4.451944,218.351257,4.45,1583,97,9.8,1,0.010767443,9363,21.63286397,9.741519,0.13979872,8.844041913,0.137475818,-1.7055061,0.14121623,9.86,0.14,-11.447025,0.008057491,FALSE,0.008057491,1.39E+10,FALSE,TRUE,FALSE,FALSE,FALSE,FALSE,FALSE,FALSE,FALSE,FALSE,FALSE,FALSE,FALSE,FALSE,0.004249842,52871.99963,FALSE,FALSE,0.00528032,TRUE,FALSE
9364,1,1.24E+18,218.34,6.87694,2158,36.2,4.3,0.09582264,0.04926032,0.4499663,9364,047-091,218.340424,6.88,218.339996,6.876945,2158,175,9.22,1,0.022986672,9364,63.25853162,9.065194,0.15335667,9.314938218,0.103181735,-1.3852267,0.11397823,9.28,0.11,-10.45042,0.033994613,FALSE,0.033994613,3.37E+09,FALSE,FALSE,FALSE,TRUE,FALSE,FALSE,FALSE,FALSE,FALSE,FALSE,FALSE,FALSE,FALSE,FALSE,0.01236821,6242.487048,FALSE,FALSE,0.007198313,TRUE,FALSE
9380,1,1.24E+18,218.66167,4.26028,1682,27.8,4.4,0.1073611,0.055192,0.3544415,9380,047-104,218.664169,4.256667,218.661667,4.260278,1682,95,9.13,1,0.012955165,9380,69.24083939,7.790278,0.20069951,8.291327374,0.137698642,-3.2592857,0.82494795,9.15,0.14,-11.049563,-0.186545785,FALSE,0.186545785,1.86E+09,FALSE,TRUE,FALSE,FALSE,FALSE,FALSE,FALSE,FALSE,FALSE,FALSE,FALSE,FALSE,FALSE,FALSE,0.005433107,32350.04195,FALSE,FALSE,0.005610548,TRUE,FALSE
9389,1,1.24E+18,218.88832,12.9075,1823,29.2,5.8,0.08691826,0.04468277,0.2813952,9389,075-082,218.885406,12.909166,218.888321,12.907499,1823,232,9.64,1,0.005027258,9389,73.65656996,9.069723,0.24784727,9.390090216,0.172529232,-1.2784649,0.1748713,9.64,0.18,-10.348188,0.046152926,FALSE,0.046152926,6.98E+09,FALSE,FALSE,FALSE,TRUE,FALSE,FALSE,FALSE,FALSE,FALSE,FALSE,FALSE,FALSE,FALSE,FALSE,0.002285058,182884.5606,FALSE,FALSE,0.006080873,TRUE,FALSE
9394,1,1.24E+18,218.91624,13.17,1799,27.7,5.8,0.07346088,0.03776463,0.3418738,9394,075-084,218.914154,13.165833,218.916245,13.17,1799,183,9.52,1,0.01752657,9394,70.00898186,8.406067,0.23640403,9.018361658,0.181877523,-1.846022,0.20617668,9.52,0.19,-10.252089,-0.003914668,FALSE,0.003914668,4.66E+09,FALSE,FALSE,FALSE,TRUE,FALSE,FALSE,FALSE,FALSE,FALSE,FALSE,FALSE,FALSE,FALSE,FALSE,0.007861536,15450.99807,FALSE,FALSE,0.006000818,TRUE,FALSE
9416,1,1.24E+18,219.42166,2.29111,1752,20,3.9,0.1273334,0.06545933,0.2920925,9416,N5690,219.419174,2.290833,219.421661,2.291111,1752,304,9.49,1,0.005089134,9416,73.01678912,9.486987,0.24199887,10.28100693,0.169374988,-0.43022686,0.16939609,9.49,0.18,-9.917214,0.161934713,FALSE,0.161934713,7.18E+09,FALSE,FALSE,FALSE,FALSE,TRUE,FALSE,FALSE,FALSE,FALSE,FALSE,FALSE,FALSE,FALSE,FALSE,0.002223091,193222.0797,FALSE,FALSE,0.005844043,TRUE,FALSE
9427,1,1.24E+18,219.57541,3.40972,1594,28,4.3,0.122465,0.06295659,0.751671,9427,N5692,219.575409,3.415278,219.575409,3.409722,1594,153,8.79,1,0.008046997,9427,41.26470173,9.1036415,0.14108863,9.68435957,0.133390569,-0.47172394,0.13342178,8.85,0.14,-9.575365,0.159148311,FALSE,0.159148311,2.09E+09,FALSE,FALSE,FALSE,FALSE,TRUE,FALSE,FALSE,FALSE,FALSE,FALSE,FALSE,FALSE,FALSE,FALSE,0.00319817,93361.62784,FALSE,FALSE,0.005317012,TRUE,FALSE
9432,1,1.24E+18,219.76875,2.94944,1568,28,4.2,0.09743121,0.05008725,0.706494,9432,047-125,219.764999,2.951111,219.768753,2.949445,1568,103,9.09,1,0.02098407,9432,45.04966928,8.041134,0.14083014,8.568530102,0.13035337,-1.7247714,0.14803873,9.17,0.14,-9.765905,-0.023834175,FALSE,0.023834175,1.75E+09,FALSE,FALSE,FALSE,FALSE,TRUE,FALSE,FALSE,FALSE,FALSE,FALSE,FALSE,FALSE,FALSE,FALSE,0.008203801,14188.65272,FALSE,FALSE,0.005230285,TRUE,FALSE
9436,1,1.24E+18,219.79582,5.36306,1505,25.8,4.3,0.1245181,0.06401201,0.7216045,9436,N5701,219.796249,5.368611,219.795822,5.363055,1505,120,9.98,1,0.01937491,9436,43.81292671,10.564683,0.15356684,9.683069373,0.144764841,-1.8624831,0.15002063,10.01,0.15,-12.427166,-0.310841974,TRUE,0.310841974,4.94E+10,TRUE,FALSE,FALSE,FALSE,FALSE,FALSE,FALSE,TRUE,FALSE,FALSE,FALSE,FALSE,FALSE,FALSE,0.007270353,18065.93074,TRUE,FALSE,0.00502014,FALSE,TRUE
9465,1,1.24E+18,220.10916,33.98806,1491,43.1,8.8,0.05003584,0.02572233,0.4672619,9465,N5727,220.109161,33.992779,220.109161,33.988056,1491,188,9.41,1,0.01470612,9465,62.14334566,9.430608,0.20785327,9.69635843,0.177347703,-0.8660383,0.17902175,9.85,0.18,-10.296646,0.00477955,FALSE,0.00477955,6.11E+09,FALSE,FALSE,FALSE,TRUE,FALSE,FALSE,FALSE,FALSE,FALSE,FALSE,FALSE,FALSE,FALSE,FALSE,0.005467076,31949.29141,FALSE,FALSE,0.004973441,TRUE,FALSE
9466,1,1.24E+18,220.24292,2.18611,1626,27.9,4.3,0.1413448,0.07266228,0.4914372,9466,N5725,220.241257,2.184444,220.24292,2.186111,1626,140,8.84,1,0.0036,9466,60.56496275,9.089016,0.1680359,9.6743805,0.133876842,-1.537301,0.14166328,8.89,0.14,-10.626317,-0.003123592,FALSE,0.003123592,2.15E+09,FALSE,FALSE,TRUE,FALSE,FALSE,FALSE,FALSE,FALSE,FALSE,FALSE,FALSE,FALSE,FALSE,FALSE,0.001459494,448297.8379,FALSE,FALSE,0.005423752,TRUE,FALSE
9470,1,1.24E+18,220.45375,0.6875,1890,27.8,4.3,0.1500579,0.07714149,0.4432614,9470,019-082,220.452499,0.688611,220.453751,0.6875,1890,128,9,1,0.003599741,9470,63.68789661,8.814899,0.17721908,8.996313946,0.134362418,-1.8568429,0.1649888,8.94,0.14,-10.671742,-0.045905237,FALSE,0.045905237,1.98E+09,FALSE,FALSE,TRUE,FALSE,FALSE,FALSE,FALSE,FALSE,FALSE,FALSE,FALSE,FALSE,FALSE,FALSE,0.001696338,331853.6593,FALSE,FALSE,0.006304361,TRUE,FALSE
9482,1,1.24E+18,220.69499,0.66139,1801,27.8,4.4,0.1472032,0.07567395,0.2017778,9482,020-003,220.697083,0.660556,220.694992,0.661389,1801,171,9.05,1,0.008049416,9482,78.35912696,8.601167,0.26271662,8.800352185,0.137486889,-1.8141544,0.15394735,9.03,0.14,-10.415321,0.046535145,FALSE,0.046535145,1.89E+09,FALSE,FALSE,FALSE,TRUE,FALSE,FALSE,FALSE,FALSE,FALSE,FALSE,FALSE,FALSE,FALSE,FALSE,0.003614576,73089.76364,FALSE,FALSE,0.006007489,TRUE,FALSE
9493,1,1.24E+18,221.10167,1.67972,1570,27.9,4.3,0.1238271,0.06365681,0.6369769,9493,N5740,221.100845,1.684445,221.101669,1.679722,1570,333,9.65,1,0.008049153,9493,50.43328046,10.333341,0.14972933,9.633450705,0.133868581,-0.35376692,0.13387635,9.73,0.14,-10.687107,0.149392043,FALSE,0.149392043,2.75E+10,FALSE,FALSE,TRUE,FALSE,FALSE,FALSE,FALSE,FALSE,FALSE,FALSE,FALSE,FALSE,FALSE,FALSE,0.00315086,96186.26439,FALSE,FALSE,0.005236956,TRUE,FALSE
9499,1,1.24E+18,221.23209,1.955,1722,29.2,5.5,0.132183,0.06795239,0.4352018,9499,N5746,221.234589,1.956389,221.232086,1.955,1722,635,9.78,1,0.014391618,9499,64.20191881,10.879691,0.20199259,9.984680594,0.163604091,-1.0806481,0.16380283,9.78,0.17,-11.96034,0.241248947,FALSE,0.241248947,8.38E+10,TRUE,FALSE,FALSE,FALSE,FALSE,FALSE,FALSE,FALSE,FALSE,FALSE,FALSE,FALSE,FALSE,FALSE,0.006179056,25010.77725,FALSE,FALSE,0.005743974,TRUE,FALSE
9519,1,1.24E+18,221.58792,34.37028,1636,27.9,2.4,0.07202186,0.03702486,0.6138769,9519,192-059,221.594162,34.371944,221.587921,34.370277,1636,105,9.21,1,0.011201321,9519,52.12968493,9.883471,0.10352968,9.940129096,0.074717373,-0.912848,0.074992,9.2,0.09,-10.796318,-0.250243192,FALSE,0.250243192,9.80E+09,FALSE,FALSE,TRUE,FALSE,FALSE,FALSE,FALSE,FALSE,FALSE,FALSE,FALSE,FALSE,FALSE,FALSE,0.004569113,45741.20942,TRUE,FALSE,0.005457109,TRUE,FALSE
9535,1,1.24E+18,222.17709,12.45667,1794,29.3,2.2,0.1070568,0.05503558,0.8287691,9535,N5762,222.178757,12.457778,222.177094,12.456667,1794,184,9.41,1,0.017729979,9535,34.02752708,9.565248,0.07394861,9.763347077,0.065218522,-1.3568896,0.0705111,9.41,0.08,-10.922137,0.177944032,FALSE,0.177944032,7.09E+09,FALSE,FALSE,TRUE,FALSE,FALSE,FALSE,FALSE,FALSE,FALSE,FALSE,FALSE,FALSE,FALSE,FALSE,0.007930672,15182.78383,FALSE,FALSE,0.00598414,TRUE,FALSE
9536,1,1.24E+18,222.11292,31.79111,2878,45.1,2.2,0.04964701,0.02552244,0.3389821,9536,I4509,222.119171,31.787222,222.112915,31.791111,2878,187,9.04,1,0.015717376,9536,70.18518904,9.228141,0.1580598,9.53450499,0.042374182,-0.9727241,0.04644754,9.04,0.06,-10.200865,0.047506433,FALSE,0.047506433,3.15E+09,FALSE,FALSE,FALSE,TRUE,FALSE,FALSE,FALSE,FALSE,FALSE,FALSE,FALSE,FALSE,FALSE,FALSE,0.011278469,7507.080341,FALSE,FALSE,0.009599975,TRUE,FALSE
9560,1,1.24E+18,222.73582,35.57139,1209,22.3,4.3,0.04128633,0.0212244,0.7066032,9560,193-004,222.753754,35.57972,222.735825,35.571388,1209,100,8.85,1,0.016315642,9560,45.04082794,7.977092,0.17576793,8.70429392,0.167487072,-0.70212317,0.16749887,8.86,0.17,-8.6792145,0.020033483,FALSE,0.020033483,1.04E+09,FALSE,FALSE,FALSE,FALSE,FALSE,FALSE,TRUE,FALSE,FALSE,FALSE,FALSE,FALSE,FALSE,FALSE,0.004918241,39477.6954,FALSE,FALSE,0.00403279,TRUE,FALSE
9562,1,1.24E+18,222.81,35.54167,1251,22.3,4.3,0.04338319,0.02230235,0.8112416,9562,193-006,222.816254,35.549721,222.809998,35.541668,1251,181,9.08,1,0.009282407,9562,35.78261315,8.769014,0.17148827,9.033117009,0.167486684,-1.593132,0.1688414,9.07,0.17,-10.362146,0.279511371,FALSE,0.279511371,2.19E+09,FALSE,FALSE,FALSE,TRUE,FALSE,FALSE,FALSE,FALSE,FALSE,FALSE,FALSE,FALSE,FALSE,FALSE,0.002895324,113913.9458,TRUE,FALSE,0.004172887,TRUE,FALSE
9574,1,1.24E+18,223.27167,3.33111,1576,25.7,4.4,0.161936,0.08324774,0.4363958,9574,I1067,223.266663,3.311111,223.271667,3.331111,1576,206,9.28,1,0.01136689,9574,64.12591006,9.934688,0.18974765,9.946659022,0.14870792,-1.4166319,0.15242441,9.28,0.16,-11.351319,-0.028246328,FALSE,0.028246328,1.11E+10,FALSE,TRUE,FALSE,FALSE,FALSE,FALSE,FALSE,FALSE,FALSE,FALSE,FALSE,FALSE,FALSE,FALSE,0.004466601,47864.88144,FALSE,FALSE,0.00525697,TRUE,FALSE
9576,1,1.24E+18,223.42708,3.58194,1555,25.7,4.3,0.1375726,0.07072306,0.6435036,9576,N5774,223.436249,3.579444,223.427078,3.581944,1555,142,9.86,1,0.016093404,9576,49.94646915,8.795204,0.15944093,9.54913476,0.145328715,-1.034703,0.14588763,9.86,0.15,-9.829907,-0.110688511,FALSE,0.110688511,1.03E+10,FALSE,FALSE,FALSE,FALSE,TRUE,FALSE,FALSE,FALSE,FALSE,FALSE,FALSE,FALSE,FALSE,FALSE,0.006239613,24527.65982,FALSE,FALSE,0.005186922,TRUE,FALSE
9579,1,1.24E+18,223.48999,3.54444,1672,19.7,3.5,0.1387542,0.0713305,0.2804769,9579,N5775,223.47374,3.554167,223.48999,3.544444,1672,406,9.77,1,0.0144,9579,73.71139262,10.020946,0.23607467,8.627220436,0.154318493,-1.0742953,0.15437019,9.77,0.16,-11.095241,0.18426493,FALSE,0.18426493,1.83E+10,FALSE,TRUE,FALSE,FALSE,FALSE,FALSE,FALSE,FALSE,FALSE,FALSE,FALSE,FALSE,FALSE,FALSE,0.006003135,26498.12826,FALSE,FALSE,0.005577192,TRUE,FALSE
9597,1,1.24E+18,223.75043,30.82417,1735,30.2,4.4,0.06072353,0.03121664,0.5560763,9597,M+535025,223.747498,30.820278,223.750427,30.824167,1735,134,8.91,1,0.014235699,9597,56.21516779,8.186665,0.15310091,8.435408956,0.12662168,-2.9835083,0.5455789,8.94,0.13,-11.170173,0.058251975,FALSE,0.058251975,1.23E+09,FALSE,TRUE,FALSE,FALSE,FALSE,FALSE,FALSE,FALSE,FALSE,FALSE,FALSE,FALSE,FALSE,FALSE,0.006158254,25180.02615,FALSE,FALSE,0.005787337,TRUE,FALSE
9615,1,1.24E+18,224.14874,30.23333,1806,30.2,4.2,0.06987101,0.03591916,0.9738477,9615,N5789,224.150421,30.234722,224.148743,30.233334,1806,111,9.2,1,0.017158895,9615,13.13239678,8.963582,0.122974925,9.150002462,0.120952802,-1.1210692,0.122213736,9.19,0.13,-10.084651,0.442353715,TRUE,0.442353715,3.03E+09,FALSE,FALSE,FALSE,TRUE,FALSE,FALSE,FALSE,FALSE,FALSE,FALSE,TRUE,FALSE,FALSE,FALSE,0.007726564,15995.52883,TRUE,TRUE,0.006024168,FALSE,TRUE
9628,1,1.24E+18,224.40791,29.96778,1793,30.2,4.3,0.06158687,0.03166046,0.6119981,9628,N5798,224.410004,29.969723,224.407913,29.967779,1793,185,9.17,1,0.010024809,9628,52.2659249,8.919927,0.14312653,9.586935598,0.123673672,-0.54519147,0.123723045,9.17,0.13,-9.465118,0.131040613,FALSE,0.131040613,2.80E+09,FALSE,FALSE,FALSE,FALSE,FALSE,TRUE,FALSE,FALSE,FALSE,FALSE,FALSE,FALSE,FALSE,FALSE,0.004481627,47544.46179,FALSE,FALSE,0.005980804,TRUE,FALSE
9645,1,1.24E+18,225.00125,1.89111,1357,26.8,5.2,0.1680095,0.08637001,0.5378721,9645,N5806,225.000824,1.8925,225.001251,1.891111,1357,322,9.24,1,0.005089783,9645,57.46114791,10.482678,0.19091155,9.54064827,0.168532226,-0.80708784,0.1685697,9.24,0.17,-11.289766,0.077098154,FALSE,0.077098154,3.27E+10,FALSE,TRUE,FALSE,FALSE,FALSE,FALSE,FALSE,FALSE,FALSE,FALSE,FALSE,FALSE,FALSE,FALSE,0.0017221,321998.9825,FALSE,FALSE,0.004526465,TRUE,FALSE
9647,1,1.24E+18,224.89459,32.84083,2594,41.3,2.4,0.05498297,0.02826554,0.8090182,9647,193-011,224.900421,32.845276,224.894592,32.840832,2594,181,9.52,1,0.009403936,9647,35.99991289,8.691514,0.063254304,9.118403572,0.050514272,-2.5006423,0.44278234,9.52,0.07,-11.192156,0.189723519,FALSE,0.189723519,4.90E+09,FALSE,TRUE,FALSE,FALSE,FALSE,FALSE,FALSE,FALSE,FALSE,FALSE,FALSE,FALSE,FALSE,FALSE,0.006082176,25813.89001,FALSE,FALSE,0.008652653,TRUE,FALSE
9661,1,1.24E+18,225.51459,1.84056,1242,25.5,4.2,0.1962035,0.1008639,0.886998,9661,020-048,225.517914,1.84,225.514587,1.840555,1242,103,8.52,1,0.020988561,9661,27.50161558,9.149721,0.14600672,9.341036619,0.14306447,-1.2299219,0.14466786,8.52,0.15,-10.379643,0.155208605,FALSE,0.155208605,1.85E+09,FALSE,FALSE,FALSE,TRUE,FALSE,FALSE,FALSE,FALSE,FALSE,FALSE,FALSE,FALSE,FALSE,FALSE,0.006499554,22604.98426,FALSE,FALSE,0.004142866,TRUE,FALSE
9676,1,1.24E+18,225.8775,27.82472,2888,45.3,2.4,0.08778486,0.04512827,0.5670623,9676,164-056,225.876266,27.826389,225.877502,27.824722,2888,163,9.19,1,0.009611737,9676,55.45442283,8.961963,0.094171375,9.179449384,0.046058791,-1.4865252,0.08874006,9.18,0.06,-10.448488,0.051733639,FALSE,0.051733639,2.98E+09,FALSE,FALSE,FALSE,TRUE,FALSE,FALSE,FALSE,FALSE,FALSE,FALSE,FALSE,FALSE,FALSE,FALSE,0.006921152,19934.92438,FALSE,FALSE,0.009633331,TRUE,FALSE
9715,1,1.24E+18,226.78209,1.54389,2556,38.8,2.4,0.1838722,0.09452466,0.9147314,9715,N5850,226.775833,1.544722,226.782089,1.543889,2556,201,9.7,1,0.005090245,9715,23.83240908,10.866103,0.060254622,10.05719594,0.053727203,-1.0520226,0.055309303,9.7,0.07,-11.918126,0.094505014,FALSE,0.094505014,8.01E+10,TRUE,FALSE,FALSE,FALSE,FALSE,FALSE,FALSE,FALSE,FALSE,FALSE,FALSE,FALSE,FALSE,FALSE,0.003243985,90743.10955,FALSE,FALSE,0.008525898,TRUE,FALSE
9739,1,1.24E+18,227.23041,25.73361,1366,24.2,2.3,0.1484201,0.07629952,0.3245266,9739,135-023,227.229584,25.733889,227.230408,25.733612,1366,141,9.06,1,0.009690572,9739,71.06316336,7.931036,0.17851266,8.349876998,0.082601433,-2.3156166,0.14983837,9.05,0.09,-10.246653,-0.004768547,FALSE,0.004768547,1.61E+09,FALSE,FALSE,FALSE,TRUE,FALSE,FALSE,FALSE,FALSE,FALSE,FALSE,FALSE,FALSE,FALSE,FALSE,0.003300498,87662.22799,FALSE,FALSE,0.004556486,TRUE,FALSE
9746,1,1.24E+18,227.56876,1.93361,1738,29.9,6.1,0.1643765,0.08450235,0.2023589,9746,021-028,227.570007,1.934445,227.568756,1.933611,1738,193,8.98,1,0.014835226,9746,78.32513107,9.274462,0.28530172,9.483499379,0.177204965,-1.1864047,0.17864083,8.98,0.18,-10.460867,0.043721221,FALSE,0.043721221,3.15E+09,FALSE,FALSE,FALSE,TRUE,FALSE,FALSE,FALSE,FALSE,FALSE,FALSE,FALSE,FALSE,FALSE,FALSE,0.006428702,23106.00434,FALSE,FALSE,0.005797344,TRUE,FALSE
9751,1,1.24E+18,227.74333,1.4375,1550,25.1,2.3,0.1468066,0.07547008,0.1964564,9751,021-032,227.74501,1.436944,227.743332,1.4375,1550,133,8.39,1,0.007197734,9751,78.67025145,8.349127,0.24137741,8.501522451,0.079665108,-2.3095548,0.17556754,8.37,0.09,-10.658682,0.071040253,FALSE,0.071040253,5.50E+08,FALSE,FALSE,TRUE,FALSE,FALSE,FALSE,FALSE,FALSE,FALSE,FALSE,FALSE,FALSE,FALSE,FALSE,0.002781678,123412.1011,FALSE,FALSE,0.005170243,TRUE,FALSE
9760,1,1.24E+18,228.00958,1.69833,2022,26.4,5.2,0.1678042,0.08626444,0.1789764,9760,021-041,228.013748,1.700278,228.009583,1.698333,2022,143,9.28,1,0.015270152,9760,79.68992363,8.231999,0.2958071,,,-3.9601839,2.4083445,9.28,0.18,-12.1921835,-0.071918401,FALSE,0.071918401,2.70E+09,TRUE,FALSE,FALSE,FALSE,FALSE,FALSE,FALSE,FALSE,FALSE,FALSE,FALSE,FALSE,FALSE,FALSE,0.00769846,16112.52877,FALSE,FALSE,0.006744666,TRUE,FALSE
9762,1,1.24E+18,227.92125,32.64278,2274,37,2.2,0.06494883,0.03338877,0.8416688,9762,,227.921661,32.642223,227.921249,32.64278,2274,157,9.25,1,0.00303138,9762,32.68326501,7.250156,0.07053997,7.899728053,0.052402626,-2.643611,0.30828252,9.25,0.07,-9.893766,0.24294665,FALSE,0.24294665,2.38E+09,FALSE,FALSE,FALSE,FALSE,TRUE,FALSE,FALSE,FALSE,FALSE,FALSE,FALSE,FALSE,FALSE,FALSE,0.00171874,323259.3131,FALSE,FALSE,0.007585248,TRUE,FALSE
9772,1,1.24E+18,228.31915,34.14695,2319,37.6,2.2,0.06796334,0.03493847,0.588487,9772,,228.321243,34.148335,228.319153,34.146946,2319,96,9.52,1,0.016948434,9772,53.95033108,8.488465,0.092396535,8.80653553,0.050875903,-1.2542018,0.056268018,9.52,0.07,-9.742667,-0.220000918,FALSE,0.220000918,4.71E+09,FALSE,FALSE,FALSE,FALSE,TRUE,FALSE,FALSE,FALSE,FALSE,FALSE,FALSE,FALSE,FALSE,FALSE,0.009799629,9943.793071,FALSE,FALSE,0.007735351,TRUE,FALSE
9824,1,1.24E+18,230.48543,5.07,1480,14,2.9,0.1317459,0.06772766,0.5801833,9824,N5921,230.488754,5.073055,230.485428,5.07,1480,172,9.65,1,0.00717183,9824,54.53661005,9.85198,0.19660306,9.134999622,0.179922012,-1.0484695,0.1799282,9.17,0.18,-10.90045,-0.080567706,FALSE,0.080567706,1.31E+10,FALSE,FALSE,TRUE,FALSE,FALSE,FALSE,FALSE,FALSE,FALSE,FALSE,FALSE,FALSE,FALSE,FALSE,0.002646495,136341.8945,FALSE,FALSE,0.004936749,TRUE,FALSE
9830,1,1.24E+18,230.75333,4.52917,1830,31.6,6.1,0.1419653,0.07298123,0.29071,9830,049-152,230.751678,4.528889,230.753326,4.529166,1830,164,8.95,1,0.020332903,9830,73.09959428,9.053759,0.24123356,9.076379037,0.167675101,-1.7990022,0.18075499,8.95,0.17,-10.85276,0.016492292,FALSE,0.016492292,2.32E+09,FALSE,FALSE,TRUE,FALSE,FALSE,FALSE,FALSE,FALSE,FALSE,FALSE,FALSE,FALSE,FALSE,FALSE,0.009277475,11094.60312,FALSE,FALSE,0.006104223,TRUE,FALSE
9845,1,1.24E+18,231.52251,9.20444,1893,32.2,6.4,0.1128097,0.05799299,0.2123708,9845,077-127,231.522919,9.203611,231.522507,9.204444,1893,175,9.32,1,0.017916908,9845,77.73874219,8.783278,0.27713418,9.046562593,0.172644554,-1.4320834,0.177203,9.32,0.18,-10.215362,-0.005646212,FALSE,0.005646212,3.39E+09,FALSE,FALSE,FALSE,TRUE,FALSE,FALSE,FALSE,FALSE,FALSE,FALSE,FALSE,FALSE,FALSE,FALSE,0.008456546,13353.20059,FALSE,FALSE,0.006314368,TRUE,FALSE
9895,1,1.24E+18,233.4296,15.00694,1777,25,4.8,0.1592464,0.08186506,0.2499907,9895,N5951,233.432098,15.011666,233.429596,15.006945,1777,266,9.51,1,0.02274768,9895,75.52310193,9.498923,0.2561854,9.951970812,0.166772555,-0.8626533,0.16695376,9.51,0.17,-10.361577,0.09444826,FALSE,0.09444826,7.46E+09,FALSE,FALSE,FALSE,TRUE,FALSE,FALSE,FALSE,FALSE,FALSE,FALSE,FALSE,FALSE,FALSE,FALSE,0.010078685,9400.774869,FALSE,FALSE,0.005927434,TRUE,FALSE
9904,1,1.24E+18,233.64542,15.19972,1971,32.1,4.5,0.1614428,0.08299419,0.475208,9904,N5954,233.638748,15.201111,233.645416,15.199722,1971,142,9.38,1,0.015650749,9904,61.6271583,9.646919,0.16159812,10.08043776,0.12176486,0.16924483,0.121766865,9.38,0.13,-9.4776745,-0.138989459,FALSE,0.138989459,7.63E+09,FALSE,FALSE,FALSE,FALSE,FALSE,TRUE,FALSE,FALSE,FALSE,FALSE,FALSE,FALSE,FALSE,FALSE,0.007691323,16142.44171,FALSE,FALSE,0.006574548,TRUE,FALSE
9908,1,1.24E+18,233.74416,11.75,1901,30.9,4.3,0.1584805,0.08147134,0.933975,9908,N5956,233.744995,11.751945,233.744156,11.75,1901,147,9.26,1,0.014098255,9908,20.93684263,9.9842005,0.123531856,10.11390921,0.120871654,-0.8494685,0.12121957,9.26,0.13,-10.833669,0.217586881,FALSE,0.217586881,1.21E+10,FALSE,FALSE,TRUE,FALSE,FALSE,FALSE,FALSE,FALSE,FALSE,FALSE,FALSE,FALSE,FALSE,FALSE,0.006682313,21385.41939,FALSE,FALSE,0.006341053,TRUE,FALSE
9909,1,1.24E+18,233.70457,28.655,2014,33.5,2.3,0.08180285,0.04205305,0.8102026,9909,N5958,233.707489,28.6525,233.704575,28.654999,2014,151,9.11,1,0.016200467,9909,35.8842996,9.550468,0.07032055,9.977470615,0.059634772,0.04200939,0.059647273,9.11,0.08,-9.508459,0.104324257,FALSE,0.104324257,5.27E+09,FALSE,FALSE,FALSE,FALSE,TRUE,FALSE,FALSE,FALSE,FALSE,FALSE,FALSE,FALSE,FALSE,FALSE,0.008135164,14429.08289,FALSE,FALSE,0.006717981,TRUE,FALSE
9912,1,1.24E+18,233.79332,16.54944,1032,18.8,2.2,0.1551321,0.07975003,0.714207,9912,107-009,233.790405,16.550833,233.79332,16.549444,1032,39,8.98,1,0.0144,9912,44.42178994,8.405622,0.1145074,8.616471999,0.101658195,-2.717053,0.2221145,8.98,0.11,-11.122675,-0.42606929,TRUE,0.42606929,1.52E+09,FALSE,TRUE,FALSE,FALSE,FALSE,FALSE,FALSE,FALSE,TRUE,FALSE,FALSE,FALSE,FALSE,FALSE,0.003705284,69554.99914,TRUE,TRUE,0.003442381,FALSE,TRUE
9915,1,1.24E+18,233.84665,12.04722,1828,31,4.2,0.1433956,0.07371651,0.6644665,9915,N5957,233.847916,12.047501,233.846649,12.047223,1828,98,9.71,1,0.011359376,9915,48.35863111,10.136002,0.13284127,9.31664278,0.117680033,-1.4421006,0.11947833,9.74,0.13,-11.578102,-0.336496857,TRUE,0.336496857,2.05E+10,TRUE,FALSE,FALSE,FALSE,FALSE,FALSE,FALSE,TRUE,FALSE,FALSE,FALSE,FALSE,FALSE,FALSE,0.005177379,35624.71473,TRUE,FALSE,0.006097552,FALSE,TRUE
9918,1,1.24E+18,233.81792,30.86389,1836,31,2.2,0.09444524,0.04855223,0.4500034,9918,N5961,233.821243,30.866945,233.817917,30.86389,1836,244,9.45,1,0.009270595,9918,63.25615134,9.129027,0.12912568,9.313642139,0.061643885,-0.7974768,0.061872188,9.45,0.08,-9.926504,0.133464712,FALSE,0.133464712,5.09E+09,FALSE,FALSE,FALSE,FALSE,TRUE,FALSE,FALSE,FALSE,FALSE,FALSE,FALSE,FALSE,FALSE,FALSE,0.004243846,53021.51799,FALSE,FALSE,0.006124237,TRUE,FALSE
9925,1,1.24E+18,234.13335,16.43944,1909,43.2,9,0.1702613,0.08752759,0.4616276,9925,107-011,234.136673,16.448889,234.133347,16.439444,1909,176,8.92,1,0.017738611,9925,62.50786928,9.283092,0.21183984,9.425528976,0.180959948,-1.5788634,0.19751237,8.92,0.19,-10.861955,0.05107261,FALSE,0.05107261,3.03E+09,FALSE,FALSE,TRUE,FALSE,FALSE,FALSE,FALSE,FALSE,FALSE,FALSE,FALSE,FALSE,FALSE,FALSE,0.008443157,13395.58399,FALSE,FALSE,0.006367739,TRUE,FALSE
9926,1,1.24E+18,234.13208,16.6075,1957,37.1,7.6,0.1793863,0.09221856,0.7098126,9926,N5962,234.132507,16.605833,234.13208,16.6075,1957,343,9.83,1,0,9926,44.78036783,10.558448,0.18584669,9.952926916,0.177931982,-0.043019414,0.1779343,9.83,0.18,-10.601467,0.147480149,FALSE,0.147480149,4.52E+10,FALSE,FALSE,TRUE,FALSE,FALSE,FALSE,FALSE,FALSE,FALSE,FALSE,FALSE,FALSE,FALSE,FALSE,0,Infinity,FALSE,FALSE,0.006527849,TRUE,FALSE
9935,1,1.24E+18,234.40083,5.97361,1446,27.8,5.7,0.1957895,0.1006511,0.9791083,9935,N5964,234.403748,5.974444,234.400833,5.973611,1446,190,9.81,1,0.011328579,9935,11.7323199,6.7930894,0.18421409,8.55513963,0.178095822,-1.7738713,0.18462753,9.81,0.18,-8.56696,0.610702932,TRUE,0.610702932,8.59E+09,FALSE,FALSE,FALSE,FALSE,FALSE,FALSE,TRUE,FALSE,FALSE,FALSE,FALSE,FALSE,FALSE,TRUE,0.004084351,57243.37974,TRUE,TRUE,0.004823337,FALSE,TRUE
9941,1,1.24E+18,234.59125,12.96056,1861,31.1,4.2,0.1598494,0.08217508,0.6573222,9941,078-033,234.588745,12.962222,234.591248,12.960555,1861,150,9.39,1,0.019319223,9941,48.90407442,8.43253,0.13321355,8.969563004,0.117341702,-2.0931752,0.25326678,9.41,0.12,-10.525705,0.03554485,FALSE,0.03554485,3.54E+09,FALSE,FALSE,TRUE,FALSE,FALSE,FALSE,FALSE,FALSE,FALSE,FALSE,FALSE,FALSE,FALSE,FALSE,0.008964279,11883.39877,FALSE,FALSE,0.006207628,TRUE,FALSE
9943,1,1.24E+18,234.625,12.18611,1955,28.2,5.8,0.1375657,0.0707195,0.558941,9943,N5970,234.624588,12.189167,234.625,12.186111,1955,314,9.6,1,0.0036,9943,56.01745488,10.248572,0.19759744,9.4856612,0.17864601,-1.503766,0.17980607,9.6,0.18,-11.752338,0.111456116,FALSE,0.111456116,2.30E+10,TRUE,FALSE,FALSE,FALSE,FALSE,FALSE,FALSE,FALSE,FALSE,FALSE,FALSE,FALSE,FALSE,FALSE,0.001754804,310108.8806,FALSE,FALSE,0.006521178,TRUE,FALSE
9951,1,1.24E+18,234.83333,15.38417,2004,32.7,2.2,0.134536,0.069162,0.5571266,9951,107-019,234.830414,15.383056,234.833328,15.384167,2004,137,9.02,1,0.012838675,9951,56.14273244,8.522221,0.102829196,8.791995153,0.058522045,-2.1880617,0.19270666,9.02,0.07,-10.710282,0.031901878,FALSE,0.031901878,1.73E+09,FALSE,FALSE,TRUE,FALSE,FALSE,FALSE,FALSE,FALSE,FALSE,FALSE,FALSE,FALSE,FALSE,FALSE,0.006415009,23204.74945,FALSE,FALSE,0.006684624,TRUE,FALSE
9952,1,1.24E+18,234.75999,31.75972,2003,33.4,2.4,0.09159687,0.04708795,0.5227482,9952,N5974,234.76123,31.763056,234.759995,31.759722,2003,170,8.92,1,0.016913747,9952,58.48327288,9.344331,0.11212189,9.686747562,0.062413946,-0.46376592,0.0624841,8.92,0.08,-9.808097,0.04332215,FALSE,0.04332215,3.32E+09,FALSE,FALSE,FALSE,FALSE,TRUE,FALSE,FALSE,FALSE,FALSE,FALSE,FALSE,FALSE,FALSE,FALSE,0.008446954,13383.54519,FALSE,FALSE,0.006681289,TRUE,FALSE
9977,1,1.24E+18,235.49834,0.71278,1913,26.9,5.4,0.3760244,0.1933059,0.3335155,9977,022-029,235.500412,0.716389,235.498337,0.712778,1913,255,9.53,1,0.012979289,9977,70.51776804,9.360279,0.23344907,9.462896456,0.174364548,-1.9397601,0.2213413,9.53,0.18,-11.300039,0.097747927,FALSE,0.097747927,6.80E+09,FALSE,TRUE,FALSE,FALSE,FALSE,FALSE,FALSE,FALSE,FALSE,FALSE,FALSE,FALSE,FALSE,FALSE,0.006190778,24916.15265,FALSE,FALSE,0.006381081,TRUE,FALSE
9979,1,1.24E+18,235.58041,0.475,1958,30.4,4.2,0.336839,0.1731615,0.2999884,9979,022-031,235.581253,0.474722,235.580414,0.475,1958,116,9.11,1,0.014399505,9979,72.54315487,8.49431,0.20773187,8.884136927,0.121386856,-3.0526533,1.9856104,9.1,0.13,-11.546964,-0.117983985,FALSE,0.117983985,2.03E+09,TRUE,FALSE,FALSE,FALSE,FALSE,FALSE,FALSE,FALSE,FALSE,FALSE,FALSE,FALSE,FALSE,FALSE,0.007029745,19323.78637,FALSE,FALSE,0.006531185,TRUE,FALSE
9987,1,1.24E+18,235.72083,14.23167,1105,19.5,4,0.1434764,0.07375806,0.2482258,9987,N5984,235.722916,14.228055,235.720825,14.231667,1105,229,9.16,1,0.020519693,9987,75.62751491,9.094366,0.2643534,8.913569761,0.178255898,-1.2923765,0.17930113,9.16,0.18,-10.386743,0.122259691,FALSE,0.122259691,3.17E+09,FALSE,FALSE,FALSE,TRUE,FALSE,FALSE,FALSE,FALSE,FALSE,FALSE,FALSE,FALSE,FALSE,FALSE,0.005653436,29877.65131,FALSE,FALSE,0.003685883,TRUE,FALSE
9991,1,1.24E+18,235.84958,14.43556,1935,35.3,6.8,0.1302841,0.06697619,0.3499866,9991,107-029,235.850006,14.436945,235.849579,14.435555,1935,210,9.39,1,0.018334519,9991,69.5135632,9.015101,0.22372162,9.275183372,0.16732494,-1.4398626,0.17801721,9.39,0.17,-10.454964,0.06593503,FALSE,0.06593503,4.30E+09,FALSE,FALSE,FALSE,TRUE,FALSE,FALSE,FALSE,FALSE,FALSE,FALSE,FALSE,FALSE,FALSE,FALSE,0.008845651,12204.26834,FALSE,FALSE,0.006454465,TRUE,FALSE
10021,1,1.24E+18,236.41458,28.08833,2151,36.3,7.6,0.09647764,0.04959704,0.3302268,10021,I4582,236.415833,28.084167,236.414581,28.088333,2151,294,9.32,1,0.011257308,10021,70.71751783,9.884804,0.23955627,10.14283329,0.181853392,-0.2985782,0.1818833,9.34,0.19,-10.183382,0.112365355,FALSE,0.112365355,1.04E+10,FALSE,FALSE,FALSE,TRUE,FALSE,FALSE,FALSE,FALSE,FALSE,FALSE,FALSE,FALSE,FALSE,FALSE,0.00603746,26197.67864,FALSE,FALSE,0.007174964,TRUE,FALSE
10025,1,1.24E+18,236.60124,2.84389,1517,25.8,5,0.2925121,0.1503741,0.1999671,10025,,236.600006,2.842778,236.601242,2.843889,1517,112,8.61,1,0.008041915,10025,78.46503114,7.8489265,0.28157797,8.126346732,0.168504244,-2.22347,0.23997875,8.61,0.17,-10.072396,-0.014973092,FALSE,0.014973092,6.12E+08,FALSE,FALSE,FALSE,TRUE,FALSE,FALSE,FALSE,FALSE,FALSE,FALSE,FALSE,FALSE,FALSE,FALSE,0.003041756,103210.1977,FALSE,FALSE,0.005060167,TRUE,FALSE
10041,1,1.24E+18,237.25542,5.18861,2169,28.8,5.7,0.2298272,0.1181491,0.4411634,10041,050-108,237.253326,5.190834,237.255417,5.188611,2169,191,9.82,1,0.011342225,10041,63.82191969,9.83731,0.20765543,9.46327642,0.171911544,-1.738644,0.26842654,9.82,0.18,-11.5759535,-0.096970543,FALSE,0.096970543,1.57E+10,TRUE,FALSE,FALSE,FALSE,FALSE,FALSE,FALSE,FALSE,FALSE,FALSE,FALSE,FALSE,FALSE,FALSE,0.006133906,25380.32083,FALSE,FALSE,0.007235005,TRUE,FALSE
10081,1,1.24E+18,238.57916,0.54278,2037,21.1,4.2,0.340512,0.1750498,0.4295348,10081,N6010,238.579987,0.545,238.579163,0.542778,2037,372,8.39,1,0.012979581,10081,64.56201353,10.1067095,0.21084212,9.573058568,0.172894499,-2.0967567,0.18403289,8.39,0.18,-12.203466,0.209128468,FALSE,0.209128468,1.31E+10,TRUE,FALSE,FALSE,FALSE,FALSE,FALSE,FALSE,FALSE,FALSE,FALSE,FALSE,FALSE,FALSE,FALSE,0.00659221,21974.01033,FALSE,FALSE,0.006794701,TRUE,FALSE
10083,1,1.24E+18,238.5575,14.60083,1854,30.7,2.3,0.1208309,0.06211651,0.5226648,10083,N6012,238.56041,14.597777,238.557495,14.600834,1854,167,9.72,1,0.022600245,10083,58.48887804,10.066213,0.11378913,9.024577216,0.065074904,-1.5898734,0.075454324,9.72,0.08,-11.656086,-0.151820085,FALSE,0.151820085,1.86E+10,TRUE,FALSE,FALSE,FALSE,FALSE,FALSE,FALSE,FALSE,FALSE,FALSE,FALSE,FALSE,FALSE,FALSE,0.010447255,8749.172402,FALSE,FALSE,0.006184278,TRUE,FALSE
10086,1,1.24E+18,238.67123,16.61667,2289,35.1,4.3,0.1134742,0.05833461,0.4500009,10086,107-058,238.665405,16.612223,238.671234,16.616667,2289,354,9.24,1,0.017522633,10086,63.25631174,9.142576,0.15555726,9.490322657,0.106409104,-0.7070221,0.10673143,9.2,0.11,-9.849598,0.329804,TRUE,0.329804,3.70E+09,FALSE,FALSE,FALSE,FALSE,TRUE,FALSE,FALSE,FALSE,FALSE,FALSE,FALSE,TRUE,FALSE,FALSE,0.010000564,9548.21991,TRUE,FALSE,0.007635282,FALSE,TRUE
10113,1,1.24E+18,239.63499,17.44111,2167,38.9,8.2,0.1252589,0.06439286,0.4380626,10113,I1151,239.633331,17.440277,239.634995,17.441111,2167,230,9.59,1,0.01754575,10113,64.01972148,9.795324,0.21747765,10.09436898,0.183096113,-0.2875736,0.18324909,9.59,0.19,-10.082898,0.017326035,FALSE,0.017326035,1.14E+10,FALSE,FALSE,FALSE,TRUE,FALSE,FALSE,FALSE,FALSE,FALSE,FALSE,FALSE,FALSE,FALSE,FALSE,0.00948004,10625.54052,FALSE,FALSE,0.007228334,TRUE,FALSE
10133,1,1.24E+18,240.39168,1.70778,1926,28.2,5.5,0.3760529,0.1933206,0.5091314,10133,I1158,240.392502,1.706389,240.391678,1.707778,1926,239,9.34,1,0.010180077,10133,59.39406013,9.640368,0.19567855,9.945551185,0.169406154,-0.77912843,0.17062199,9.34,0.18,-10.419497,0.101752478,FALSE,0.101752478,7.28E+09,FALSE,FALSE,FALSE,TRUE,FALSE,FALSE,FALSE,FALSE,FALSE,FALSE,FALSE,FALSE,FALSE,FALSE,0.004888624,39957.47505,FALSE,FALSE,0.006424444,TRUE,FALSE
10175,1,1.24E+18,241.15709,30.71417,816,16,2.2,0.1045592,0.05375161,0.4315863,10175,167-020,241.160431,30.714167,241.157089,30.714167,816,116,8.5,1,0.011234728,10175,64.4317815,7.878887,0.16931976,8.194360438,0.119458303,-2.219734,0.13701497,8.5,0.13,-10.098621,0.059005082,FALSE,0.059005082,4.96E+08,FALSE,FALSE,FALSE,TRUE,FALSE,FALSE,FALSE,FALSE,FALSE,FALSE,FALSE,FALSE,FALSE,FALSE,0.002285767,182770.9992,FALSE,FALSE,0.002721883,TRUE,FALSE
10210,1,1.24E+18,241.80417,7.97861,2848,40.4,8.2,0.1529851,0.07864626,0.5158732,10210,N6063,241.804169,7.979445,241.804169,7.978611,2848,275,9.51,1,0.005066587,10210,58.94421102,9.88343,0.2003608,10.11845908,0.176298102,-0.60384357,0.17728662,9.51,0.18,-10.487273,0.110894822,FALSE,0.110894822,1.19E+10,FALSE,FALSE,FALSE,TRUE,FALSE,FALSE,FALSE,FALSE,FALSE,FALSE,FALSE,FALSE,FALSE,FALSE,0.003597782,73773.73128,FALSE,FALSE,0.009499905,TRUE,FALSE
10219,1,1.24E+18,242.07083,7.53778,1370,23.2,4.7,0.1581525,0.08130275,0.2335288,10219,I1197,242.073334,7.535555,242.070831,7.537778,1370,211,9.35,1,0.008035981,10219,76.49514818,9.084429,0.2692381,9.505959815,0.175964739,-1.2322634,0.17804344,9.35,0.18,-10.316692,0.054564765,FALSE,0.054564765,4.19E+09,FALSE,FALSE,FALSE,TRUE,FALSE,FALSE,FALSE,FALSE,FALSE,FALSE,FALSE,FALSE,FALSE,FALSE,0.002744978,126734.1894,FALSE,FALSE,0.004569828,TRUE,FALSE
10229,1,1.24E+18,242.43289,-0.11472,1508,24.5,2.3,0.395475,0.2033051,0.4552388,10229,,242.433762,-0.116944,242.432892,-0.114722,1508,97,8.99,1,0.010182327,10229,62.91975305,7.167942,0.14147101,7.708890813,0.08301953,-2.3270757,0.19139399,8.99,0.09,-9.495018,-0.118771663,FALSE,0.118771663,1.31E+09,FALSE,FALSE,FALSE,FALSE,FALSE,TRUE,FALSE,FALSE,FALSE,FALSE,FALSE,FALSE,FALSE,FALSE,0.003828492,65150.23179,FALSE,FALSE,0.005030147,TRUE,FALSE
10230,1,1.24E+18,242.49416,0.70889,2002,31.3,4.3,0.4781345,0.2457985,0.6809502,10230,N6070,242.498734,0.709722,242.494156,0.708889,2002,381,9.81,1,0.014842111,10230,47.08210005,10.321931,0.13424014,9.475742015,0.119327099,-0.72715324,0.119497135,9.81,0.13,-11.049084,0.222205988,FALSE,0.222205988,2.96E+10,FALSE,TRUE,FALSE,FALSE,FALSE,FALSE,FALSE,FALSE,FALSE,FALSE,FALSE,FALSE,FALSE,FALSE,0.00740865,17397.75584,FALSE,FALSE,0.006677953,TRUE,FALSE
10288,1,1.24E+18,243.60335,-0.20778,2045,34.4,7.1,0.4433026,0.2278922,0.2266781,10288,023-026,243.600433,-0.181667,243.603348,-0.207778,2045,366,9.87,1,0.010182304,10288,76.89848883,10.0496,0.27516988,10.31874511,0.179272805,-0.41852582,0.1795336,9.87,0.18,-10.468125,0.11773576,FALSE,0.11773576,2.11E+10,FALSE,FALSE,FALSE,TRUE,FALSE,FALSE,FALSE,FALSE,FALSE,FALSE,FALSE,FALSE,FALSE,FALSE,0.005191809,35426.96804,FALSE,FALSE,0.006821386,TRUE,FALSE
10290,1,1.24E+18,243.63794,0.82194,1982,31.5,4.5,0.3234657,0.1662866,0.857862,10290,023-027,243.635849,0.821944,243.637939,0.821944,1982,119,9.38,1,0.01484309,10290,30.92265684,8.488497,0.12898886,9.197072635,0.124104804,-1.5661538,0.16645002,9.38,0.13,-10.05465,0.102429953,FALSE,0.102429953,3.50E+09,FALSE,FALSE,FALSE,TRUE,FALSE,FALSE,FALSE,FALSE,FALSE,FALSE,FALSE,FALSE,FALSE,FALSE,0.007335121,17748.30104,FALSE,FALSE,0.00661124,TRUE,FALSE
10328,1,1.24E+18,244.69708,7.41083,1449,24.3,4.7,0.2243575,0.1153373,0.5896514,10328,N6106,244.696228,7.408333,244.697083,7.410833,1449,239,9.59,1,0.015209849,10328,53.86777111,9.604457,0.18501908,10.11135333,0.167999479,-0.71850705,0.16819996,9.59,0.17,-10.322964,0.103978049,FALSE,0.103978049,9.20E+09,FALSE,FALSE,FALSE,TRUE,FALSE,FALSE,FALSE,FALSE,FALSE,FALSE,FALSE,FALSE,FALSE,FALSE,0.005495062,31624.68093,FALSE,FALSE,0.004833344,TRUE,FALSE
10351,1,1.24E+18,245.3679,28.64,890,17.3,2.2,0.1503463,0.07728972,0.5623816,10351,167-070,245.367508,28.639999,245.367905,28.639999,890,41,8.77,1,0.01620267,10351,55.77938533,8.418732,0.1384098,8.630673525,0.110461664,-1.9993128,0.1222187,8.77,0.12,-10.418044,-0.435767961,TRUE,0.435767961,1.05E+09,FALSE,FALSE,FALSE,TRUE,FALSE,FALSE,FALSE,FALSE,FALSE,FALSE,TRUE,FALSE,FALSE,FALSE,0.003595472,73868.54444,TRUE,TRUE,0.00296872,FALSE,TRUE
10419,1,1.24E+18,247.52458,27.7,2614,42.5,2.2,0.1695593,0.08716674,0.8850948,10419,,247.525009,27.701389,247.524582,27.700001,2614,87,9.37,1,0.0073211,10419,27.73683375,7.868794,0.058057256,8.290512621,0.05162411,-1.3037707,0.27081895,9.37,0.06,-9.1725645,0.019388138,FALSE,0.019388138,3.19E+09,FALSE,FALSE,FALSE,FALSE,FALSE,TRUE,FALSE,FALSE,FALSE,FALSE,FALSE,FALSE,FALSE,FALSE,0.004771569,41941.97566,FALSE,FALSE,0.008719365,TRUE,FALSE
10445,1,1.24E+18,248.44832,28.98445,962,31.6,6.2,0.1052695,0.05411673,0.6241087,10445,168-021,248.450836,28.988333,248.448318,28.984446,962,139,9.77,1,0.015717107,10445,51.38324514,9.282907,0.18408032,9.542937112,0.170421258,-1.345757,0.18118456,9.77,0.18,-10.628664,-0.123361248,FALSE,0.123361248,9.75E+09,FALSE,FALSE,TRUE,FALSE,FALSE,FALSE,FALSE,FALSE,FALSE,FALSE,FALSE,FALSE,FALSE,FALSE,0.003769876,67191.96851,FALSE,FALSE,0.003208887,TRUE,FALSE
11813,1,1.24E+18,326.87918,22.16389,1838,29.3,2.3,0.3702603,0.1903427,0.3007388,11813,,326.879181,22.165277,326.879181,22.163889,1838,98,8.98,1,0.004906678,11813,72.49807868,7.807749,0.18397573,8.229088807,0.069251194,-2.3235967,0.490647,8.98,0.08,-10.131346,-0.145795283,FALSE,0.145795283,1.33E+09,FALSE,FALSE,FALSE,TRUE,FALSE,FALSE,FALSE,FALSE,FALSE,FALSE,FALSE,FALSE,FALSE,FALSE,0.002248601,188862.8754,FALSE,FALSE,0.006130908,TRUE,FALSE
11815,1,1.24E+18,327.05457,22.15944,1689,27.1,2.4,0.4526186,0.2326813,0.8296102,11815,N7137,327.057495,22.160278,327.054565,22.159445,1689,100,9.15,1,0.024533751,11815,33.94131175,9.791071,0.086358555,10.08179767,0.076923205,0.18070975,0.07693305,9.15,0.09,-9.610361,-0.099770275,FALSE,0.099770275,8.06E+09,FALSE,FALSE,FALSE,FALSE,TRUE,FALSE,FALSE,FALSE,FALSE,FALSE,FALSE,FALSE,FALSE,FALSE,0.010331727,8945.930562,FALSE,FALSE,0.005633898,TRUE,FALSE
11860,1,1.24E+18,329.49875,24.26639,3126,47.6,2.3,0.2309856,0.1187447,0.4662101,11860,M+451014,329.503754,24.266111,329.498749,24.266388,3126,171,9.45,1,0.007912711,11860,62.21148676,8.420635,0.11681377,8.850104367,0.042262453,-3.1114974,1.1409211,9.45,0.06,-11.532133,0.009088909,FALSE,0.009088909,4.01E+09,TRUE,FALSE,FALSE,FALSE,FALSE,FALSE,FALSE,FALSE,FALSE,FALSE,FALSE,FALSE,FALSE,FALSE,0.006167279,25106.38434,FALSE,FALSE,0.010427214,TRUE,FALSE
11868,1,1.24E+18,329.76956,18.17694,1092,18.4,4.3,0.2813147,0.1446177,0.7974227,11868,IIZw168,329.769165,18.182777,329.769562,18.176945,1092,115,8.91,1,0.019256044,11868,37.11534298,8.653883,0.20696543,8.892469681,0.202990348,-2.3818283,0.34273437,8.91,0.21,-11.035711,0.107492203,FALSE,0.107492203,1.53E+09,FALSE,TRUE,FALSE,FALSE,FALSE,FALSE,FALSE,FALSE,FALSE,FALSE,FALSE,FALSE,FALSE,FALSE,0.005242869,34740.27983,FALSE,FALSE,0.00364252,TRUE,FALSE
11872,1,1.24E+18,330.17126,17.73778,1150,18.4,4.3,0.2411612,0.1239757,0.9114037,11872,N7177,330.170837,17.735001,330.171265,17.737778,1150,295,9.31,1,0.018594807,11872,24.29996158,10.241412,0.20491172,9.604819382,0.20298547,-1.212008,0.20307654,9.29,0.21,-11.453421,0.403081102,TRUE,0.403081102,2.02E+10,FALSE,TRUE,FALSE,FALSE,FALSE,FALSE,FALSE,FALSE,TRUE,FALSE,FALSE,FALSE,FALSE,FALSE,0.005331739,33591.83261,TRUE,TRUE,0.003835987,FALSE,TRUE
11880,1,1.24E+18,330.63165,19.75028,1639,26,2.2,0.262661,0.1350282,0.6716682,11880,I1420a,330.627899,19.751667,330.631653,19.750278,1639,48,9.05,1,0.012456355,11880,47.80409218,8.940045,0.09535856,9.258282135,0.073499796,-1.003891,0.07479816,9.05,0.08,-9.943936,-0.408159312,TRUE,0.408159312,2.36E+09,FALSE,FALSE,FALSE,FALSE,TRUE,FALSE,FALSE,FALSE,FALSE,FALSE,FALSE,TRUE,FALSE,FALSE,0.005090369,36853.00172,TRUE,TRUE,0.005467116,FALSE,TRUE
11908,1,1.24E+18,331.64627,16.055,1770,27.7,2.3,0.1903479,0.09785369,0.9445995,11908,M+356010,331.647919,16.053055,331.646271,16.054998,1770,62,9.07,1,0.007988038,11908,19.16110414,8.441294,0.07636529,8.946163934,0.072150626,-1.6920613,0.107006945,9.08,0.08,-10.133355,0.083795267,FALSE,0.083795267,1.84E+09,FALSE,FALSE,FALSE,TRUE,FALSE,FALSE,FALSE,FALSE,FALSE,FALSE,FALSE,FALSE,FALSE,FALSE,0.003525273,76839.75142,FALSE,FALSE,0.005904084,TRUE,FALSE
11916,1,1.24E+18,332.09039,18.45389,1142,18.6,2.2,0.1898702,0.09760812,0.6410927,11916,451-011,332.090393,18.459723,332.090393,18.45389,1142,145,8.66,1,0.01024465,11916,50.12669462,8.206774,0.12225634,8.470711394,0.102749509,-3.3527126,0.5939912,8.66,0.11,-11.559486,0.178554244,FALSE,0.178554244,7.69E+08,TRUE,FALSE,FALSE,FALSE,FALSE,FALSE,FALSE,FALSE,FALSE,FALSE,FALSE,FALSE,FALSE,FALSE,0.002917041,112224.1357,FALSE,FALSE,0.003809302,TRUE,FALSE
11921,1,1.24E+18,332.31375,14.36028,1674,26.2,2.3,0.2038657,0.1048029,0.3239803,11921,428-037,332.3125,14.361667,332.313751,14.360278,1674,150,9.17,1,0.008000174,11921,71.09625183,8.940054,0.17603521,9.595435,0.076285164,-2.0318992,0.2297989,9.17,0.09,-10.971953,-0.039380722,FALSE,0.039380722,2.84E+09,FALSE,FALSE,TRUE,FALSE,FALSE,FALSE,FALSE,FALSE,FALSE,FALSE,FALSE,FALSE,FALSE,FALSE,0.003339137,85645.18572,FALSE,FALSE,0.005583863,TRUE,FALSE
11968,1,1.24E+18,333.95667,19.23111,1446,68.2,14,0.1758529,0.09040212,0.2500023,11968,N7241,333.953766,19.229168,333.956665,19.231112,1446,390,10.75,1,0.018457762,11968,75.5224155,10.45066,0.26442277,11.61353457,0.178302912,0.9131916,0.17830797,10.75,0.18,-9.537468,-0.024436615,FALSE,0.024436615,1.03E+11,FALSE,FALSE,FALSE,FALSE,TRUE,FALSE,FALSE,FALSE,FALSE,FALSE,FALSE,FALSE,FALSE,FALSE,0.006654672,21563.4407,FALSE,FALSE,0.004823337,TRUE,FALSE
12010,1,1.24E+18,335.82834,5.53333,2809,41.9,2.3,0.4391516,0.2257582,0.2216903,12010,404-007,335.827515,5.541111,335.828339,5.533333,2809,205,9.09,1,0.011378906,12010,77.19173334,9.455795,0.21703428,9.798419612,0.047681972,-0.9154132,0.056033958,9.09,0.07,-10.371208,0.033287514,FALSE,0.033287514,4.49E+09,FALSE,FALSE,FALSE,TRUE,FALSE,FALSE,FALSE,FALSE,FALSE,FALSE,FALSE,FALSE,FALSE,FALSE,0.007969509,15035.1661,FALSE,FALSE,0.009369815,TRUE,FALSE
12035,1,1.24E+18,336.61456,16.1475,1874,24,2.5,0.1828438,0.09399601,0.6756922,12035,N7280,336.611237,16.146111,336.614563,16.147499,1872,115,8.27,1,0.010980819,12035,47.49211351,10.068579,0.10836818,9.553387286,0.090478052,-1.9270349,0.10100437,8.18,0.1,-11.995613,-0.202582349,FALSE,0.202582349,1.20E+10,TRUE,FALSE,FALSE,FALSE,FALSE,FALSE,FALSE,FALSE,FALSE,FALSE,FALSE,FALSE,FALSE,FALSE,0.005130783,36274.7217,FALSE,FALSE,0.006250991,TRUE,FALSE
12043,1,1.24E+18,336.96085,29.09556,1008,16.3,4.1,0.2131997,0.1096013,0.4122938,12043,N7286,336.957916,29.099445,336.960846,29.095556,1008,176,8.94,1,0.019122982,12043,65.65104605,8.936226,0.25201678,9.128352279,0.218479707,-1.4734093,0.218952,8.93,0.23,-10.409636,0.083247534,FALSE,0.083247534,2.02E+09,FALSE,FALSE,FALSE,TRUE,FALSE,FALSE,FALSE,FALSE,FALSE,FALSE,FALSE,FALSE,FALSE,FALSE,0.00480613,41340.94803,FALSE,FALSE,0.003362326,TRUE,FALSE
12045,1,1.24E+18,337.11002,17.14722,2899,42.7,8.4,0.2187943,0.1124774,0.5819789,12045,N7290,337.106659,17.148056,337.110016,17.147223,2899,253,9.58,1,0.017492157,12045,54.41019733,9.85327,0.18837808,10.08062071,0.170870242,-0.41225687,0.17111379,9.58,0.18,-10.265527,0.095137335,FALSE,0.095137335,1.22E+10,FALSE,FALSE,FALSE,TRUE,FALSE,FALSE,FALSE,FALSE,FALSE,FALSE,FALSE,FALSE,FALSE,FALSE,0.012643605,5973.509577,FALSE,FALSE,0.009670023,TRUE,FALSE
12048,1,1.24E+18,337.10959,30.29111,987,16.3,4.3,0.2034962,0.1046129,0.864206,12048,N7292,337.104187,30.291111,337.109589,30.291111,987,73,9.15,1,0.004756344,12048,30.20786138,6.760757,0.23128332,7.799565811,0.229147486,-2.2600663,0.23753804,9.16,0.23,-9.0208235,-0.033447323,FALSE,0.033447323,1.88E+09,FALSE,FALSE,FALSE,FALSE,FALSE,TRUE,FALSE,FALSE,FALSE,FALSE,FALSE,FALSE,FALSE,FALSE,0.001170495,696998.6046,FALSE,FALSE,0.003292278,TRUE,FALSE
12049,1,1.24E+18,337.19669,17.01556,2964,44.4,2.1,0.2199247,0.1130585,0.4840305,12049,,337.195404,17.016666,337.196686,17.015556,2964,119,9.17,1,0.019923933,12049,61.05107865,8.546418,0.11182907,8.705487396,0.041617106,-1.4047406,0.09848492,9.17,0.06,-9.951159,-0.084104469,FALSE,0.084104469,2.32E+09,FALSE,FALSE,FALSE,FALSE,TRUE,FALSE,FALSE,FALSE,FALSE,FALSE,FALSE,FALSE,FALSE,FALSE,0.01472423,4404.597059,FALSE,FALSE,0.00988684,TRUE,FALSE
12054,1,1.24E+18,337.38501,7.72528,2065,36.3,7.2,0.3641816,0.1872178,0.2277772,12054,404-018,337.386688,7.729167,337.38501,7.725278,2065,203,9.45,1,0.0072,12054,76.83382344,9.164616,0.2698296,9.399984321,0.172284521,-1.7074517,0.18995032,9.44,0.18,-10.872067,0.013581956,FALSE,0.013581956,5.21E+09,FALSE,FALSE,TRUE,FALSE,FALSE,FALSE,FALSE,FALSE,FALSE,FALSE,FALSE,FALSE,FALSE,FALSE,0.003707079,69487.64984,FALSE,FALSE,0.006888099,TRUE,FALSE
12074,1,1.24E+18,338.27625,8.09805,1990,26.6,5.3,0.5079351,0.2611183,0.7191669,12074,404-021,338.275818,8.0975,338.276245,8.098055,1990,161,8.59,1,0.025329245,12074,44.01429625,9.374464,0.1816641,9.601519809,0.173064914,-0.89049613,0.17334881,8.59,0.18,-10.26496,0.123585677,FALSE,0.123585677,2.89E+09,FALSE,FALSE,FALSE,TRUE,FALSE,FALSE,FALSE,FALSE,FALSE,FALSE,FALSE,FALSE,FALSE,FALSE,0.012567667,6045.915681,FALSE,FALSE,0.006637925,TRUE,FALSE
12090,1,1.24E+18,338.69626,15.94889,1882,28.6,2.3,0.248518,0.1277577,0.4158393,12090,452-026,338.693329,15.952499,338.696259,15.948889,1881,134,8.93,1,0.004994144,12090,65.42787294,8.261064,0.14528011,8.77361908,0.069901682,-2.304849,0.25275165,8.92,0.08,-10.565912,0.012359734,FALSE,0.012359734,1.31E+09,FALSE,FALSE,TRUE,FALSE,FALSE,FALSE,FALSE,FALSE,FALSE,FALSE,FALSE,FALSE,FALSE,FALSE,0.002343473,173880.6957,FALSE,FALSE,0.006277676,TRUE,FALSE
12101,1,1.24E+18,339.01416,33.94833,775,13.6,4.1,0.2621131,0.1347466,0.5461228,12101,N7320,339.007111,33.950558,339.01416,33.948334,775,166,8.5,1,0.0144,12101,56.89862277,8.615394,0.27617183,8.992533159,0.261854488,-1.718604,0.26321682,8.54,0.27,-10.333998,0.190561111,FALSE,0.190561111,8.33E+08,FALSE,FALSE,FALSE,TRUE,FALSE,FALSE,FALSE,FALSE,FALSE,FALSE,FALSE,FALSE,FALSE,FALSE,0.002782553,123334.4323,FALSE,FALSE,0.002585122,TRUE,FALSE
12118,1,1.24E+18,339.37207,10.53139,2826,42,2.2,0.2753842,0.141569,0.4775726,12118,429-015,339.37207,10.532222,339.37207,10.531388,2826,315,9.61,1,0.0072,12118,61.47306758,10.301839,0.11544776,10.43050228,0.045497748,-0.004028044,0.045693282,9.61,0.06,-10.305867,0.076790526,FALSE,0.076790526,2.55E+10,FALSE,FALSE,FALSE,TRUE,FALSE,FALSE,FALSE,FALSE,FALSE,FALSE,FALSE,FALSE,FALSE,FALSE,0.005073223,37102.52108,FALSE,FALSE,0.009426521,TRUE,FALSE
12122,1,1.24E+18,339.44583,23.78639,1336,25.1,5.3,0.1228852,0.06317262,0.3493322,12122,N7339,339.452515,23.783333,339.445831,23.786388,1336,334,9.11,1,0.007917812,12122,69.55358382,10.201119,0.23585594,9.425235753,0.183407272,-0.74138,0.18343651,9.11,0.19,-10.942499,0.114321924,FALSE,0.114321924,1.76E+10,FALSE,FALSE,TRUE,FALSE,FALSE,FALSE,FALSE,FALSE,FALSE,FALSE,FALSE,FALSE,FALSE,FALSE,0.002637491,137274.3641,FALSE,FALSE,0.004456416,TRUE,FALSE
12136,1,1.24E+18,339.98373,11.0275,2233,33.4,2.2,0.1929458,0.09918921,0.2865725,12136,N7347,339.983734,11.032778,339.983734,11.0275,2233,261,9.56,1,0.014134111,12136,73.34719453,9.62368,0.18472527,9.924809467,0.057213124,-0.51855165,0.05770707,9.56,0.07,-10.142232,0.070001617,FALSE,0.070001617,9.03E+09,FALSE,FALSE,FALSE,TRUE,FALSE,FALSE,FALSE,FALSE,FALSE,FALSE,FALSE,FALSE,FALSE,FALSE,0.007869308,15420.49401,FALSE,FALSE,0.007448486,TRUE,FALSE
12151,1,1.24E+18,340.39081,0.40056,1754,26.1,2.1,0.2292792,0.1178674,0.7431924,12151,M+057007,340.392059,0.403333,340.390808,0.400556,1754,156,9.48,1,0.016099611,12151,41.99596164,8.781036,0.084968865,9.121655974,0.069919955,-1.5899451,0.3290391,9.48,0.08,-10.370981,0.075187539,FALSE,0.075187539,4.62E+09,FALSE,FALSE,FALSE,TRUE,FALSE,FALSE,FALSE,FALSE,FALSE,FALSE,FALSE,FALSE,FALSE,FALSE,0.007040837,19262.94945,FALSE,FALSE,0.005850714,TRUE,FALSE
12178,1,1.24E+18,341.28583,6.42972,1928,28.8,2.1,0.3356118,0.1725307,0.2620301,12178,405-008,341.283752,6.429722,341.285828,6.429722,1928,224,9.79,1,0.010150365,12178,74.80950793,8.824641,0.19874609,9.337367759,0.06334685,-0.9978527,0.06525957,9.79,0.08,-9.822494,0.002443741,FALSE,0.002443741,8.87E+09,FALSE,FALSE,FALSE,FALSE,TRUE,FALSE,FALSE,FALSE,FALSE,FALSE,FALSE,FALSE,FALSE,FALSE,0.004879418,40108.40118,FALSE,FALSE,0.006431116,TRUE,FALSE
12270,1,1.24E+18,344.54208,14.30833,2115,35.3,4.3,0.1284942,0.06605604,0.9175754,12270,N7437,344.540436,14.305,344.542084,14.308333,2115,102,9.21,1,0.017644683,12270,23.42586287,9.697738,0.10901377,9.924354057,0.105807963,-1.0394301,0.121078916,9.31,0.11,-10.737167,0.069440294,FALSE,0.069440294,7.14E+09,FALSE,FALSE,TRUE,FALSE,FALSE,FALSE,FALSE,FALSE,FALSE,FALSE,FALSE,FALSE,FALSE,FALSE,0.009304725,11029.71433,FALSE,FALSE,0.007054881,TRUE,FALSE
12294,1,1.24E+18,345.01541,15.98,2193,28.2,5.6,0.1859818,0.09560919,0.5575489,12294,N7448,345.016693,15.980556,345.015411,15.98,2193,286,9.78,1,0.003460888,12294,56.11359063,10.085302,0.192281,9.478944281,0.172485814,-0.59080595,0.17252585,9.75,0.18,-10.676108,0.084671267,FALSE,0.084671267,2.02E+10,FALSE,FALSE,TRUE,FALSE,FALSE,FALSE,FALSE,FALSE,FALSE,FALSE,FALSE,FALSE,FALSE,FALSE,0.001892368,266661.5351,FALSE,FALSE,0.007315061,TRUE,FALSE
12300,1,1.24E+18,345.155,12.7825,2367,34.9,2.3,0.6128651,0.3150605,0.3887309,12300,430-045,345.146667,12.784722,345.154999,12.782499,2367,201,8.48,1,0.005028477,12300,67.12450138,9.760632,0.1474598,8.883267298,0.05725731,-0.07619361,0.0572709,8.48,0.08,-9.836825,0.015010117,FALSE,0.015010117,6.16E+09,FALSE,FALSE,FALSE,FALSE,TRUE,FALSE,FALSE,FALSE,FALSE,FALSE,FALSE,FALSE,FALSE,FALSE,0.002967659,108428.4567,FALSE,FALSE,0.007895462,TRUE,FALSE
12307,1,1.24E+18,345.29959,12.72305,2809,35.3,4.3,0.8269708,0.4251276,0.2856382,12307,M+258053,345.30249,12.727221,345.299591,12.723055,2809,214,9.67,1,0.01833934,12307,73.40306136,9.070138,0.20797893,9.217830925,0.105818556,-1.4768019,0.13304624,9.53,0.11,-10.54694,0.005356365,FALSE,0.005356365,7.40E+09,FALSE,FALSE,TRUE,FALSE,FALSE,FALSE,FALSE,FALSE,FALSE,FALSE,FALSE,FALSE,FALSE,FALSE,0.012844428,5788.177566,FALSE,FALSE,0.009369815,TRUE,FALSE
12308,1,1.24E+18,345.32751,14.33944,2221,36,7.3,0.2293551,0.1179064,0.269955,12308,430-049,345.328766,14.338333,345.327515,14.339444,2221,230,9.92,1,0.022616064,12308,74.33847368,9.113174,0.2546747,9.472300303,0.176133898,-1.3360447,0.19070765,9.92,0.18,-10.449219,-0.021134668,FALSE,0.021134668,1.24E+10,FALSE,FALSE,FALSE,TRUE,FALSE,FALSE,FALSE,FALSE,FALSE,FALSE,FALSE,FALSE,FALSE,FALSE,0.012524053,6088.096986,FALSE,FALSE,0.007408459,TRUE,FALSE
12311,1,1.24E+18,345.35455,30.23889,923,13.6,4.4,0.187815,0.0965516,0.4619848,12311,496-035,345.356659,30.241112,345.354553,30.23889,923,104,8.37,1,0.009330478,12311,62.48479542,8.316268,0.30178547,8.465076494,0.28101651,-3.26019,0.4859748,8.3,0.29,-11.576458,0.01410115,FALSE,0.01410115,5.19E+08,TRUE,FALSE,FALSE,FALSE,FALSE,FALSE,FALSE,FALSE,FALSE,FALSE,FALSE,FALSE,FALSE,FALSE,0.002147261,207110.2247,FALSE,FALSE,0.003078797,TRUE,FALSE
12316,1,1.24E+18,345.46667,15.98139,2339,22.9,4.4,0.2480103,0.1274967,0.4242068,12316,N7463,345.470001,15.98389,345.466675,15.981388,2339,209,9.22,1,0.018742453,12316,64.89958805,9.349254,0.20668164,9.741719019,0.166890588,-0.502214,0.16692942,9.22,0.17,-9.851468,0.075041204,FALSE,0.075041204,4.44E+09,FALSE,FALSE,FALSE,FALSE,TRUE,FALSE,FALSE,FALSE,FALSE,FALSE,FALSE,FALSE,FALSE,FALSE,0.010930398,7992.808795,FALSE,FALSE,0.007802064,TRUE,FALSE
12317,1,1.24E+18,345.50418,15.96444,1946,30.9,4.2,0.254062,0.1306077,0.634039,12317,N7465,345.497894,15.966944,345.504181,15.964444,1946,189,9.67,1,0.014810118,12317,50.6512975,10.010842,0.13637258,9.91506888,0.118060654,-0.1959146,0.11807243,9.73,0.13,-10.206757,-0.042371923,FALSE,0.042371923,1.65E+10,FALSE,FALSE,FALSE,TRUE,FALSE,FALSE,FALSE,FALSE,FALSE,FALSE,FALSE,FALSE,FALSE,FALSE,0.007185892,18493.11281,FALSE,FALSE,0.006491157,TRUE,FALSE
12321,1,1.24E+18,345.57916,16.02722,2156,64.9,13.1,0.258494,0.1328861,0.2356085,12321,453-051,345.577057,16.020555,345.579163,16.027222,2156,172,9.77,1,0.012632845,12321,76.37257004,8.756713,0.26804066,9.161287357,0.175359026,-1.2548467,0.20581466,9.77,0.18,-10.0115595,-0.109462516,FALSE,0.109462516,8.40E+09,FALSE,FALSE,FALSE,TRUE,FALSE,FALSE,FALSE,FALSE,FALSE,FALSE,FALSE,FALSE,FALSE,FALSE,0.00679093,20706.79482,FALSE,FALSE,0.007191642,TRUE,FALSE
12329,1,1.24E+18,345.74667,16.60417,2076,30.9,4.3,0.27706,0.1424305,0.713558,12329,N7468,345.740845,16.605556,345.746674,16.604168,2076,170,9.46,1,0.015564943,12329,44.47489123,8.394185,0.13210948,9.275539842,0.120873405,-0.38131747,0.12093028,9.47,0.13,-8.775502,0.105932608,FALSE,0.105932608,4.08E+09,FALSE,FALSE,FALSE,FALSE,FALSE,FALSE,TRUE,FALSE,FALSE,FALSE,FALSE,FALSE,FALSE,FALSE,0.008056645,14711.70341,FALSE,FALSE,0.006924791,TRUE,FALSE
12340,1,1.24E+18,346.14084,27.15583,1056,16.5,2.3,0.2083692,0.107118,0.3828959,12340,475-033,346.140442,27.154722,346.140839,27.155832,1056,112,8.71,1,0.007880373,12340,67.48687988,7.9467955,0.18190566,,,-3.2948596,0.37608916,8.71,0.13,-11.241655,-0.014347244,FALSE,0.014347244,7.71E+08,FALSE,TRUE,FALSE,FALSE,FALSE,FALSE,FALSE,FALSE,FALSE,FALSE,FALSE,FALSE,FALSE,FALSE,0.002074866,221815.2205,FALSE,FALSE,0.003522437,TRUE,FALSE
12343,1,1.24E+18,346.23584,12.32278,2379,30.2,6.1,0.3712917,0.190873,0.3913533,12343,N7479,346.234192,12.321667,346.23584,12.322778,2379,353,9.98,1,0.0072,12343,66.96132464,10.383291,0.22056262,9.873766881,0.17544348,0.855736,0.17544353,9.86,0.18,-9.527555,0.0659111,FALSE,0.0659111,3.69E+10,FALSE,FALSE,FALSE,FALSE,TRUE,FALSE,FALSE,FALSE,FALSE,FALSE,FALSE,FALSE,FALSE,FALSE,0.004270771,52355.08288,FALSE,FALSE,0.00793549,TRUE,FALSE
12344,1,1.24E+18,346.24918,18.70333,1626,24.3,4.5,0.4546867,0.2337445,0.1410544,12344,M+358029,346.247925,18.69611,346.249176,18.703335,1626,149,9.44,1,0.022584012,12344,81.89120476,8.416715,0.3177515,8.699218396,0.160871744,-1.791877,0.1811524,9.44,0.17,-10.208591,-0.097174052,FALSE,0.097174052,3.92E+09,FALSE,FALSE,FALSE,TRUE,FALSE,FALSE,FALSE,FALSE,FALSE,FALSE,FALSE,FALSE,FALSE,FALSE,0.009155898,11391.1994,FALSE,FALSE,0.005423752,TRUE,FALSE
12350,1,1.24E+18,346.33252,16.86611,2136,21.9,4.3,0.3631058,0.1866648,0.2999909,12350,453-064,346.331268,16.868055,346.33252,16.866112,2136,198,9.33,1,0.0072,12350,72.54300472,9.116409,0.24057464,9.124125402,0.170549466,-2.8428924,0.62375367,9.33,0.18,-11.959302,0.03632035,FALSE,0.03632035,4.15E+09,TRUE,FALSE,FALSE,FALSE,FALSE,FALSE,FALSE,FALSE,FALSE,FALSE,FALSE,FALSE,FALSE,FALSE,0.003834538,64944.92787,FALSE,FALSE,0.007124929,TRUE,FALSE
12392,1,1.24E+18,347.26459,18.17667,1707,24.8,4.4,0.5906138,0.3036216,0.3389025,12392,N7497,347.274567,18.1875,347.264587,18.176666,1707,273,9.94,1,0.0176819,12392,70.19003674,8.951592,0.21803492,10.00042133,0.15410457,-0.45837983,0.15417579,9.92,0.16,-9.409972,0.062328807,FALSE,0.062328807,1.25E+10,FALSE,FALSE,FALSE,FALSE,FALSE,TRUE,FALSE,FALSE,FALSE,FALSE,FALSE,FALSE,FALSE,FALSE,0.007525611,16861.17461,FALSE,FALSE,0.005693939,TRUE,FALSE
12404,1,1.24E+18,347.77246,29.64305,836,13.3,2.2,0.2781412,0.1429863,0.4871766,12404,I1473,347.77124,29.645555,347.772461,29.643055,836,134,8.07,1,0.018269912,12404,60.84487539,8.898826,0.17688496,9.065098932,0.143676757,-1.6585078,0.14479952,8.07,0.15,-10.557333,0.065399135,FALSE,0.065399135,9.48E+08,FALSE,FALSE,TRUE,FALSE,FALSE,FALSE,FALSE,FALSE,FALSE,FALSE,FALSE,FALSE,FALSE,FALSE,0.00380822,65845.67627,FALSE,FALSE,0.002788596,TRUE,FALSE
12434,1,1.24E+18,348.52249,13.1775,2683,39,2.2,0.1716743,0.088254,0.5210203,12434,431-021,348.520844,13.176389,348.522491,13.177501,2683,178,9.31,1,0.005024587,12434,58.59933338,9.175007,0.105793625,9.541998466,0.049000725,-0.41445434,0.04948217,9.31,0.07,-9.589461,0.036790199,FALSE,0.036790199,4.21E+09,FALSE,FALSE,FALSE,FALSE,TRUE,FALSE,FALSE,FALSE,FALSE,FALSE,FALSE,FALSE,FALSE,FALSE,0.003361247,84522.17074,FALSE,FALSE,0.008949525,TRUE,FALSE
12442,1,1.24E+18,348.64417,4.49833,2677,39.8,8.3,0.2208849,0.1135521,0.3379471,12442,N7537,348.648743,4.501667,348.644165,4.498333,2677,327,10.06,1,0.020943901,12442,70.24820977,9.938947,0.23720725,10.25521035,0.181137982,-0.111199625,0.18118373,10.06,0.19,-10.050146,0.069727286,FALSE,0.069727286,2.40E+10,FALSE,FALSE,FALSE,TRUE,FALSE,FALSE,FALSE,FALSE,FALSE,FALSE,FALSE,FALSE,FALSE,FALSE,0.013979295,4886.53297,FALSE,FALSE,0.008929511,TRUE,FALSE
12447,1,1.24E+18,348.6825,4.53389,2690,32.1,6.7,0.2228627,0.1145689,0.2999693,12447,N7541,348.69043,4.531389,348.682495,4.533889,2690,418,9.98,1,0.018301241,12447,72.54430206,10.409608,0.24842472,9.822742369,0.181294293,0.3274036,0.18129517,9.98,0.19,-10.082204,0.119331374,FALSE,0.119331374,3.84E+10,FALSE,FALSE,FALSE,TRUE,FALSE,FALSE,FALSE,FALSE,FALSE,FALSE,FALSE,FALSE,FALSE,FALSE,0.012274736,6337.924892,FALSE,FALSE,0.008972874,TRUE,FALSE
12495,1,1.24E+18,349.70166,16.62667,2618,43.6,8.8,0.1263963,0.06497759,0.5953929,12495,454-035,349.697906,16.627222,349.70166,16.626667,2618,182,9.41,1,0.0108,12495,53.45939904,9.100846,0.19099872,9.403148108,0.175317127,-1.4100055,0.19920336,9.4,0.18,-10.510852,0.061271709,FALSE,0.061271709,4.68E+09,FALSE,FALSE,TRUE,FALSE,FALSE,FALSE,FALSE,FALSE,FALSE,FALSE,FALSE,FALSE,FALSE,FALSE,0.007049734,19214.36042,FALSE,FALSE,0.008732708,TRUE,FALSE
12529,1,1.24E+18,350.125,17.22639,1628,24,2.3,0.08225086,0.04228337,0.8157468,12529,N7625,350.12793,17.229445,350.125,17.226389,1628,161,9.41,1,0.0036,12529,35.33875901,10.113382,0.09091801,9.550515582,0.083239831,-0.34187174,0.083253674,9.41,0.09,-10.455254,0.014580056,FALSE,0.014580056,1.64E+10,FALSE,FALSE,FALSE,TRUE,FALSE,FALSE,FALSE,FALSE,FALSE,FALSE,FALSE,FALSE,FALSE,FALSE,0.001461289,447197.0456,FALSE,FALSE,0.005430423,TRUE,FALSE
12544,1,1.24E+18,350.43835,9.07778,2857,41.2,2.2,0.1449137,0.07449696,0.9418275,12544,406-088,350.440826,9.079444,350.438354,9.077778,2857,66,9.46,1,0.015938575,12544,19.63925524,9.400701,0.05262174,9.735639941,0.04639313,-1.300012,0.10515884,9.32,0.06,-10.700712,-0.033930308,FALSE,0.033930308,6.35E+09,FALSE,FALSE,TRUE,FALSE,FALSE,FALSE,FALSE,FALSE,FALSE,FALSE,FALSE,FALSE,FALSE,FALSE,0.011353743,7407.868541,FALSE,FALSE,0.009529926,TRUE,FALSE
12578,1,1.24E+18,351.0954,-0.10889,2700,17.1,3.7,0.1545715,0.07946185,0.4581918,12578,380-050,351.094971,-0.105,351.095398,-0.108889,2700,105,8.92,1,0.008049833,12578,62.72956391,7.655063,0.22146797,8.35465786,0.187965776,-2.110876,0.20622301,8.91,0.19,-9.76594,-0.069238464,FALSE,0.069238464,1.15E+09,FALSE,FALSE,FALSE,FALSE,TRUE,FALSE,FALSE,FALSE,FALSE,FALSE,FALSE,FALSE,FALSE,FALSE,0.005419135,32517.07395,FALSE,FALSE,0.009006231,TRUE,FALSE
12641,1,1.24E+18,352.72708,20.25056,2693,35.6,7.5,0.3452359,0.1774782,0.3000284,12641,454-077,352.727509,20.249166,352.727081,20.250555,2693,179,9.25,1,0.01831413,12641,72.54075237,8.984775,0.24950773,9.260822227,0.182993089,-1.6340334,0.20925027,9.24,0.19,-10.618808,0.016416292,FALSE,0.016416292,3.33E+09,FALSE,FALSE,TRUE,FALSE,FALSE,FALSE,FALSE,FALSE,FALSE,FALSE,FALSE,FALSE,FALSE,FALSE,0.012297079,6314.913939,FALSE,FALSE,0.008982881,TRUE,FALSE
12675,1,1.24E+18,353.65878,23.22306,3043,23.9,4.6,0.2624173,0.134903,0.2075466,12675,476-070,353.653778,23.22389,353.658783,23.223057,3043,162,8.21,1,0.014667809,12675,78.02145054,8.716755,0.27643657,8.936852432,0.167179365,-1.572985,0.17102347,8.21,0.18,-10.28974,0.125980564,FALSE,0.125980564,7.37E+08,FALSE,FALSE,FALSE,TRUE,FALSE,FALSE,FALSE,FALSE,FALSE,FALSE,FALSE,FALSE,FALSE,FALSE,0.011128754,7710.425256,FALSE,FALSE,0.010150355,TRUE,FALSE
12681,1,1.24E+18,353.72751,18.07084,1467,27.3,5.1,0.2569765,0.132106,0.3891129,12681,455-019,353.732086,18.075001,353.727509,18.070835,1467,136,9.62,1,0.018322472,12681,67.10074397,8.738804,0.21021622,8.912265042,0.16228181,-1.5899767,0.17690818,9.61,0.17,-10.32878,-0.153294773,FALSE,0.153294773,6.09E+09,FALSE,FALSE,FALSE,TRUE,FALSE,FALSE,FALSE,FALSE,FALSE,FALSE,FALSE,FALSE,FALSE,FALSE,0.006701832,21261.03328,FALSE,FALSE,0.004893385,TRUE,FALSE
12682,1,1.24E+18,353.72293,18.22667,1385,20.3,2.2,0.2591026,0.133199,0.6295034,12682,455-020,353.729187,18.2325,353.722931,18.226667,1385,67,9,1,0.011328377,12682,50.98654928,8.67492,0.11673382,9.219999878,0.094193204,-1.8042859,0.13761248,9,0.1,-10.479206,-0.254635238,FALSE,0.254635238,1.80E+09,FALSE,FALSE,FALSE,TRUE,FALSE,FALSE,FALSE,FALSE,FALSE,FALSE,FALSE,FALSE,FALSE,FALSE,0.003911982,62399.02365,TRUE,FALSE,0.004619863,TRUE,FALSE
12690,1,1.24E+18,353.91626,1.19806,2604,37.1,2.2,0.1528192,0.07856102,0.5866331,12690,M+060015,353.917084,1.199445,353.91626,1.198056,2604,90,9.52,1,0.0144,12690,54.08160067,8.119927,0.09371133,8.944780249,0.054351882,-1.3064295,0.17913915,9.52,0.07,-9.426357,-0.244615813,FALSE,0.244615813,4.54E+09,FALSE,FALSE,FALSE,FALSE,FALSE,TRUE,FALSE,FALSE,FALSE,FALSE,FALSE,FALSE,FALSE,FALSE,0.00934938,10924.60604,FALSE,FALSE,0.008686009,TRUE,FALSE
12692,1,1.24E+18,353.92834,20.28806,2179,41.3,7.8,0.2380381,0.1223702,0.2110013,12692,455-023,353.93042,20.285555,353.928345,20.288055,2179,232,9.32,1,0.024678855,12692,77.8190283,9.71118,0.27284214,9.879297584,0.164043911,-0.69498813,0.1648599,9.32,0.17,-10.406168,0.024390567,FALSE,0.024390567,7.92E+09,FALSE,FALSE,FALSE,TRUE,FALSE,FALSE,FALSE,FALSE,FALSE,FALSE,FALSE,FALSE,FALSE,FALSE,0.013407925,5311.879999,FALSE,FALSE,0.007268362,TRUE,FALSE
12694,1,1.24E+18,353.96503,23.61861,3052,43.8,2.2,0.1860599,0.09564931,0.8048568,12694,N7712,353.971252,23.61861,353.965027,23.61861,3052,182,9.37,1,0.009895313,12694,36.40360277,10.034839,0.058263395,10.11779916,0.043628606,-0.4858489,0.04514938,9.37,0.06,-10.520687,0.074218387,FALSE,0.074218387,1.40E+10,FALSE,FALSE,TRUE,FALSE,FALSE,FALSE,FALSE,FALSE,FALSE,FALSE,FALSE,FALSE,FALSE,FALSE,0.007529973,16841.64845,FALSE,FALSE,0.010180376,TRUE,FALSE
12702,1,1.24E+18,354.13126,0.29722,2568,37.3,4.2,0.1135348,0.05836576,0.7792748,12702,N7716,354.132111,0.305,354.131256,0.297222,2568,234,9.68,1,0.016099516,12702,38.80580813,10.442636,0.10639941,9.845338612,0.097803664,-1.3376178,0.10480173,9.69,0.11,-11.780253,0.062769624,FALSE,0.062769624,3.41E+10,TRUE,FALSE,FALSE,FALSE,FALSE,FALSE,FALSE,FALSE,FALSE,FALSE,FALSE,FALSE,FALSE,FALSE,0.010308303,8986.633897,FALSE,FALSE,0.008565926,TRUE,FALSE
12707,1,1.24E+18,354.17041,17.51444,2606,33.9,6.7,0.2321533,0.1193449,0.5208923,12707,455-027,354.169189,17.512222,354.17041,17.514444,2606,190,9.64,1,0.0144,12707,58.60792524,9.063553,0.19573519,9.398328036,0.171671855,-1.2657045,0.1789611,9.64,0.18,-10.329257,0.010497302,FALSE,0.010497302,6.96E+09,FALSE,FALSE,FALSE,TRUE,FALSE,FALSE,FALSE,FALSE,FALSE,FALSE,FALSE,FALSE,FALSE,FALSE,0.009356561,10907.84408,FALSE,FALSE,0.00869268,TRUE,FALSE
12710,1,1.24E+18,354.38751,17.995,2516,36.7,4.3,0.2261086,0.1162375,0.8535076,12710,455-031,354.388336,17.993612,354.387512,17.995001,2516,157,9.62,1,0.007736432,12710,31.40477664,8.804286,0.10732938,9.634083583,0.101821298,-0.7450998,0.103283234,9.63,0.11,-9.549386,0.154932616,FALSE,0.154932616,6.18E+09,FALSE,FALSE,FALSE,FALSE,TRUE,FALSE,FALSE,FALSE,FALSE,FALSE,FALSE,FALSE,FALSE,FALSE,0.004853228,40542.45371,FALSE,FALSE,0.008392473,TRUE,FALSE
12713,1,1.24E+18,354.5596,30.70806,295,5.7,2.3,0.206882,0.1063535,0.3719379,12713,497-044,354.5625,30.709446,354.559601,30.708055,295,95,7.87,1,0.018264181,12713,68.16487524,7.4847903,0.3772879,8.013376928,0.350497547,-2.6508892,0.40839255,7.87,0.35,-10.135679,0.106011894,FALSE,0.106011894,1.29E+08,FALSE,FALSE,FALSE,TRUE,FALSE,FALSE,FALSE,FALSE,FALSE,FALSE,FALSE,FALSE,FALSE,FALSE,0.001343388,529137.196,FALSE,FALSE,9.84E-04,TRUE,FALSE
12732,1,1.24E+18,355.1658,26.23611,747,11.6,2.4,0.2912099,0.1497047,0.5867186,12732,476-106,355.167908,26.230556,355.165802,26.236111,747,118,9.38,1,0.007393853,12732,54.07555144,8.057804,0.19607733,8.312466871,0.179716558,-2.6316338,0.22053044,9.38,0.18,-10.689438,-0.092560888,FALSE,0.092560888,3.30E+09,FALSE,FALSE,TRUE,FALSE,FALSE,FALSE,FALSE,FALSE,FALSE,FALSE,FALSE,FALSE,FALSE,FALSE,0.001377117,503535.2756,FALSE,FALSE,0.002491724,TRUE,FALSE
12738,1,1.24E+18,355.39081,3.72472,2913,41.4,2.4,0.1787419,0.0918873,0.4032603,12738,N7732,355.384155,3.728333,355.390808,3.724722,2913,217,9.91,1,0.010171589,12738,66.21790149,9.349511,0.13816714,9.842969284,0.050380357,-1.0354869,0.06598615,9.91,0.07,-10.384998,-0.030165719,FALSE,0.030165719,1.30E+10,FALSE,FALSE,FALSE,TRUE,FALSE,FALSE,FALSE,FALSE,FALSE,FALSE,FALSE,FALSE,FALSE,FALSE,0.007387689,17496.6197,FALSE,FALSE,0.009716722,TRUE,FALSE
12760,1,1.24E+18,356.0654,10.76694,1659,24,4.4,0.1823986,0.09376711,0.9919364,12760,N7742,356.064178,10.769722,356.065399,10.766944,1659,69,9.12,1,0.014827936,12760,7.281062332,10.278859,0.1610435,9.63031676,0.159241332,-1.0946617,0.1594465,9.13,0.16,-11.373521,0.280363527,FALSE,0.280363527,2.08E+10,FALSE,TRUE,FALSE,FALSE,FALSE,FALSE,FALSE,FALSE,FALSE,FALSE,FALSE,FALSE,FALSE,FALSE,0.006133472,25383.91183,TRUE,FALSE,0.005533828,TRUE,FALSE
12771,1,1.24E+18,356.38666,17.25361,1291,18.8,2.2,0.188718,0.09701578,0.3499938,12771,,356.387085,17.253889,356.386658,17.253611,1291,89,8.43,1,0.007761411,12771,69.51312282,7.6646786,0.17968626,8.084574263,0.101857455,-2.497078,0.2429986,8.43,0.11,-10.1617565,-0.050165366,FALSE,0.050165366,4.04E+08,FALSE,FALSE,FALSE,TRUE,FALSE,FALSE,FALSE,FALSE,FALSE,FALSE,FALSE,FALSE,FALSE,FALSE,0.00249831,152995.5785,FALSE,FALSE,0.004306312,TRUE,FALSE
12777,1,1.24E+18,356.6575,3.79972,2930,25.8,5.2,0.1686986,0.08672426,0.500111,12777,N7750,356.658325,3.798611,356.657501,3.799722,2930,224,9.46,1,0.008046309,12777,59.9927067,9.676614,0.20129716,9.91336875,0.175064642,-0.48080888,0.17515546,9.46,0.18,-10.157423,0.053028358,FALSE,0.053028358,8.58E+09,FALSE,FALSE,FALSE,TRUE,FALSE,FALSE,FALSE,FALSE,FALSE,FALSE,FALSE,FALSE,FALSE,FALSE,0.00587819,27636.56574,FALSE,FALSE,0.009773428,TRUE,FALSE
12791,1,1.24E+18,357.20541,26.22056,789,12.1,2.4,0.2003624,0.1030019,0.3499995,12791,477-012,357.212463,26.218056,357.205414,26.220556,789,90,8.33,1,0.019345307,12791,69.51277418,7.566643,0.2271188,7.994213644,0.172321383,-2.8980567,0.2766348,8.33,0.18,-10.4647,-0.020368052,FALSE,0.020368052,3.21E+08,FALSE,FALSE,FALSE,TRUE,FALSE,FALSE,FALSE,FALSE,FALSE,FALSE,FALSE,FALSE,FALSE,FALSE,0.003805677,65933.70333,FALSE,FALSE,0.002631821,TRUE,FALSE
12843,1,1.24E+18,358.87582,17.91917,1772,25.3,4.2,0.1435762,0.07380936,0.3233947,12843,455-066,358.872894,17.914165,358.875824,17.919167,1772,153,9.49,1,0.017446217,12843,71.13171337,9.355356,0.21447818,9.369871967,0.144193833,-1.5378869,0.15188807,9.49,0.15,-10.893243,-0.118755637,FALSE,0.118755637,6.38E+09,FALSE,FALSE,TRUE,FALSE,FALSE,FALSE,FALSE,FALSE,FALSE,FALSE,FALSE,FALSE,FALSE,FALSE,0.007708046,16072.47479,FALSE,FALSE,0.005910756,TRUE,FALSE
12856,1,1.24E+18,359.18582,16.80833,1774,25.3,4.1,0.1182045,0.06076637,0.3747291,12856,456-004,359.189545,16.814722,359.185822,16.808332,1774,146,9.3,1,0.009967203,12856,67.99248687,8.820044,0.19747327,9.052191227,0.14077156,-1.4101121,0.14903203,9.3,0.15,-10.230156,-0.059180498,FALSE,0.059180498,3.31E+09,FALSE,FALSE,FALSE,TRUE,FALSE,FALSE,FALSE,FALSE,FALSE,FALSE,FALSE,FALSE,FALSE,FALSE,0.004408656,49131.3718,FALSE,FALSE,0.005917427,TRUE,FALSE
12857,1,1.24E+18,359.19748,1.355,2461,30.3,6,0.09385881,0.04825076,0.2200088,12857,382-007,359.198303,1.355556,359.197479,1.355,2461,246,9.39,1,0.003598993,12857,77.29051542,9.627774,0.27303845,9.845630104,0.17199807,-0.74400795,0.17239782,9.39,0.18,-10.371782,0.056529306,FALSE,0.056529306,7.51E+09,FALSE,FALSE,FALSE,TRUE,FALSE,FALSE,FALSE,FALSE,FALSE,FALSE,FALSE,FALSE,FALSE,FALSE,0.002208371,195806.677,FALSE,FALSE,0.008209012,TRUE,FALSE
12884,1,1.24E+18,359.85709,20.74972,2402,33.4,4.2,0.2221911,0.1142236,0.8735381,12884,N7798,359.86084,20.752501,359.857086,20.749722,2402,82,9.12,1,0.015269984,12884,29.12759501,10.181838,0.11353388,9.690374194,0.109223848,-0.015558564,0.10923272,9.1,0.12,-10.197396,-0.207096954,FALSE,0.207096954,1.70E+10,FALSE,FALSE,FALSE,TRUE,FALSE,FALSE,FALSE,FALSE,FALSE,FALSE,FALSE,FALSE,FALSE,FALSE,0.009145152,11417.98737,FALSE,FALSE,0.00801221,TRUE,FALSE
12885,1,1.24E+18,359.90417,14.80694,1737,24.7,2.3,0.1370725,0.07046597,0.4071171,12885,N7800,359.904175,14.805834,359.904175,14.806945,1737,203,9.72,1,0.025036749,12885,65.976192,9.191613,0.15081015,9.544816076,0.080883005,-0.87256193,0.0821703,9.72,0.09,-10.064175,-0.012235865,FALSE,0.012235865,8.53E+09,FALSE,FALSE,FALSE,TRUE,FALSE,FALSE,FALSE,FALSE,FALSE,FALSE,FALSE,FALSE,FALSE,FALSE,0.01084319,8121.892194,FALSE,FALSE,0.005794008,TRUE,FALSE
100005,1,1.24E+18,0.70125,18.96861,713,10.7,2.3,0.1195347,0.06145017,0.6333345,100005,Eder Dw,0.707083,18.964445,0.70125,18.968611,713,33,7.4,1,0.0036,100005,50.70347621,7.1006594,0.19935562,7.361309537,0.186862556,-3.0886612,0.27767718,7.4,0.19,-10.189321,-0.162174494,FALSE,0.162174494,4.60E+07,FALSE,FALSE,FALSE,TRUE,FALSE,FALSE,FALSE,FALSE,FALSE,FALSE,FALSE,FALSE,FALSE,FALSE,6.40E-04,2331463.749,FALSE,FALSE,0.002378312,TRUE,FALSE
100062,1,1.24E+18,2.47083,15.73472,869,12.7,2.3,0.2258691,0.1161144,0.5834459,100062,433-029,2.47,15.732778,2.470834,15.734722,869,45,7.82,1,0.015618918,100062,54.30677019,7.465073,0.17593925,7.690370218,0.157384257,-2.4579258,0.17654693,7.82,0.16,-9.922998,-0.149806497,FALSE,0.149806497,1.17E+08,FALSE,FALSE,FALSE,FALSE,TRUE,FALSE,FALSE,FALSE,FALSE,FALSE,FALSE,FALSE,FALSE,FALSE,0.003384153,83381.80376,FALSE,FALSE,0.002898672,TRUE,FALSE
100092,1,1.24E+18,3.475,12.80694,1703,23.9,2.3,0.3438795,0.1767809,0.9452154,100092,,3.470834,12.805,3.475,12.806945,1703,23,7.81,1,0.018,100092,19.05329913,7.7577133,0.0934259,7.926702285,0.084077698,-2.0154274,0.11965278,7.81,0.1,-9.773141,-0.067293138,FALSE,0.067293138,1.43E+08,FALSE,FALSE,FALSE,FALSE,TRUE,FALSE,FALSE,FALSE,FALSE,FALSE,FALSE,FALSE,FALSE,FALSE,0.007643046,16347.01354,FALSE,FALSE,0.005680597,TRUE,FALSE
100244,1,1.24E+18,6.96458,3.48972,1384,26.2,5.3,0.07128385,0.03664547,0.7519444,100244,383-020,6.963333,3.486667,6.964583,3.489722,1384,102,8.71,1,0.012963327,100244,41.24094514,8.125789,0.18154992,8.517223025,0.175726499,-2.0713894,0.2136456,8.71,0.18,-10.197178,0.085395353,FALSE,0.085395353,8.16E+08,FALSE,FALSE,FALSE,TRUE,FALSE,FALSE,FALSE,FALSE,FALSE,FALSE,FALSE,FALSE,FALSE,FALSE,0.00447334,47720.78681,FALSE,FALSE,0.004616527,TRUE,FALSE
100251,1,1.24E+18,7.11083,5.00444,1343,18.6,2.3,0.04460495,0.02293043,0.4463818,100251,409-018,7.114167,5.003056,7.110833,5.004445,1343,103,8.78,1,0.020970275,100251,63.48827375,8.303306,0.15695553,8.511725493,0.107420948,-2.0504708,0.12772907,8.78,0.11,-10.353777,-0.065463088,FALSE,0.065463088,1.00E+09,FALSE,FALSE,FALSE,TRUE,FALSE,FALSE,FALSE,FALSE,FALSE,FALSE,FALSE,FALSE,FALSE,FALSE,0.007021978,19366.55848,FALSE,FALSE,0.004479766,TRUE,FALSE
100345,1,1.24E+18,9.28083,28.83278,1984,27.5,2.3,0.1730404,0.0889563,0.5819198,100345,500-052,9.28,28.832224,9.280833,28.832779,1984,73,8.94,1,0.010122898,100345,54.41436123,8.228159,0.107269585,8.605350588,0.07267173,-1.9560072,0.10484496,8.94,0.08,-10.184166,-0.203944188,FALSE,0.203944188,1.33E+09,FALSE,FALSE,FALSE,TRUE,FALSE,FALSE,FALSE,FALSE,FALSE,FALSE,FALSE,FALSE,FALSE,FALSE,0.005007556,38081.99319,FALSE,FALSE,0.006617912,TRUE,FALSE
100603,1,1.24E+18,12.815,10.79972,1137,15.7,2.2,0.1559099,0.08014986,0.55,100603,435-015,12.819584,10.798056,12.815001,10.799723,1137,80,7.88,1,0.011364197,100603,56.63303487,7.664021,0.14925689,7.974828347,0.121768356,-2.4980688,0.16956747,7.88,0.13,-10.16209,0.063182712,FALSE,0.063182712,1.47E+08,FALSE,FALSE,FALSE,TRUE,FALSE,FALSE,FALSE,FALSE,FALSE,FALSE,FALSE,FALSE,FALSE,FALSE,0.003221651,92005.60631,FALSE,FALSE,0.003792624,TRUE,FALSE
100894,1,1.24E+18,11.20167,5.13583,2932,40.5,2.2,0.08604264,0.04423264,0.6857289,100894,410-002,11.199167,5.138055,11.201667,5.135833,2932,114,8.88,1,0.015242878,100894,46.70708146,9.298602,0.074203104,9.588264253,0.047184422,-0.57255864,0.04883839,8.88,0.07,-9.8711605,-0.050627903,FALSE,0.050627903,3.00E+09,FALSE,FALSE,FALSE,FALSE,TRUE,FALSE,FALSE,FALSE,FALSE,FALSE,FALSE,FALSE,FALSE,FALSE,0.011143209,7690.433995,FALSE,FALSE,0.009780099,TRUE,FALSE
101180,1,1.24E+18,4.14417,17.26556,2003,28.1,2.3,0.1763785,0.09067231,0.1621549,101180,,4.146667,17.266666,4.144167,17.265556,2003,129,8.59,1,0.017712286,101180,80.66807163,7.7482433,0.26395342,8.847835938,0.071101969,-1.3714503,0.07362738,8.59,0.08,-9.119694,0.050466844,FALSE,0.050466844,5.73E+08,FALSE,FALSE,FALSE,FALSE,FALSE,TRUE,FALSE,FALSE,FALSE,FALSE,FALSE,FALSE,FALSE,FALSE,0.008845755,12203.9831,FALSE,FALSE,0.006681289,TRUE,FALSE
101193,1,1.24E+18,6.78042,10.65083,2181,30.3,2.2,0.3217593,0.1654094,0.617825,101193,,6.7775,10.656667,6.780416,10.650833,2181,106,8.31,1,0.017802153,101193,51.84256596,7.963919,0.09563394,8.416126854,0.063167335,-1.4997538,0.10053572,8.31,0.08,-9.463673,0.113271695,FALSE,0.113271695,3.64E+08,FALSE,FALSE,FALSE,FALSE,FALSE,TRUE,FALSE,FALSE,FALSE,FALSE,FALSE,FALSE,FALSE,FALSE,0.009680717,10189.5813,FALSE,FALSE,0.007275033,TRUE,FALSE
101200,1,1.24E+18,14.38292,10.36278,2757,37.8,2.3,0.2048616,0.1053148,0.3577499,101200,F682-01,14.386666,10.366112,14.382916,10.362778,2757,111,8.95,1,0.015889949,101200,69.03798449,7.8878107,0.15686952,8.16230616,0.056111345,-2.3037326,0.3878701,8.95,0.07,-10.191544,-0.076542737,FALSE,0.076542737,1.26E+09,FALSE,FALSE,FALSE,TRUE,FALSE,FALSE,FALSE,FALSE,FALSE,FALSE,FALSE,FALSE,FALSE,FALSE,0.010922916,8003.762434,FALSE,FALSE,0.009196362,TRUE,FALSE
101814,1,1.24E+18,3.57333,15.85167,1948,27.3,2.4,0.2199104,0.1130511,0.316294,101814,,3.574583,15.857223,3.573334,15.851667,1948,38,7.86,2,0.017564991,101814,71.56111137,7.367337,0.18056963,7.649263028,0.07874045,-2.808476,0.45468467,7.86,0.1,-10.175814,-0.293092321,FALSE,0.293092321,1.20E+08,FALSE,FALSE,FALSE,TRUE,FALSE,FALSE,FALSE,FALSE,FALSE,FALSE,FALSE,FALSE,FALSE,FALSE,0.00853132,13120.15483,TRUE,FALSE,0.006497829,TRUE,FALSE
101831,1,1.24E+18,1.12958,20.71778,2174,30.7,2.1,0.1866103,0.09593228,0.7763867,101831,F538-2,1.119167,20.723333,1.129583,20.717779,2174,85,8.77,1,0.010723923,101831,39.06910772,8.227433,0.073334046,8.405728797,0.059692088,-2.0627794,0.16513991,8.77,0.07,-10.290213,0.008956161,FALSE,0.008956161,9.52E+08,FALSE,FALSE,FALSE,TRUE,FALSE,FALSE,FALSE,FALSE,FALSE,FALSE,FALSE,FALSE,FALSE,FALSE,0.005812896,28260.91865,FALSE,FALSE,0.007251683,TRUE,FALSE
102309,1,1.24E+18,1.19458,5.25111,3025,42.5,2.3,0.09592056,0.04931066,0.8394393,102309,,1.192083,5.248611,1.194583,5.251111,3025,46,8.29,1,0.011341209,102309,32.91906944,8.237116,0.058477603,8.362087786,0.048844681,-1.7282373,0.15538028,8.29,0.07,-9.965353,-0.107552688,FALSE,0.107552688,4.32E+08,FALSE,FALSE,FALSE,FALSE,TRUE,FALSE,FALSE,FALSE,FALSE,FALSE,FALSE,FALSE,FALSE,FALSE,0.008553898,13050.98416,FALSE,FALSE,0.010090314,TRUE,FALSE
102558,1,1.24E+18,1.76958,27.02444,2963,41.7,2.3,0.2082915,0.1070781,0.943742,102558,,1.765,27.009167,1.769583,27.024445,2963,48,8.27,1,0.020409786,102558,19.31023316,7.585432,0.05987478,8.005794743,0.050537189,-2.182925,0.23460405,8.27,0.07,-9.768357,0.171391837,FALSE,0.171391837,2.86E+08,FALSE,FALSE,FALSE,FALSE,TRUE,FALSE,FALSE,FALSE,FALSE,FALSE,FALSE,FALSE,FALSE,FALSE,0.015078198,4200.224687,FALSE,FALSE,0.009883504,TRUE,FALSE
102624,1,1.24E+18,2.26417,25.46389,1393,19.9,2.2,0.119764,0.06156807,0.6703574,102624,,2.270833,25.480278,2.264167,25.46389,1393,109,7.82,1,0.009750849,102624,47.90538536,8.047037,0.11334209,8.291010463,0.09603501,-1.6236151,0.098139934,7.82,0.11,-9.670652,0.215829686,FALSE,0.215829686,1.99E+08,FALSE,FALSE,FALSE,FALSE,TRUE,FALSE,FALSE,FALSE,FALSE,FALSE,FALSE,FALSE,FALSE,FALSE,0.00338667,83257.93466,FALSE,FALSE,0.004646548,TRUE,FALSE
102670,1,1.24E+18,11.32625,24.14472,2025,27.9,2.4,0.1299303,0.06679433,0.5998911,102670,,11.32625,24.143888,11.32625,24.144722,2025,63,8.15,1,0.0072,102670,53.13794623,7.115395,0.106807575,7.63355828,0.076444151,-2.5600028,0.2425837,8.14,0.09,-9.675398,-0.055832113,FALSE,0.055832113,2.01E+08,FALSE,FALSE,FALSE,FALSE,TRUE,FALSE,FALSE,FALSE,FALSE,FALSE,FALSE,FALSE,FALSE,FALSE,0.003635271,72259.95394,FALSE,FALSE,0.006754673,TRUE,FALSE
102736,1,1.24E+18,0.96708,30.27861,2936,41.4,2.3,0.1996675,0.1026447,0.9028701,102736,,0.9725,30.275555,0.967083,30.27861,2936,64,8.61,1,0.009326706,102736,25.46208969,8.614486,0.055717383,8.944564209,0.048284859,-1.5500929,0.08624453,8.61,0.07,-10.164578,0.051689784,FALSE,0.051689784,9.53E+08,FALSE,FALSE,FALSE,TRUE,FALSE,FALSE,FALSE,FALSE,FALSE,FALSE,FALSE,FALSE,FALSE,FALSE,0.006827531,20485.3813,FALSE,FALSE,0.009793442,TRUE,FALSE
102775,1,1.24E+18,7.20833,32.17389,2893,40.2,2.3,0.2273744,0.1168882,0.3263042,102775,KAZ025,7.20625,32.174446,7.208333,32.173889,2893,141,8.73,1,0.009824824,102775,70.95545165,8.692917,0.16533431,8.898494088,0.049722642,-1.9125146,0.12834463,8.72,0.07,-10.605432,0.026921542,FALSE,0.026921542,1.21E+09,FALSE,FALSE,TRUE,FALSE,FALSE,FALSE,FALSE,FALSE,FALSE,FALSE,FALSE,FALSE,FALSE,FALSE,0.007086839,19013.68535,FALSE,FALSE,0.009650009,TRUE,FALSE
102924,1,1.24E+18,9.68083,28.48056,2604,36,2.4,0.1619785,0.08326958,0.4461986,102924,,9.682917,28.482779,9.680834,28.480556,2604,54,8.59,1,0.019172041,102924,63.50000326,7.6710277,0.12855996,8.130234874,0.058453357,-2.3298843,0.23108453,8.59,0.07,-10.000912,-0.28356504,FALSE,0.28356504,5.64E+08,FALSE,FALSE,FALSE,TRUE,FALSE,FALSE,FALSE,FALSE,FALSE,FALSE,FALSE,FALSE,FALSE,FALSE,0.012447687,6163.027001,TRUE,FALSE,0.008686009,TRUE,FALSE
103393,1,1.24E+18,12.9775,23.48083,2622,36,2.3,0.1098069,0.05644934,0.4930648,103393,,12.971667,23.482224,12.9775,23.480833,2622,76,8.5,1,0.0108,103393,60.45782924,8.316854,0.11524779,8.679113353,0.055544935,-1.6069444,0.07860689,8.5,0.07,-9.923798,-0.134480111,FALSE,0.134480111,6.28E+08,FALSE,FALSE,FALSE,FALSE,TRUE,FALSE,FALSE,FALSE,FALSE,FALSE,FALSE,FALSE,FALSE,FALSE,0.007060505,19155.78009,FALSE,FALSE,0.008746051,TRUE,FALSE
103402,1,1.24E+18,14.3075,22.8775,1705,23.4,2.3,0.1284674,0.06604226,0.5106031,103402,,14.308333,22.873056,14.3075,22.877501,1705,87,7.94,1,0.0036,103402,59.2960398,7.6819673,0.12882549,7.905274233,0.085677601,-2.996869,0.4258387,7.94,0.1,-10.678837,0.075168984,FALSE,0.075168984,1.64E+08,FALSE,FALSE,TRUE,FALSE,FALSE,FALSE,FALSE,FALSE,FALSE,FALSE,FALSE,FALSE,FALSE,FALSE,0.001530404,407717.1316,FALSE,FALSE,0.005687268,TRUE,FALSE
103419,1,1.24E+18,5.1725,8.61694,692,10,2.2,0.4547947,0.2338,0.5371122,103419,,5.172083,8.614167,5.1725,8.616944,692,32,7.69,1,0.0144,103419,57.51277926,6.759998,0.21543732,6.984194051,0.194708263,-3.637118,0.89629024,7.69,0.19,-10.397116,-0.259882012,FALSE,0.259882012,7.09E+07,FALSE,FALSE,FALSE,TRUE,FALSE,FALSE,FALSE,FALSE,FALSE,FALSE,FALSE,FALSE,FALSE,FALSE,0.002484551,154694.743,TRUE,FALSE,0.002308264,TRUE,FALSE
103539,1,1.24E+18,14.01083,21.25722,1772,24.3,2.4,0.1361394,0.06998628,0.3389865,103539,,14.020834,21.258333,14.010834,21.257223,1772,65,8.4,1,0.017226237,103539,70.18492108,7.7301707,0.1747668,7.975456647,0.086086765,-2.8145993,0.35610855,8.4,0.1,-10.54477,-0.184020724,FALSE,0.184020724,3.88E+08,FALSE,FALSE,TRUE,FALSE,FALSE,FALSE,FALSE,FALSE,FALSE,FALSE,FALSE,FALSE,FALSE,FALSE,0.007610855,16485.58858,FALSE,FALSE,0.005910756,TRUE,FALSE
103567,1,1.24E+18,0.2775,32.37917,542,8.8,2.4,0.1718557,0.08834724,0.2514294,103567,,0.277083,32.382221,0.2775,32.379166,542,32,7.42,1,0.0144,103567,75.43795088,6.0920033,0.30677092,6.452077852,0.239019867,-3.6984243,0.5725015,7.41,0.24,-9.790428,-0.246689773,FALSE,0.246689773,3.62E+07,FALSE,FALSE,FALSE,FALSE,TRUE,FALSE,FALSE,FALSE,FALSE,FALSE,FALSE,FALSE,FALSE,FALSE,0.001945992,252167.5338,FALSE,FALSE,0.001807917,TRUE,FALSE
103816,1,1.24E+18,8.04958,7.55167,2205,30.5,2.3,0.1355158,0.06966569,0.5207802,103816,,8.040417,7.549722,8.049583,7.551667,2205,43,7.98,1,0.015207415,103816,58.61544918,8.774109,0.11430022,8.881262815,0.065516657,-1.1839961,0.09775091,7.97,0.09,-9.958105,-0.388671982,TRUE,0.388671982,7.21E+08,FALSE,FALSE,FALSE,FALSE,TRUE,FALSE,FALSE,FALSE,FALSE,FALSE,FALSE,TRUE,FALSE,FALSE,0.008360713,13661.0709,TRUE,FALSE,0.007355088,FALSE,TRUE
103822,1,1.24E+18,8.70875,7.15139,2112,29.2,2.3,0.09733101,0.05003574,0.5949283,103822,,8.705,7.140278,8.70875,7.151389,2112,32,8.41,1,0.0036,103822,53.49252425,8.300341,0.102086626,8.327683295,0.068578766,-2.197601,0.22086103,8.41,0.09,-10.497942,-0.459682751,TRUE,0.459682751,5.42E+08,FALSE,FALSE,FALSE,TRUE,FALSE,FALSE,FALSE,FALSE,FALSE,FALSE,TRUE,FALSE,FALSE,FALSE,0.001895727,265717.3418,TRUE,TRUE,0.007044874,FALSE,TRUE
103861,1,1.24E+18,10.84458,5.35806,2015,27.7,2.4,0.125058,0.06428957,0.4605032,103861,,10.842083,5.354722,10.844584,5.358056,2015,92,8.3,1,0.020320233,103861,62.58047001,7.8861127,0.13400815,8.124511713,0.075733244,-2.2959735,0.23886661,8.3,0.09,-10.182086,0.005651961,FALSE,0.005651961,3.42E+08,FALSE,FALSE,FALSE,TRUE,FALSE,FALSE,FALSE,FALSE,FALSE,FALSE,FALSE,FALSE,FALSE,FALSE,0.010208997,9162.315882,FALSE,FALSE,0.006721317,TRUE,FALSE
103972,1,1.24E+18,4.0725,12.41528,1662,23.3,2.2,0.3596211,0.1848733,0.3325506,103972,,4.074167,12.412499,4.0725,12.415277,1662,42,8.04,1,0.0108,103972,70.57639977,8.019889,0.17802696,8.367811075,0.082095935,-2.1652536,0.15101497,8.04,0.1,-10.1851425,-0.327298816,TRUE,0.327298816,2.51E+08,FALSE,FALSE,FALSE,TRUE,FALSE,FALSE,FALSE,FALSE,FALSE,FALSE,TRUE,FALSE,FALSE,FALSE,0.004475423,47676.36967,TRUE,FALSE,0.005543835,FALSE,TRUE
104219,1,1.24E+18,3.17333,3.11972,2318,32.4,2.3,0.0769579,0.03956237,0.8686923,104219,,3.165833,3.103611,3.173333,3.119722,2318,22,8.06,1,0.01296667,104219,29.69299497,8.132148,0.068566136,8.437700605,0.061815958,-1.9759614,0.14113447,8.06,0.09,-10.108109,-0.343728537,TRUE,0.343728537,2.88E+08,FALSE,FALSE,FALSE,TRUE,FALSE,FALSE,FALSE,FALSE,FALSE,FALSE,TRUE,FALSE,FALSE,FALSE,0.00749413,17003.13287,TRUE,FALSE,0.007732016,FALSE,TRUE
104223,1,1.24E+18,6.91583,10.52639,2202,30.6,2.3,0.3868031,0.198847,0.5339883,104223,,6.919166,10.525556,6.915833,10.526388,2202,34,8.1,1,0.012829152,104223,57.72472236,7.080921,0.11505068,7.799354097,0.066573434,-1.7890573,0.12281793,8.1,0.09,-8.869978,-0.335425293,TRUE,0.335425293,1.79E+08,FALSE,FALSE,FALSE,FALSE,FALSE,FALSE,TRUE,FALSE,FALSE,FALSE,FALSE,FALSE,FALSE,TRUE,0.007043599,19247.84877,TRUE,FALSE,0.007345081,FALSE,TRUE
104272,1,1.24E+18,3.18,20.89139,1962,27.6,2.3,0.2451751,0.1260392,0.678963,104272,,3.181667,20.888332,3.18,20.891388,1962,114,8.77,1,0.0072,104272,47.23737864,8.188941,0.0935306,8.427816414,0.072476776,-1.8194774,0.11116582,8.77,0.09,-10.008418,0.071807052,FALSE,0.071807052,9.38E+08,FALSE,FALSE,FALSE,TRUE,FALSE,FALSE,FALSE,FALSE,FALSE,FALSE,FALSE,FALSE,FALSE,FALSE,0.003522174,76975.00564,FALSE,FALSE,0.006544528,TRUE,FALSE
104274,1,1.24E+18,12.10792,20.22833,2581,35.5,2.4,0.09017483,0.04635691,0.458804,104274,,12.106251,20.226946,12.107917,20.228334,2581,46,8.29,1,0.017608393,104274,62.69009425,7.211346,0.13046294,7.483816864,0.070976658,-2.133448,0.26404607,8.29,0.08,-9.344794,-0.272274345,FALSE,0.272274345,2.76E+08,FALSE,FALSE,FALSE,FALSE,FALSE,TRUE,FALSE,FALSE,FALSE,FALSE,FALSE,FALSE,FALSE,FALSE,0.011331491,7436.99131,TRUE,FALSE,0.008609289,TRUE,FALSE
104279,1,1.24E+18,1.13042,19.62528,2256,31.8,2.3,0.1320904,0.06790477,0.7078658,104279,,1.1325,19.630833,1.130417,19.625278,2256,72,8.59,1,0.012462834,104279,44.93850277,8.2723465,0.08241481,8.594786358,0.062875235,-2.1331604,0.1780612,8.59,0.08,-10.405507,-0.079966088,FALSE,0.079966088,7.05E+08,FALSE,FALSE,FALSE,TRUE,FALSE,FALSE,FALSE,FALSE,FALSE,FALSE,FALSE,FALSE,FALSE,FALSE,0.007010278,19431.25794,FALSE,FALSE,0.007525206,TRUE,FALSE
104558,1,1.24E+18,14.155,35.76917,2693,36.9,2.3,0.1583936,0.0814267,0.7819154,104558,,14.16,35.775276,14.155001,35.769165,2693,69,8.18,1,0.018235461,104558,38.56374887,8.043904,0.068216674,8.284615649,0.054408148,-2.079847,0.14466593,8.18,0.08,-10.123752,0.044287168,FALSE,0.044287168,3.12E+08,FALSE,FALSE,FALSE,TRUE,FALSE,FALSE,FALSE,FALSE,FALSE,FALSE,FALSE,FALSE,FALSE,FALSE,0.012244257,6369.51739,FALSE,FALSE,0.008982881,TRUE,FALSE
110181,1,1.24E+18,19.18208,16.39972,1987,26.9,2.3,0.4291538,0.2206186,0.7070468,110181,459-021,19.180832,16.401112,19.182083,16.399721,1987,116,9.08,1,0.010968234,110181,45.00489799,9.247203,0.09307084,9.406519045,0.074268205,-0.9803447,0.07544782,9.07,0.09,-10.227548,-0.043125819,FALSE,0.043125819,3.37E+09,FALSE,FALSE,FALSE,TRUE,FALSE,FALSE,FALSE,FALSE,FALSE,FALSE,FALSE,FALSE,FALSE,FALSE,0.005433928,32340.2654,FALSE,FALSE,0.006627919,TRUE,FALSE
110223,1,1.24E+18,20.09208,1.88833,2164,29.4,2.2,0.09302001,0.04781955,0.6561733,110223,385-075,20.090418,1.9025,20.092085,1.888333,2164,65,8.51,1,0.020983045,110223,48.99136562,8.271244,0.090445876,8.580121042,0.065042289,-1.8828881,0.10788114,8.51,0.08,-10.154132,-0.138689702,FALSE,0.138689702,6.17E+08,FALSE,FALSE,FALSE,TRUE,FALSE,FALSE,FALSE,FALSE,FALSE,FALSE,FALSE,FALSE,FALSE,FALSE,0.011321529,7450.084377,FALSE,FALSE,0.007218327,TRUE,FALSE
110288,1,1.24E+18,20.83042,7.79583,2697,19.7,3.7,0.1727385,0.08880108,0.6178396,110288,411-042,20.832916,7.799444,20.830416,7.795833,2697,87,8.43,1,0.017893707,110288,51.8415021,7.989266,0.17795691,8.295519539,0.163170142,-1.9724157,0.17278312,8.43,0.17,-9.961681,0.00301121,FALSE,0.00301121,4.56E+08,FALSE,FALSE,FALSE,FALSE,TRUE,FALSE,FALSE,FALSE,FALSE,FALSE,FALSE,FALSE,FALSE,FALSE,0.012032631,6595.537471,FALSE,FALSE,0.008996224,TRUE,FALSE
110379,1,1.24E+18,22.56417,14.6775,2448,33.1,2.2,0.1446271,0.07434961,0.6463293,110379,Eder Dw,22.56625,14.679167,22.564167,14.677501,2448,121,9.2,1,0.011050414,110379,49.73462688,7.9693437,0.088139266,8.234230592,0.05871146,-1.9132842,0.14264256,9.2,0.07,-9.8826275,-0.011719544,FALSE,0.011719544,2.20E+09,FALSE,FALSE,FALSE,FALSE,TRUE,FALSE,FALSE,FALSE,FALSE,FALSE,FALSE,FALSE,FALSE,FALSE,0.006744803,20990.98428,FALSE,FALSE,0.008165649,TRUE,FALSE
110507,1,1.24E+18,26.17167,4.89028,1616,21.7,2.4,0.1178592,0.06058883,0.5190389,110507,412-024,26.171249,4.89,26.171667,4.890278,1616,77,8.69,1,0.012947291,110507,58.73224474,6.8968887,0.13449967,7.587554803,0.096825681,-1.8909063,0.106004246,8.69,0.1,-8.787795,-0.126405609,FALSE,0.126405609,6.59E+08,FALSE,FALSE,FALSE,FALSE,FALSE,FALSE,TRUE,FALSE,FALSE,FALSE,FALSE,FALSE,FALSE,FALSE,0.005216745,35089.09741,FALSE,FALSE,0.005390396,TRUE,FALSE
110834,1,1.24E+18,20.72625,8.85472,2216,33.8,4.2,0.103249,0.05307803,0.8955489,110834,M+104042,20.735834,8.853889,20.72625,8.854723,2216,39,8.01,2,0.0108,110834,26.42100078,8.982671,0.11139908,9.110769059,0.107950763,-1.9563708,0.20367579,8.01,0.13,-10.939041,-0.193596733,FALSE,0.193596733,1.10E+09,FALSE,FALSE,TRUE,FALSE,FALSE,FALSE,FALSE,FALSE,FALSE,FALSE,FALSE,FALSE,FALSE,FALSE,0.005967231,26817.95794,FALSE,FALSE,0.00739178,TRUE,FALSE
110987,1,1.24E+18,30.33667,19.98,2335,32.6,4.2,0.3146426,0.1617509,0.6000091,110987,F544-1,30.335415,19.981667,30.336668,19.980001,2335,122,9.15,1,0.007664692,110987,53.12949549,7.9861784,0.135123,8.321533944,0.112169118,-2.2906942,0.25860873,9.19,0.12,-10.276873,-0.01693545,FALSE,0.01693545,1.98E+09,FALSE,FALSE,FALSE,TRUE,FALSE,FALSE,FALSE,FALSE,FALSE,FALSE,FALSE,FALSE,FALSE,FALSE,0.004462322,47956.72786,FALSE,FALSE,0.007788722,TRUE,FALSE
111812,1,1.24E+18,17.28292,1.12083,1170,15.9,2.3,0.0838892,0.0431256,0.5732042,111812,,17.286665,1.129444,17.282915,1.120833,1170,43,7.89,1,0.020988474,111812,55.0260785,7.14775,0.14946757,,,-2.3646066,0.14447312,7.89,0.13,-9.512357,-0.173639879,FALSE,0.173639879,1.17E+08,FALSE,FALSE,FALSE,FALSE,TRUE,FALSE,FALSE,FALSE,FALSE,FALSE,FALSE,FALSE,FALSE,FALSE,0.006122743,25472.95202,FALSE,FALSE,0.0039027,TRUE,FALSE
111849,1,1.24E+18,21.47708,2.11,2022,27.4,2.3,0.121237,0.0623253,0.8298013,111849,,21.476665,2.098611,21.477083,2.11,2022,73,8.56,1,0.010792677,111849,33.92169653,7.832621,0.08240105,8.215831498,0.073249625,-2.0278285,0.22857621,8.56,0.09,-9.86045,0.055084752,FALSE,0.055084752,5.51E+08,FALSE,FALSE,FALSE,FALSE,TRUE,FALSE,FALSE,FALSE,FALSE,FALSE,FALSE,FALSE,FALSE,FALSE,0.005441137,32254.63014,FALSE,FALSE,0.006744666,TRUE,FALSE
111929,1,1.24E+18,21.16,15.72889,2282,30.9,2.4,0.1971773,0.1013645,0.6907801,111929,,21.16375,15.724722,21.159998,15.728889,2282,98,8.14,1,0.007809636,111929,46.30814681,8.04434,0.08815511,8.427453295,0.067520089,-2.4492285,0.23079036,8.14,0.09,-10.493568,0.138548855,FALSE,0.138548855,2.94E+08,FALSE,FALSE,FALSE,TRUE,FALSE,FALSE,FALSE,FALSE,FALSE,FALSE,FALSE,FALSE,FALSE,FALSE,0.004443506,48363.73843,FALSE,FALSE,0.007611933,TRUE,FALSE
112333,1,1.24E+18,21.6275,17.23,2480,33.6,2.2,0.4533082,0.2330358,0.6093284,112333,F611-12,21.640419,17.242779,21.627501,17.230001,2480,65,9.41,1,0.004978243,112333,52.45908657,7.8365464,0.0943923,8.370155076,0.057135396,-2.9689581,0.598711,9.41,0.07,-10.805505,-0.348223488,TRUE,0.348223488,3.49E+09,FALSE,FALSE,TRUE,FALSE,FALSE,FALSE,FALSE,FALSE,FALSE,TRUE,FALSE,FALSE,FALSE,FALSE,0.003078273,100776.0155,TRUE,FALSE,0.00827239,FALSE,TRUE
112455,1,1.24E+18,24.10125,14.52944,2638,35.7,2.3,0.1812382,0.09317059,0.2556318,112455,,24.102501,14.530833,24.10125,14.529444,2638,120,8.45,1,0.0144,112455,75.18903803,8.597838,0.19924326,8.743854824,0.056005525,-2.1784635,0.19237565,8.44,0.08,-10.776302,-0.004191434,FALSE,0.004191434,7.71E+08,FALSE,FALSE,TRUE,FALSE,FALSE,FALSE,FALSE,FALSE,FALSE,FALSE,FALSE,FALSE,FALSE,FALSE,0.009471453,10644.81607,FALSE,FALSE,0.008799421,TRUE,FALSE
112464,1,1.24E+18,24.14958,23.81556,561,8.1,2.4,0.3598694,0.185001,0.6500069,112464,ADBS,24.145416,23.816668,24.149584,23.815556,561,38,7.26,1,0.019516918,112464,49.45791967,6.2667904,0.26647198,6.326520381,0.259799856,-4.1528406,0.64361346,7.25,0.26,-10.419631,-0.031230162,FALSE,0.031230162,2.61E+07,FALSE,FALSE,FALSE,TRUE,FALSE,FALSE,FALSE,FALSE,FALSE,FALSE,FALSE,FALSE,FALSE,FALSE,0.002729942,128134.0434,FALSE,FALSE,0.001871295,TRUE,FALSE
112503,1,1.24E+18,24.50125,14.98278,743,10.2,2.3,0.1799959,0.09253196,0.8748468,112503,,24.505833,14.993334,24.501249,14.982778,743,43,7.14,1,0.007995861,112503,28.97317483,6.6320834,0.199068,7.192067459,0.196130812,-2.8035815,0.21294412,7.14,0.2,-9.435665,0.233232025,FALSE,0.233232025,2.26E+07,FALSE,FALSE,FALSE,FALSE,FALSE,TRUE,FALSE,FALSE,FALSE,FALSE,FALSE,FALSE,FALSE,FALSE,0.001481267,435215.7758,FALSE,FALSE,0.002478381,TRUE,FALSE
112504,1,1.24E+18,24.17042,15.08667,2622,35.4,2.4,0.1943029,0.09988685,0.8024102,112504,,24.172916,15.08,24.170418,15.086666,2622,144,8.42,1,0.015990249,112504,36.63915114,7.806768,0.070536144,7.981051588,0.059620843,-3.1203241,0.6752757,8.42,0.08,-10.927092,0.352038807,TRUE,0.352038807,4.14E+08,FALSE,FALSE,TRUE,FALSE,FALSE,FALSE,FALSE,FALSE,FALSE,TRUE,FALSE,FALSE,FALSE,FALSE,0.010453633,8738.500198,TRUE,FALSE,0.008746051,FALSE,TRUE
113276,1,1.24E+18,19.96583,3.07667,2152,29.2,2.3,0.1061735,0.05458148,0.5087504,113276,,19.962084,3.071389,19.965834,3.076667,2152,77,8.41,1,0.017983399,113276,59.41941988,7.806473,0.118506365,8.169813574,0.068581163,-2.9135873,0.4506932,8.41,0.08,-10.72006,-0.076862856,FALSE,0.076862856,4.06E+08,FALSE,FALSE,TRUE,FALSE,FALSE,FALSE,FALSE,FALSE,FALSE,FALSE,FALSE,FALSE,FALSE,FALSE,0.009649246,10256.15638,FALSE,FALSE,0.007178299,TRUE,FALSE
113730,1,1.24E+18,28.47583,23.91278,2915,39.2,2.4,0.3942122,0.2026559,0.5327075,113730,,28.477917,23.913334,28.475834,23.912777,2915,144,8.89,1,0.017027323,113730,57.81147595,8.468075,0.10617069,8.629438517,0.053376589,-2.5701063,0.4378014,8.89,0.07,-11.038181,0.073896645,FALSE,0.073896645,1.33E+09,FALSE,TRUE,FALSE,FALSE,FALSE,FALSE,FALSE,FALSE,FALSE,FALSE,FALSE,FALSE,FALSE,FALSE,0.012375543,6235.091932,FALSE,FALSE,0.009723393,TRUE,FALSE
113970,1,1.24E+18,29.9,30.85972,2551,34.1,2.3,0.1640937,0.08435698,0.3862976,113970,,29.899584,30.865,29.9,30.859722,2551,52,8.83,1,0.0072,113970,67.27573632,7.319525,0.14987724,7.763674519,0.064228819,-2.4906418,0.40289253,8.83,0.07,-9.810166,-0.366145372,TRUE,0.366145372,9.20E+08,FALSE,FALSE,FALSE,FALSE,TRUE,FALSE,FALSE,FALSE,FALSE,FALSE,FALSE,TRUE,FALSE,FALSE,0.004579544,45533.05798,TRUE,FALSE,0.00850922,FALSE,TRUE
113971,1,1.24E+18,29.89417,30.89139,2626,35.1,2.2,0.1658029,0.08523566,0.8845465,113971,,29.900833,30.886667,29.894167,30.891388,2626,192,9.12,1,0.011736039,113971,27.80425848,8.306704,0.061706044,8.467509242,0.054492906,-2.3513834,0.25515652,9.12,0.07,-10.658087,0.415369486,TRUE,0.415369486,1.96E+09,FALSE,FALSE,TRUE,FALSE,FALSE,FALSE,FALSE,FALSE,FALSE,TRUE,FALSE,FALSE,FALSE,FALSE,0.007684146,16172.61309,TRUE,TRUE,0.008759393,FALSE,TRUE
114027,1,1.24E+18,23.67417,14.64444,731,10.1,2.3,0.1921185,0.09876393,0.6498936,114027,,23.670832,14.645833,23.674166,14.644444,731,31,7.4,1,0.020036616,114027,49.46646153,5.527767,0.21128495,6.363505591,0.199376871,-3.7937467,0.5025226,7.4,0.2,-9.321514,-0.147806807,FALSE,0.147806807,3.37E+07,FALSE,FALSE,FALSE,FALSE,FALSE,TRUE,FALSE,FALSE,FALSE,FALSE,FALSE,FALSE,FALSE,FALSE,0.003651919,71602.6712,FALSE,FALSE,0.002438354,TRUE,FALSE
114598,1,1.24E+18,22.63833,0.91806,2473,33.6,2.3,0.06835174,0.03513813,0.6224315,114598,,22.632082,0.918056,22.638334,0.918056,2473,56,8.31,1,0.020363368,114598,51.50612979,7.1288853,0.09521391,7.521310166,0.06796703,-2.6427786,0.3973553,8.31,0.08,-9.771664,-0.135394205,TRUE,0.135394205,2.85E+08,FALSE,FALSE,FALSE,FALSE,TRUE,FALSE,FALSE,FALSE,FALSE,FALSE,FALSE,FALSE,FALSE,FALSE,0.01255605,6057.107425,FALSE,FALSE,0.00824904,FALSE,TRUE
114671,1,1.24E+18,20.92875,16.53278,2361,32,2.2,0.4233383,0.217629,0.5385433,114671,,20.928749,16.531666,20.928749,16.532778,2361,88,8.79,1,0.007984394,114671,57.41551858,7.835434,0.11193217,8.244625233,0.06006667,-1.7783016,0.09399502,8.79,0.07,-9.613735,-0.094593286,FALSE,0.094593286,8.89E+08,FALSE,FALSE,FALSE,FALSE,TRUE,FALSE,FALSE,FALSE,FALSE,FALSE,FALSE,FALSE,FALSE,FALSE,0.00470021,43225.18244,FALSE,FALSE,0.007875448,TRUE,FALSE
114695,1,1.24E+18,29.67292,19.76889,2340,31.3,2.2,0.2404826,0.1236269,0.6321929,114695,,29.671667,19.767778,29.672916,19.768888,2340,88,8.61,1,0.01534531,114695,50.78794623,7.7709885,0.092022456,8.046661052,0.062130268,-2.9030547,0.544869,8.61,0.07,-10.674044,-0.015689223,FALSE,0.015689223,6.01E+08,FALSE,FALSE,TRUE,FALSE,FALSE,FALSE,FALSE,FALSE,FALSE,FALSE,FALSE,FALSE,FALSE,FALSE,0.008953047,11913.23424,FALSE,FALSE,0.0078054,TRUE,FALSE
114716,1,1.24E+18,23.85542,3.44,1565,21.1,2.2,0.1247439,0.06412812,0.2656344,114716,,23.855831,3.440833,23.855415,3.44,1565,65,8.07,1,0.017967567,114716,74.59541066,7.068812,0.20991671,7.454517231,0.09246717,-2.7585194,0.30012658,8.07,0.1,-9.827332,-0.103797629,FALSE,0.103797629,1.68E+08,FALSE,FALSE,FALSE,FALSE,TRUE,FALSE,FALSE,FALSE,FALSE,FALSE,FALSE,FALSE,FALSE,FALSE,0.007011048,19426.98919,FALSE,FALSE,0.005220278,TRUE,FALSE
114751,1,1.24E+18,19.7625,10.00028,2124,28.8,2.2,0.1714341,0.08813052,0.1896958,114751,,19.772915,9.998055,19.762501,10.000278,2122,91,8.24,2,0.008025533,114751,79.06503481,7.577501,0.24357155,7.560188804,0.073064218,-2.0593824,0.15196708,8.18,0.1,-9.636883,-0.016697187,FALSE,0.016697187,2.69E+08,FALSE,FALSE,FALSE,FALSE,TRUE,FALSE,FALSE,FALSE,FALSE,FALSE,FALSE,FALSE,FALSE,FALSE,0.004250184,52863.50246,FALSE,FALSE,0.007084901,TRUE,FALSE
115275,1,1.24E+18,20.24042,5.51111,2564,34.9,2.3,0.1292201,0.06642921,0.5000032,115275,rgmph,20.242918,5.498888,20.240417,5.511111,2564,86,8.38,1,0.01133685,115275,59.99983897,7.804226,0.11624745,7.706195155,0.075462453,-1.6525391,0.18548858,8.38,0.08,-9.456765,-0.02504969,FALSE,0.02504969,3.83E+08,FALSE,FALSE,FALSE,FALSE,FALSE,TRUE,FALSE,FALSE,FALSE,FALSE,FALSE,FALSE,FALSE,FALSE,0.007247525,18179.91657,FALSE,FALSE,0.008552583,TRUE,FALSE
115280,1,1.24E+18,23.24625,4.75333,1933,26.1,2.4,0.07672714,0.03944374,0.6833345,115280,,23.247499,4.749167,23.24625,4.753334,1933,23,7.83,1,0.0144,115280,46.89527424,7.306063,0.10534488,6.88249658,0.112487085,-2.2188385,0.20627883,7.83,0.1,-9.524901,-0.388443495,TRUE,0.388443495,1.10E+08,FALSE,FALSE,FALSE,FALSE,TRUE,FALSE,FALSE,FALSE,FALSE,FALSE,FALSE,TRUE,FALSE,FALSE,0.006940227,19825.49484,TRUE,FALSE,0.006447794,FALSE,TRUE
115281,1,1.24E+18,23.66917,4.50222,1945,26.2,2.2,0.09844749,0.0506097,0.5992653,115281,rgmph,23.673332,4.490833,23.669167,4.502222,1945,54,8.4,1,0.012952269,115281,53.18274819,6.397786,0.10981101,7.538064242,0.074027615,-1.2052425,0.073980644,8.4,0.08,-7.603029,-0.179054452,FALSE,0.179054452,3.37E+08,FALSE,FALSE,FALSE,FALSE,FALSE,FALSE,TRUE,FALSE,FALSE,FALSE,FALSE,FALSE,FALSE,FALSE,0.006281231,24203.70249,FALSE,FALSE,0.006487822,TRUE,FALSE
115284,1,1.24E+18,26.00917,4.48056,1712,23,2.3,0.0953438,0.04901416,0.7071314,115284,rgmph,26.010416,4.479445,26.009167,4.480556,1712,46,8.22,1,0.017980216,115284,44.99804315,6.8015146,0.108820684,7.436031833,0.09439125,-2.3313808,0.17772019,8.22,0.1,-9.132895,-0.152033177,FALSE,0.152033177,2.27E+08,FALSE,FALSE,FALSE,FALSE,FALSE,TRUE,FALSE,FALSE,FALSE,FALSE,FALSE,FALSE,FALSE,FALSE,0.007674993,16211.20875,FALSE,FALSE,0.005710617,TRUE,FALSE
115289,1,1.24E+18,23.675,17.88445,2744,37.1,2.3,0.2242877,0.1153014,0.4956228,115289,,23.670832,17.875,23.674999,17.884445,2744,55,8.44,1,0.018323148,115289,60.28922406,7.2014318,0.11488079,7.572467322,0.059413308,-2.5645032,0.35069495,8.44,0.07,-9.765935,-0.220290025,FALSE,0.220290025,3.82E+08,FALSE,FALSE,FALSE,FALSE,TRUE,FALSE,FALSE,FALSE,FALSE,FALSE,FALSE,FALSE,FALSE,FALSE,0.012536131,6076.37174,FALSE,FALSE,0.009152999,TRUE,FALSE
115313,1,1.24E+18,23.80042,21.50139,2971,40.2,2.4,0.2335721,0.1200743,0.3538728,115313,,23.802498,21.502501,23.800415,21.501389,2971,128,8.94,1,0.017129914,115313,69.27568181,8.404476,0.1554689,8.677280556,0.052003234,-2.4053202,0.34305552,8.94,0.07,-10.809796,-0.027497323,FALSE,0.027497323,1.41E+09,FALSE,FALSE,TRUE,FALSE,FALSE,FALSE,FALSE,FALSE,FALSE,FALSE,FALSE,FALSE,FALSE,FALSE,0.012689285,5930.57851,FALSE,FALSE,0.009910189,TRUE,FALSE
115321,1,1.24E+18,28.63792,21.80167,2885,38.8,2.4,0.2485968,0.1277982,0.780021,115321,,28.639584,21.806389,28.637917,21.801666,2885,77,8.35,1,0.017547403,115321,38.73753454,7.879481,0.068494566,8.236161701,0.054235794,-2.3704915,0.2795437,8.35,0.08,-10.249972,0.070722375,FALSE,0.070722375,3.74E+08,FALSE,FALSE,FALSE,TRUE,FALSE,FALSE,FALSE,FALSE,FALSE,FALSE,FALSE,FALSE,FALSE,FALSE,0.012622285,5993.705397,FALSE,FALSE,0.009623324,TRUE,FALSE
115324,1,1.24E+18,29.49917,18.17805,730,10,2.3,0.2104964,0.1082116,0.7998916,115324,,29.504583,18.177776,29.499166,18.178055,730,27,7.35,1,0.022609257,115324,36.88027899,7.420748,0.20529342,7.714192067,0.199796619,-2.614453,0.2070457,7.35,0.21,-10.035201,-0.160464823,FALSE,0.160464823,5.61E+07,FALSE,FALSE,FALSE,TRUE,FALSE,FALSE,FALSE,FALSE,FALSE,FALSE,FALSE,FALSE,FALSE,FALSE,0.004115177,56389.00444,FALSE,FALSE,0.002435018,TRUE,FALSE
120542,1,1.24E+18,42.58167,19.11167,1234,11.4,2.3,0.4003181,0.2057948,0.5472397,120542,463-025,42.582916,19.115557,42.581665,19.111668,1234,58,8.08,1,0.018469109,120542,56.82219783,7.791991,0.19626515,8.169234832,0.175245074,-2.3086522,0.1812732,8.07,0.18,-10.100643,-0.122084392,FALSE,0.122084392,2.22E+08,FALSE,FALSE,FALSE,TRUE,FALSE,FALSE,FALSE,FALSE,FALSE,FALSE,FALSE,FALSE,FALSE,FALSE,0.005682513,29572.66885,FALSE,FALSE,0.004116181,TRUE,FALSE
120554,1,1.24E+18,42.76875,4.45389,1013,14.6,4.1,0.2226798,0.1144748,0.5386695,120554,415-015,42.766663,4.4525,42.768749,4.453889,1013,67,8.43,1,0.005083487,120554,57.40693669,7.5110483,0.2597936,8.075478345,0.243925307,-1.7552513,0.2443306,8.5,0.25,-9.266299,-0.123672224,FALSE,0.123672224,3.90E+08,FALSE,FALSE,FALSE,FALSE,FALSE,TRUE,FALSE,FALSE,FALSE,FALSE,FALSE,FALSE,FALSE,FALSE,0.001283957,579255.8161,FALSE,FALSE,0.003379004,TRUE,FALSE
121171,1,1.24E+18,34.11,5.93417,1602,21.4,2.3,0.1572088,0.08081757,0.6795655,121171,,34.113331,5.941389,34.110001,5.934167,1602,76,8.07,1,0.011378114,121171,47.19034086,7.964689,0.11022886,8.26305596,0.093375392,-2.7264464,0.2256066,8.07,0.1,-10.691135,0.040247227,FALSE,0.040247227,2.48E+08,FALSE,FALSE,TRUE,FALSE,FALSE,FALSE,FALSE,FALSE,FALSE,FALSE,FALSE,FALSE,FALSE,FALSE,0.004544772,46232.47499,FALSE,FALSE,0.005343697,TRUE,FALSE
121174,1,1.24E+18,39.56833,29.90639,693,9.7,2.3,0.4930164,0.2534489,0.5519006,121174,KKH 13,39.570415,29.902777,39.568329,29.906389,693,79,8.18,1,0.004764275,121174,56.5025477,7.1266966,0.2244904,7.371468141,0.206285373,-3.188218,0.40530646,8.18,0.22,-10.314915,0.017266905,FALSE,0.017266905,2.15E+08,FALSE,FALSE,FALSE,TRUE,FALSE,FALSE,FALSE,FALSE,FALSE,FALSE,FALSE,FALSE,FALSE,FALSE,8.23E-04,1409135.045,FALSE,FALSE,0.002311599,TRUE,FALSE
121757,1,1.24E+18,39.70083,0.52028,1466,19.7,2.2,0.1272691,0.06542628,0.4520119,121757,,39.704582,0.522778,39.700832,0.520278,1466,100,8.83,1,0.010182128,121757,63.12721451,7.585042,0.14944029,7.929426094,0.104814468,-2.0491507,0.40980875,8.83,0.11,-9.634192,-0.069668694,FALSE,0.069668694,9.38E+08,FALSE,FALSE,FALSE,FALSE,TRUE,FALSE,FALSE,FALSE,FALSE,FALSE,FALSE,FALSE,FALSE,FALSE,0.00372179,68939.42919,FALSE,FALSE,0.00489005,TRUE,FALSE
121759,1,1.24E+18,39.86167,1.27194,2695,36.6,2.2,0.1146912,0.05896026,0.2761546,121759,,39.860001,1.279444,39.861668,1.271944,2695,130,8.66,1,0.016098896,121759,73.96922988,8.360001,0.18906087,8.495200869,0.052449856,-2.0268953,0.16130547,8.66,0.07,-10.386896,0.024198101,FALSE,0.024198101,8.37E+08,FALSE,FALSE,FALSE,TRUE,FALSE,FALSE,FALSE,FALSE,FALSE,FALSE,FALSE,FALSE,FALSE,FALSE,0.010817682,8160.241273,FALSE,FALSE,0.008989552,TRUE,FALSE
121773,1,1.24E+18,40.55875,1.57694,2941,40.1,2.3,0.1172671,0.06028443,0.8812246,121773,,40.561253,1.580278,40.55875,1.576944,2941,83,8.59,1,0.0144,121773,28.20958299,8.369654,0.057625026,8.717357338,0.04987271,-1.5568435,0.075403705,8.59,0.07,-9.926497,0.149200759,FALSE,0.149200759,7.52E+08,FALSE,FALSE,FALSE,FALSE,TRUE,FALSE,FALSE,FALSE,FALSE,FALSE,FALSE,FALSE,FALSE,FALSE,0.010559342,8564.414837,FALSE,FALSE,0.00981012,TRUE,FALSE
122207,1,1.24E+18,37.84167,26.19722,2512,33.4,2.4,0.3860653,0.1984677,0.2619543,122207,,37.842083,26.198889,37.841667,26.197222,2512,144,8.99,1,0.01207262,122207,74.81400815,8.019523,0.19872631,8.129670535,0.06288587,-1.6860149,0.09822938,8.99,0.08,-9.705538,0.010644832,FALSE,0.010644832,1.40E+09,FALSE,FALSE,FALSE,FALSE,TRUE,FALSE,FALSE,FALSE,FALSE,FALSE,FALSE,FALSE,FALSE,FALSE,0.00756137,16702.07373,FALSE,FALSE,0.00837913,TRUE,FALSE
122212,1,1.24E+18,37.91417,27.17944,978,13.3,2.3,0.3623334,0.1862677,0.4648879,122212,,37.917915,27.186666,37.914165,27.179443,978,34,7.36,1,0.019314203,122212,62.29708525,7.7604084,0.18612806,7.894491937,0.150231085,-2.942513,0.26691118,7.36,0.16,-10.702921,-0.278136067,FALSE,0.278136067,8.81E+07,FALSE,FALSE,TRUE,FALSE,FALSE,FALSE,FALSE,FALSE,FALSE,FALSE,FALSE,FALSE,FALSE,FALSE,0.004709719,43050.82073,TRUE,FALSE,0.003262257,TRUE,FALSE
122218,1,1.24E+18,38.81375,28.01972,2693,35.9,2.3,0.4405667,0.2264857,0.487894,122218,,38.818748,28.020834,38.813751,28.019722,2693,98,9.14,1,0.007870189,122218,60.79779731,8.134065,0.12012006,7.802863783,0.062150609,-1.6586463,0.12433579,9.14,0.07,-9.792711,-0.149758329,FALSE,0.149758329,1.97E+09,FALSE,FALSE,FALSE,FALSE,TRUE,FALSE,FALSE,FALSE,FALSE,FALSE,FALSE,FALSE,FALSE,FALSE,0.005284463,34195.55822,FALSE,FALSE,0.008982881,TRUE,FALSE
122219,1,1.24E+18,40.23167,26.66722,1482,19.7,2.3,0.4062977,0.2088687,0.8451106,122219,,40.229168,26.666111,40.23167,26.667221,1482,34,7.66,1,0.0036,122219,32.31623961,7.106332,0.10935162,7.605417915,0.102171649,-2.9210632,0.39539602,7.66,0.12,-10.027395,-0.039501172,FALSE,0.039501172,7.36E+07,FALSE,FALSE,FALSE,TRUE,FALSE,FALSE,FALSE,FALSE,FALSE,FALSE,FALSE,FALSE,FALSE,FALSE,0.00133024,539648.9291,FALSE,FALSE,0.00494342,TRUE,FALSE
122399,1,1.24E+18,36.71042,29.45889,1707,22.7,2.5,0.3338273,0.1716133,0.6652169,122399,,36.702919,29.465557,36.710419,29.458889,1707,37,8.27,1,0.004773407,122399,48.30107328,7.0367374,0.12209688,7.389958381,0.098772659,-2.7865062,0.3983877,8.27,0.1,-9.823244,-0.284335114,FALSE,0.284335114,2.59E+08,FALSE,FALSE,FALSE,FALSE,TRUE,FALSE,FALSE,FALSE,FALSE,FALSE,FALSE,FALSE,FALSE,FALSE,0.002031615,231360.2553,TRUE,FALSE,0.005693939,TRUE,FALSE
122401,1,1.24E+18,37.08125,26.12528,1730,23,2.2,0.3443965,0.1770467,0.2999538,122401,,37.0825,26.120556,37.081249,26.125278,1730,90,8.19,1,0.007892219,122401,72.54523301,8.412228,0.18885855,8.630238071,0.083135264,-2.7784133,0.5460616,8.19,0.09,-11.190641,-0.068284549,FALSE,0.068284549,4.64E+08,FALSE,TRUE,FALSE,FALSE,FALSE,FALSE,FALSE,FALSE,FALSE,FALSE,FALSE,FALSE,FALSE,FALSE,0.003404274,82399.06169,FALSE,FALSE,0.005770659,TRUE,FALSE
122420,1,1.24E+18,39.70833,27.36556,1463,19.5,2.3,0.4691054,0.2411568,0.3050689,122420,,39.710415,27.366388,39.708332,27.365557,1463,60,8,1,0.012550959,122420,72.23775187,6.648148,0.19709206,7.913889433,0.102611747,-2.1475215,0.13928372,8,0.11,-8.79567,-0.111458309,FALSE,0.111458309,1.37E+08,FALSE,FALSE,FALSE,FALSE,FALSE,FALSE,TRUE,FALSE,FALSE,FALSE,FALSE,FALSE,FALSE,FALSE,0.004578261,45558.58788,FALSE,FALSE,0.004880043,TRUE,FALSE
122421,1,1.24E+18,40.38208,26.62917,1586,21.1,2.4,0.4089899,0.2102528,0.5880545,122421,,40.38625,26.622499,40.382084,26.629168,1586,41,7.95,1,0.014749312,122421,53.98097477,7.934608,0.12651008,8.270128499,0.098822752,-2.049366,0.12103958,7.95,0.11,-9.983974,-0.249060346,FALSE,0.249060346,2.05E+08,FALSE,FALSE,FALSE,FALSE,TRUE,FALSE,FALSE,FALSE,FALSE,FALSE,FALSE,FALSE,FALSE,FALSE,0.005832494,28071.32015,FALSE,FALSE,0.005290327,TRUE,FALSE
122790,1,1.24E+18,39.96583,30.27167,810,11.2,2.2,0.5449392,0.2801413,0.900028,122790,,39.963333,30.276112,39.965832,30.271666,810,31,8.38,1,0.015685234,122790,25.83827387,6.715689,0.17515849,7.532586608,0.17096221,-2.0485063,0.19187805,8.38,0.18,-8.764195,-0.151962008,FALSE,0.151962008,3.24E+08,FALSE,FALSE,FALSE,FALSE,FALSE,FALSE,TRUE,FALSE,FALSE,FALSE,FALSE,FALSE,FALSE,FALSE,0.003167782,95161.37014,FALSE,FALSE,0.002701869,TRUE,FALSE
122863,1,1.24E+18,31.98375,25.61417,2771,37.1,2.2,0.2464665,0.126703,0.7684588,122863,,31.992081,25.615,31.983747,25.614166,2771,51,8.35,1,0.017383931,122863,39.78434215,8.322509,0.06785377,8.792457861,0.051583649,-1.5744549,0.13500088,8.35,0.07,-9.896964,-0.151271393,FALSE,0.151271393,5.08E+08,FALSE,FALSE,FALSE,FALSE,TRUE,FALSE,FALSE,FALSE,FALSE,FALSE,FALSE,FALSE,FALSE,FALSE,0.012010576,6619.782154,FALSE,FALSE,0.009243061,TRUE,FALSE
122866,1,1.24E+18,32.88167,24.215,2790,37.3,2.4,0.3732587,0.1918841,0.4316717,122866,,32.880836,24.214167,32.881668,24.215,2790,37,8.31,1,0.006566492,122866,64.42635713,7.184062,0.1332727,7.890025502,0.057826396,-1.8021201,0.13382684,8.31,0.08,-8.986182,-0.377712991,TRUE,0.377712991,2.87E+08,FALSE,FALSE,FALSE,FALSE,FALSE,FALSE,TRUE,FALSE,FALSE,FALSE,FALSE,FALSE,FALSE,TRUE,0.004567904,45765.42321,TRUE,FALSE,0.009306438,FALSE,TRUE
122880,1,1.24E+18,37.00708,25.52528,1831,24.3,2.2,0.3603213,0.1852333,0.945379,122880,,37.015831,25.5275,37.007084,25.525278,1831,30,7.83,1,0.014855868,122880,19.0245643,7.9398274,0.08376299,8.216393689,0.078849121,-1.9429944,0.11614205,7.83,0.1,-9.882822,0.025670299,FALSE,0.025670299,1.77E+08,FALSE,FALSE,FALSE,FALSE,TRUE,FALSE,FALSE,FALSE,FALSE,FALSE,FALSE,FALSE,FALSE,FALSE,0.006782124,20760.60359,FALSE,FALSE,0.006107559,TRUE,FALSE
123170,1,1.24E+18,41.01333,29.28806,886,12.1,2.3,0.6476014,0.3329177,0.410756,123170,,41.013332,29.293888,41.013332,29.288055,886,48,7.68,1,0.01906394,123170,65.74772114,7.1682253,0.21010223,7.402616659,0.165280857,-4.167836,1.0135816,7.68,0.17,-11.3360615,-0.128482941,FALSE,0.128482941,7.84E+07,FALSE,TRUE,FALSE,FALSE,FALSE,FALSE,FALSE,FALSE,FALSE,FALSE,FALSE,FALSE,FALSE,FALSE,0.004211392,53841.84824,FALSE,FALSE,0.002955378,TRUE,FALSE
124052,1,1.24E+18,33.45917,4.82528,1494,20,2.4,0.1280618,0.06583375,0.5271303,124052,,33.459583,4.831666,33.459167,4.825278,1494,52,8.29,1,0.012948154,124052,58.18828413,7.3725257,0.13908008,7.939117354,0.10431477,-2.4929628,0.1605743,8.29,0.11,-9.865488,-0.202504374,FALSE,0.202504374,2.83E+08,FALSE,FALSE,FALSE,FALSE,TRUE,FALSE,FALSE,FALSE,FALSE,FALSE,FALSE,FALSE,FALSE,FALSE,0.004823228,41048.36102,FALSE,FALSE,0.004983448,TRUE,FALSE
124259,1,1.24E+18,34.96208,7.41083,1272,17,2.2,0.3266791,0.1679386,0.7060635,124259,,34.964996,7.408889,34.962082,7.410833,1272,136,8.62,1,0.01294672,124259,45.08451132,7.65164,0.12516291,7.932513311,0.112444965,-3.1466043,0.33447042,8.62,0.12,-10.798244,0.212720793,FALSE,0.212720793,5.99E+08,FALSE,FALSE,TRUE,FALSE,FALSE,FALSE,FALSE,FALSE,FALSE,FALSE,FALSE,FALSE,FALSE,FALSE,0.004106069,56639.44571,FALSE,FALSE,0.004242935,TRUE,FALSE
124609,1,1.24E+18,42.36833,34.74139,1588,21.2,2.2,0.2419822,0.1243977,0.7724909,124609,,42.367085,34.737221,42.368332,34.74139,1588,49,7.88,1,0.005916475,124609,39.42193383,6.7893934,0.101190604,7.249456562,0.094078299,-2.1796808,0.12874705,7.87,0.1,-8.969074,0.003722362,FALSE,0.003722362,1.07E+08,FALSE,FALSE,FALSE,FALSE,FALSE,FALSE,TRUE,FALSE,FALSE,FALSE,FALSE,FALSE,FALSE,FALSE,0.002342572,174014.5908,FALSE,FALSE,0.005296998,TRUE,FALSE
124622,1,1.24E+18,31.91541,2.3925,3000,40.8,2.3,0.106986,0.05499917,0.9177388,124622,rgmph,31.916664,2.388611,31.915415,2.3925,3000,67,8.65,1,0.017984309,124622,23.4023028,8.181167,0.069114074,8.395825809,0.050066714,-2.2317433,0.29763925,8.65,0.07,-10.41291,0.132631908,FALSE,0.132631908,7.46E+08,FALSE,FALSE,FALSE,TRUE,FALSE,FALSE,FALSE,FALSE,FALSE,FALSE,FALSE,FALSE,FALSE,FALSE,0.013452232,5276.946696,FALSE,FALSE,0.010006923,TRUE,FALSE
124624,1,1.24E+18,34.09541,4.7825,1494,20,2.4,0.1253228,0.06442571,0.4524974,124624,,34.092499,4.783055,34.095413,4.7825,1494,45,7.87,1,0.010762398,124624,63.0960255,7.4218082,0.15379994,7.612647932,0.104760469,-2.7292428,0.23336925,7.87,0.12,-10.151051,-0.197559043,FALSE,0.197559043,1.25E+08,FALSE,FALSE,FALSE,TRUE,FALSE,FALSE,FALSE,FALSE,FALSE,FALSE,FALSE,FALSE,FALSE,FALSE,0.004009027,59414.6354,FALSE,FALSE,0.004983448,TRUE,FALSE
124625,1,1.24E+18,34.61625,2.48444,1448,19.4,2.3,0.1430169,0.07352184,0.6499954,124625,,34.617916,2.483333,34.616249,2.484444,1448,26,7.64,1,0.01484236,124625,49.45878672,7.5234,0.12249869,7.775940546,0.103216991,-2.3213637,0.13309184,7.64,0.12,-9.844764,-0.332364498,TRUE,0.332364498,9.14E+07,FALSE,FALSE,FALSE,FALSE,TRUE,FALSE,FALSE,FALSE,FALSE,FALSE,FALSE,TRUE,FALSE,FALSE,0.005358594,33255.97479,TRUE,FALSE,0.004830008,FALSE,TRUE
124628,1,1.24E+18,43.6875,5.00778,1007,13.5,2.2,0.4290253,0.2205525,0.4914489,124628,rgmph,43.693748,5.011111,43.687504,5.007778,1007,27,7.39,1,0.016050544,124628,60.56419303,7.2193785,0.1759411,7.499639877,0.141709125,-3.1004224,0.30112177,7.39,0.15,-10.319801,-0.307930078,TRUE,0.307930078,4.92E+07,FALSE,FALSE,FALSE,TRUE,FALSE,FALSE,FALSE,FALSE,FALSE,FALSE,TRUE,FALSE,FALSE,FALSE,0.00402994,58799.58681,TRUE,FALSE,0.00335899,FALSE,TRUE
170772,1,1.24E+18,113.18542,16.89694,2407,36.1,2.3,0.1848215,0.09501268,0.560303,170772,087-006,113.188332,16.896389,113.185417,16.896944,2407,66,8.4,1,0.017724178,170772,55.92329244,9.095672,0.100611545,9.342316822,0.055343785,-0.6708478,0.056140617,8.39,0.09,-9.76652,-0.274624877,FALSE,0.274624877,1.58E+09,FALSE,FALSE,FALSE,FALSE,TRUE,FALSE,FALSE,FALSE,FALSE,FALSE,FALSE,FALSE,FALSE,FALSE,0.010637058,8439.725898,TRUE,FALSE,0.008028888,TRUE,FALSE
171379,1,1.24E+18,115.63291,16.56111,278,8,0.8,0.106543,0.05477144,0.541172,171379,087-033,115.633331,16.565277,115.632912,16.56111,278,37,7.72,1,0.006901317,171379,57.23659069,7.1504545,0.12395789,8.021128877,0.087171396,-2.5718129,0.17119609,7.71,0.1,-9.722267,-0.213827909,FALSE,0.213827909,8.39E+07,FALSE,FALSE,FALSE,FALSE,TRUE,FALSE,FALSE,FALSE,FALSE,FALSE,FALSE,FALSE,FALSE,FALSE,4.78E-04,4173103.765,FALSE,FALSE,9.27E-04,TRUE,FALSE
171559,1,1.24E+18,115.47584,23.87167,2267,33.7,2.2,0.1518863,0.07808143,0.4629902,171559,,115.476669,23.861111,115.475838,23.871666,2267,97,8.86,1,0.015833824,171559,62.41982412,8.241029,0.12343159,8.81883694,0.056744012,-1.4185959,0.07447405,8.86,0.08,-9.659625,-0.101133684,FALSE,0.101133684,1.14E+09,FALSE,FALSE,FALSE,FALSE,TRUE,FALSE,FALSE,FALSE,FALSE,FALSE,FALSE,FALSE,FALSE,FALSE,0.008949869,11921.6965,FALSE,FALSE,0.007561898,TRUE,FALSE
174605,1,1.24E+18,117.59042,7.79444,351,10.9,1.1,0.07651404,0.03933419,0.6796615,174605,,117.590004,7.795556,117.590416,7.794445,351,24,7.27,1,0.022968372,174605,47.18284273,5.8153496,0.11076691,6.380323902,0.108924888,-2.3906577,0.11895084,7.27,0.1,-8.206007,-0.212783091,FALSE,0.212783091,2.54E+07,FALSE,FALSE,FALSE,FALSE,FALSE,FALSE,TRUE,FALSE,FALSE,FALSE,FALSE,FALSE,FALSE,FALSE,0.002010095,236340.4557,FALSE,FALSE,0.00117081,TRUE,FALSE
174616,1,1.24E+18,118.45333,10.1475,1942,29.9,2.3,0.06370755,0.03275065,0.6628782,174616,,118.448746,10.151388,118.453331,10.1475,1942,55,8.39,1,0.003543687,174616,48.4802891,7.8956146,0.09082148,8.226828999,0.066950852,-2.5909972,0.32298073,8.38,0.08,-10.486612,-0.162142037,FALSE,0.162142037,4.05E+08,FALSE,FALSE,FALSE,TRUE,FALSE,FALSE,FALSE,FALSE,FALSE,FALSE,FALSE,FALSE,FALSE,FALSE,0.001715868,324342.2809,FALSE,FALSE,0.006477815,TRUE,FALSE
180156,1,1.24E+18,124.22666,24.17694,2088,35.2,6.8,0.16459,0.08461213,0.3991539,180156,I2256,124.226662,24.178055,124.226662,24.176945,2088,171,9.03,1,0.019161017,180156,66.47476082,9.051898,0.21223171,9.335577107,0.167797806,-1.2487161,0.17172764,9.03,0.17,-10.300614,0.042671845,FALSE,0.042671845,2.55E+09,FALSE,FALSE,FALSE,TRUE,FALSE,FALSE,FALSE,FALSE,FALSE,FALSE,FALSE,FALSE,FALSE,FALSE,0.009975355,9596.538883,FALSE,FALSE,0.006964818,TRUE,FALSE
180181,1,1.24E+18,124.58208,24.52639,2223,33.4,2.2,0.1102352,0.05666951,0.6545314,180181,I2271,124.588753,24.5275,124.582085,24.526388,2223,72,8.83,1,0.017888792,180181,49.11591372,8.41061,0.08530146,8.80761777,0.05723855,-1.7328018,0.10279502,8.83,0.07,-10.143412,-0.163291764,FALSE,0.163291764,1.16E+09,FALSE,FALSE,FALSE,TRUE,FALSE,FALSE,FALSE,FALSE,FALSE,FALSE,FALSE,FALSE,FALSE,FALSE,0.009915162,9713.4112,FALSE,FALSE,0.00741513,TRUE,FALSE
180283,1,1.24E+18,126.82166,25.87889,2381,35.7,2.3,0.1846265,0.09491246,0.5308658,180283,N2594,126.824173,25.874445,126.821663,25.878889,2381,192,9.04,1,0.0103624,180283,57.93607681,9.974447,0.107131675,9.952454677,0.055959663,-2.3500109,0.3047766,9.04,0.07,-12.324458,-0.030329599,FALSE,0.030329599,1.09E+10,TRUE,FALSE,FALSE,FALSE,FALSE,FALSE,FALSE,FALSE,FALSE,FALSE,FALSE,FALSE,FALSE,FALSE,0.006151756,25233.25244,FALSE,FALSE,0.007942161,TRUE,FALSE
180293,1,1.24E+18,127.0929,25.12472,2175,32.8,2.4,0.1407505,0.07235676,0.6686564,180293,I 508,127.096237,25.128056,127.092903,25.124722,2175,53,8.39,1,0.012143003,180293,48.03659095,9.4060955,0.08788765,9.572496151,0.063558094,-0.65869933,0.064599976,8.39,0.08,-10.064795,-0.387951041,TRUE,0.387951041,2.87E+09,FALSE,FALSE,FALSE,TRUE,FALSE,FALSE,FALSE,FALSE,FALSE,FALSE,TRUE,FALSE,FALSE,FALSE,0.006585135,22021.25171,TRUE,FALSE,0.007255019,FALSE,TRUE
180350,1,1.24E+18,128.42667,27.71194,2235,33.5,2.3,0.1192994,0.06132919,0.5693931,180350,149-050,128.427505,27.716112,128.426666,27.711945,2235,183,8.97,1,0.022057163,180350,55.2921311,8.954467,0.10114206,9.25567725,0.059644997,-1.167397,0.06746565,8.97,0.07,-10.121864,0.138567881,FALSE,0.138567881,2.14E+09,FALSE,FALSE,FALSE,TRUE,FALSE,FALSE,FALSE,FALSE,FALSE,FALSE,FALSE,FALSE,FALSE,FALSE,0.012291546,6320.600894,FALSE,FALSE,0.007455158,TRUE,FALSE
180447,1,1.24E+18,130.70041,14.26528,1996,31.9,4.3,0.08720773,0.04483158,0.2187284,180447,060-036,130.689575,14.265278,130.700409,14.265278,1996,244,8.76,1,0.008000818,180447,77.36570856,8.887197,0.24282552,9.402503108,0.117084707,-0.45378265,0.117273815,8.79,0.13,-9.34098,0.225108492,FALSE,0.225108492,1.54E+09,FALSE,FALSE,FALSE,FALSE,FALSE,TRUE,FALSE,FALSE,FALSE,FALSE,FALSE,FALSE,FALSE,FALSE,0.003981752,60231.38806,FALSE,FALSE,0.006657939,TRUE,FALSE
180485,1,1.24E+18,131.69708,13.70667,2140,33,2.2,0.1337208,0.06874295,0.7667926,180485,061-011,131.700821,13.701667,131.697083,13.706667,2140,72,8.61,1,0.015057594,180485,39.93329938,8.604907,0.07248414,8.824052436,0.057935969,-1.7236269,0.09777086,8.61,0.07,-10.328534,-0.070213251,FALSE,0.070213251,9.44E+08,FALSE,FALSE,FALSE,TRUE,FALSE,FALSE,FALSE,FALSE,FALSE,FALSE,FALSE,FALSE,FALSE,FALSE,0.008034312,14793.6049,FALSE,FALSE,0.007138272,TRUE,FALSE
180545,1,1.24E+18,133.88834,31.21167,2086,31.5,2.4,0.09057444,0.04656234,0.5717319,180545,CG 4,133.891663,31.210835,133.888336,31.211668,2086,158,8.22,2,0.014265942,180545,55.12896165,9.110376,0.10464417,9.487966953,0.066178616,-0.603637,0.06639151,8.22,0.09,-9.714013,0.113571671,FALSE,0.113571671,1.51E+09,FALSE,FALSE,FALSE,FALSE,TRUE,FALSE,FALSE,FALSE,FALSE,FALSE,FALSE,FALSE,FALSE,FALSE,0.007419832,17345.35577,FALSE,FALSE,0.006958147,TRUE,FALSE
180575,1,1.24E+18,135.05583,31.99917,1970,29.8,2.4,0.1047142,0.05383128,0.5399222,180575,150-056,135.058334,32,135.055832,31.999166,1970,105,8.43,1,0.015641076,180575,57.3217056,8.968778,0.11301186,9.208381126,0.069956673,-0.9397313,0.071307,8.43,0.08,-9.908509,-0.057793235,FALSE,0.057793235,1.29E+09,FALSE,FALSE,FALSE,FALSE,TRUE,FALSE,FALSE,FALSE,FALSE,FALSE,FALSE,FALSE,FALSE,FALSE,0.00768267,16178.82672,FALSE,FALSE,0.006571213,TRUE,FALSE
180737,1,1.24E+18,127.0775,25.78833,2266,34.1,2.3,0.4177996,0.2147816,0.6999892,180737,F495-V1,127.078331,25.793888,127.077499,25.788332,2266,16,7.96,2,0.007896018,180737,45.57390097,8.049653,0.084863625,8.421433613,0.059084263,-1.8875234,0.16044872,7.95,0.11,-9.937177,-0.617988762,TRUE,0.617988762,2.33E+08,FALSE,FALSE,FALSE,FALSE,TRUE,FALSE,FALSE,FALSE,FALSE,FALSE,FALSE,TRUE,FALSE,FALSE,0.004461156,47981.81345,TRUE,TRUE,0.007558562,FALSE,TRUE
181471,1,1.24E+18,120.8525,15.14111,1982,30.3,2.4,0.1113209,0.05722765,0.4040174,181471,KK 67,120.85376,15.150556,120.852501,15.141111,1982,91,8.36,1,0.00500358,181471,66.17048888,7.726215,0.14659518,7.849117119,0.087570786,-1.9417533,0.28828692,8.36,0.08,-9.667968,-0.016996332,FALSE,0.016996332,3.58E+08,FALSE,FALSE,FALSE,FALSE,TRUE,FALSE,FALSE,FALSE,FALSE,FALSE,FALSE,FALSE,FALSE,FALSE,0.002472657,156186.5861,FALSE,FALSE,0.00661124,TRUE,FALSE
181493,1,1.24E+18,124.28292,24.56278,2130,32.1,2.3,0.1306179,0.06714781,0.7696983,181493,ADBS,124.284164,24.566387,124.282921,24.562777,2130,61,8.53,1,0.011285413,181493,39.67322933,7.736585,0.07607713,8.090240004,0.063488336,-2.0846255,0.19030313,8.52,0.08,-9.821211,-0.071918702,FALSE,0.071918702,5.05E+08,FALSE,FALSE,FALSE,FALSE,TRUE,FALSE,FALSE,FALSE,FALSE,FALSE,FALSE,FALSE,FALSE,FALSE,0.005993443,26583.89465,FALSE,FALSE,0.007104915,TRUE,FALSE
181562,1,1.24E+18,126.27042,32.01805,651,10.2,2.3,0.1516631,0.07796668,0.7188652,181562,,126.271675,32.019722,126.270416,32.018055,651,50,7.46,1,0.021750209,181562,44.03916864,7.0794134,0.20267358,7.357767227,0.195980972,-4.134772,0.8548945,7.46,0.21,-11.214186,0.055074158,FALSE,0.055074158,5.04E+07,FALSE,TRUE,FALSE,FALSE,FALSE,FALSE,FALSE,FALSE,FALSE,FALSE,FALSE,FALSE,FALSE,FALSE,0.003530399,76616.77761,FALSE,FALSE,0.002171502,TRUE,FALSE
181566,1,1.24E+18,127.49667,25.48667,2198,33.1,2.3,0.1402083,0.07207801,0.6496692,181566,F495-2,127.505836,25.481945,127.496666,25.486668,2198,20,8.2,1,0.014859523,181566,49.48337618,7.958713,0.08853512,8.248483064,0.061284016,-2.2320704,0.2932674,8.2,0.08,-10.1907835,-0.576096812,TRUE,0.576096812,3.02E+08,FALSE,FALSE,FALSE,TRUE,FALSE,FALSE,FALSE,FALSE,FALSE,FALSE,TRUE,FALSE,FALSE,FALSE,0.008143515,14399.50673,TRUE,TRUE,0.007331739,FALSE,TRUE
181765,1,1.24E+18,127.83999,7,1852,28.9,2.4,0.1152861,0.05926606,0.6499279,181765,032-035,127.840836,7.001389,127.839989,7,1852,126,9.15,1,0.003573166,181765,49.46387572,8.314558,0.096934535,7.952227682,0.072385112,-1.9384089,0.19254003,9.15,0.08,-10.252967,0.013495239,FALSE,0.013495239,2.09E+09,FALSE,FALSE,FALSE,TRUE,FALSE,FALSE,FALSE,FALSE,FALSE,FALSE,FALSE,FALSE,FALSE,FALSE,0.00164996,350771.563,FALSE,FALSE,0.006177607,TRUE,FALSE
181777,1,1.24E+18,131.55208,7.26694,2938,45,2.2,0.1452505,0.07467008,0.6356889,181777,,131.550415,7.263333,131.552078,7.266945,2938,84,8.51,1,0.019365189,181777,50.52894504,8.201705,0.07947846,8.571557036,0.042684313,-1.7339289,0.13022587,8.51,0.07,-9.935634,-0.032214342,FALSE,0.032214342,5.89E+08,FALSE,FALSE,FALSE,FALSE,TRUE,FALSE,FALSE,FALSE,FALSE,FALSE,FALSE,FALSE,FALSE,FALSE,0.014185768,4745.321761,FALSE,FALSE,0.009800113,TRUE,FALSE
181949,1,1.24E+18,129.13834,5.17806,1867,29.2,2.3,0.1127014,0.05793734,0.6965183,181949,,129.139587,5.183611,129.138336,5.178055,1867,61,8.8,1,0.023014582,181949,45.85170882,7.0864077,0.090652406,7.754457129,0.07288727,-1.8754002,0.13066253,8.8,0.08,-8.961808,-0.179333409,FALSE,0.179333409,8.51E+08,FALSE,FALSE,FALSE,FALSE,FALSE,FALSE,TRUE,FALSE,FALSE,FALSE,FALSE,FALSE,FALSE,FALSE,0.010713386,8319.896229,FALSE,FALSE,0.006227642,TRUE,FALSE
182121,1,1.24E+18,125.12166,3.49306,2917,44.8,2.2,0.07662469,0.03939108,0.6942465,182121,,125.129158,3.4875,125.121658,3.493056,2917,97,8.73,1,0.016093712,182121,46.03283551,7.898717,0.07036399,8.166839648,0.044201563,-2.285856,0.39291275,8.73,0.07,-10.184573,0.028430327,FALSE,0.028430327,7.93E+08,FALSE,FALSE,FALSE,TRUE,FALSE,FALSE,FALSE,FALSE,FALSE,FALSE,FALSE,FALSE,FALSE,FALSE,0.011705015,6969.914001,FALSE,FALSE,0.009730065,TRUE,FALSE
182263,1,1.24E+18,131.34375,2.19,1868,29.2,2.3,0.2107265,0.1083299,0.8079704,182263,,131.344177,2.186667,131.34375,2.19,1868,56,8.53,1,0,182263,36.10192514,8.092093,0.078986086,8.244677008,0.068906277,-1.731167,0.10566471,8.53,0.08,-9.82326,-0.088160855,FALSE,0.088160855,5.74E+08,FALSE,FALSE,FALSE,FALSE,TRUE,FALSE,FALSE,FALSE,FALSE,FALSE,FALSE,FALSE,FALSE,FALSE,0,Infinity,FALSE,FALSE,0.006230977,TRUE,FALSE
182340,1,1.24E+18,132.07793,1.26444,1762,27.6,2.2,0.1317854,0.06774799,0.3278036,182340,,132.082092,1.266111,132.077927,1.264444,1762,54,8.09,1,0.017998422,182340,70.8645428,8.037486,0.17876154,8.193950295,0.069631614,-1.7079138,0.09595799,8.09,0.09,-9.745399,-0.228106442,FALSE,0.228106442,2.73E+08,FALSE,FALSE,FALSE,FALSE,TRUE,FALSE,FALSE,FALSE,FALSE,FALSE,FALSE,FALSE,FALSE,FALSE,0.007907144,15273.27107,FALSE,FALSE,0.005877399,TRUE,FALSE
182460,1,1.24E+18,120.93251,10.15,2561,39.1,2.3,0.07423812,0.03816419,0.4427405,182460,,120.931252,10.147778,120.93251,10.15,2561,60,8.6,1,0,182460,63.72118684,7.7550616,0.12643111,7.973048908,0.053160375,-2.0462112,0.19486721,8.6,0.07,-9.801273,-0.242803211,FALSE,0.242803211,5.86E+08,FALSE,FALSE,FALSE,FALSE,TRUE,FALSE,FALSE,FALSE,FALSE,FALSE,FALSE,FALSE,FALSE,FALSE,0,Infinity,FALSE,FALSE,0.008542576,TRUE,FALSE
182461,1,1.24E+18,131.7404,13.43139,2218,34.2,2.3,0.1050141,0.05398543,0.3721291,182461,,131.737915,13.433056,131.740402,13.431389,2218,89,8.45,1,0.007874199,182461,68.15307311,7.598254,0.1518873,8.266958024,0.058941154,-2.2991822,0.28086612,8.45,0.08,-9.897436,-0.048910179,FALSE,0.048910179,4.14E+08,FALSE,FALSE,FALSE,FALSE,TRUE,FALSE,FALSE,FALSE,FALSE,FALSE,FALSE,FALSE,FALSE,FALSE,0.00435459,50358.97387,FALSE,FALSE,0.007398452,TRUE,FALSE
182493,1,1.24E+18,130.09167,7.89,2003,31.2,2.3,0.1695216,0.08714733,0.275225,182493,,130.097092,7.889722,130.091675,7.89,2003,94,8.52,1,0.017829602,182493,74.02463939,7.5066032,0.19429353,6.956714207,0.337518133,-2.2842627,0.89941615,8.52,0.08,-9.790866,-0.05465789,FALSE,0.05465789,4.73E+08,FALSE,FALSE,FALSE,FALSE,TRUE,FALSE,FALSE,FALSE,FALSE,FALSE,FALSE,FALSE,FALSE,FALSE,0.008904344,12043.91085,FALSE,FALSE,0.006681289,TRUE,FALSE
182525,1,1.24E+18,120.09958,17.52417,2055,31.2,2.3,0.08940545,0.04596138,0.7900038,182525,,120.102493,17.5275,120.099579,17.524166,2055,153,8.79,1,0.014803546,182525,37.81416533,8.222657,0.07546299,8.567554813,0.06408261,-2.1715899,0.17148614,8.79,0.08,-10.394247,0.272286619,FALSE,0.272286619,9.87E+08,FALSE,FALSE,FALSE,TRUE,FALSE,FALSE,FALSE,FALSE,FALSE,FALSE,FALSE,FALSE,FALSE,FALSE,0.007585023,16598.06882,TRUE,FALSE,0.006854742,TRUE,FALSE
182545,1,1.24E+18,124.53459,24.50167,2106,31.7,2.2,0.1129101,0.05804463,0.969288,182545,,124.537079,24.502501,124.534592,24.501667,2106,49,8.4,1,0.012631861,182545,14.23671735,7.7244444,0.06608846,8.134323592,0.061463336,-2.2071865,0.23571493,8.4,0.08,-9.931631,0.276143797,FALSE,0.276143797,3.87E+08,FALSE,FALSE,FALSE,FALSE,TRUE,FALSE,FALSE,FALSE,FALSE,FALSE,FALSE,FALSE,FALSE,FALSE,0.006632924,21705.07638,TRUE,FALSE,0.00702486,TRUE,FALSE
182559,1,1.24E+18,126.5625,28.60639,2695,39.9,2.3,0.118252,0.06079077,0.5205754,182559,,126.56041,28.608055,126.5625,28.60639,2695,38,8.04,2,0,182559,58.62919341,7.9427843,0.10622478,8.201621409,0.050694144,-2.6163433,0.47263217,8.04,0.09,-10.559128,-0.319934234,TRUE,0.319934234,2.33E+08,FALSE,FALSE,TRUE,FALSE,FALSE,FALSE,FALSE,FALSE,FALSE,TRUE,FALSE,FALSE,FALSE,FALSE,0,Infinity,TRUE,FALSE,0.008989552,FALSE,TRUE
182563,1,1.24E+18,126.79583,25.24306,1958,29.7,2.2,0.1419189,0.07295741,0.3330218,182563,,126.79792,25.245834,126.79583,25.243055,1958,104,8.22,1,0.018,182563,70.54777015,8.358303,0.16755839,8.476346201,0.064518925,-2.421058,0.3261667,8.22,0.08,-10.779361,0.003229502,FALSE,0.003229502,4.49E+08,FALSE,FALSE,TRUE,FALSE,FALSE,FALSE,FALSE,FALSE,FALSE,FALSE,FALSE,FALSE,FALSE,FALSE,0.008787483,12366.37304,FALSE,FALSE,0.006531185,TRUE,FALSE
182568,1,1.24E+18,127.34084,25.88583,2124,32,2.4,0.237543,0.1221157,0.3429598,182568,,127.336662,25.889166,127.340843,25.885834,2124,81,8.34,1,0.017371478,182568,69.94275505,7.9890623,0.16441262,8.340140675,0.065491423,-2.2892838,0.29786006,8.34,0.09,-10.278346,-0.087973615,FALSE,0.087973615,3.88E+08,FALSE,FALSE,FALSE,TRUE,FALSE,FALSE,FALSE,FALSE,FALSE,FALSE,FALSE,FALSE,FALSE,FALSE,0.009199635,11283.14482,FALSE,FALSE,0.007084901,TRUE,FALSE
182572,1,1.24E+18,128.11209,29.64472,2040,30.7,2.3,0.1221991,0.06281991,0.6278374,182572,,128.112091,29.648611,128.112091,29.644722,2040,122,9.09,1,0.007850436,182572,51.10929373,8.429966,0.09465053,8.731552772,0.065226659,-3.2251692,1.0423294,9.09,0.08,-11.655135,-0.001095534,FALSE,0.001095534,1.91E+09,TRUE,FALSE,FALSE,FALSE,FALSE,FALSE,FALSE,FALSE,FALSE,FALSE,FALSE,FALSE,FALSE,FALSE,0.003993036,59891.45152,FALSE,FALSE,0.006804708,TRUE,FALSE
182578,1,1.24E+18,130.12042,29.28278,2187,32.8,2.5,0.1793358,0.09219258,0.6245744,182578,,130.118332,29.293888,130.120422,29.282778,2187,56,8.21,1,0.009553945,182578,51.34908701,7.4303684,0.096512675,7.906668972,0.067939037,-1.8854722,0.13271007,8.2,0.09,-9.315841,-0.116971343,FALSE,0.116971343,2.43E+08,FALSE,FALSE,FALSE,FALSE,FALSE,TRUE,FALSE,FALSE,FALSE,FALSE,FALSE,FALSE,FALSE,FALSE,0.005209678,35184.36267,FALSE,FALSE,0.007295047,TRUE,FALSE
182582,1,1.24E+18,131.11917,31.35639,2201,33,2.3,0.134373,0.06907822,0.3437706,182582,,131.123764,31.360834,131.119171,31.35639,2201,142,8.85,1,0.00307421,182582,69.89329236,7.9417377,0.16206536,8.11819535,0.061527241,-1.7233521,0.110430956,8.85,0.08,-9.66509,0.050205092,FALSE,0.050205092,1.03E+09,FALSE,FALSE,FALSE,FALSE,TRUE,FALSE,FALSE,FALSE,FALSE,FALSE,FALSE,FALSE,FALSE,FALSE,0.001687069,335510.0868,FALSE,FALSE,0.007341746,TRUE,FALSE
182584,1,1.24E+18,131.25125,30.54083,2132,32,2.3,0.1759255,0.09043943,0.4113762,182584,,131.252502,30.542221,131.251251,30.540833,2132,136,8.3,2,0.011236258,182584,65.70874061,8.234838,0.14044175,8.54528365,0.062486134,-2.113371,0.16794655,8.3,0.09,-10.348208,0.137366756,FALSE,0.137366756,4.37E+08,FALSE,FALSE,FALSE,TRUE,FALSE,FALSE,FALSE,FALSE,FALSE,FALSE,FALSE,FALSE,FALSE,FALSE,0.005972941,26766.70561,FALSE,FALSE,0.007111587,TRUE,FALSE
182592,1,1.24E+18,132.48625,25.68417,2449,36.9,2.3,0.1277993,0.06569884,0.5247284,182592,,132.481674,25.689444,132.486252,25.684166,2449,106,8.82,1,0.015794371,182592,58.35008821,8.051371,0.10729553,8.454316271,0.0542968,-1.533571,0.09036137,8.82,0.07,-9.584942,-0.030097693,FALSE,0.030097693,9.91E+08,FALSE,FALSE,FALSE,FALSE,TRUE,FALSE,FALSE,FALSE,FALSE,FALSE,FALSE,FALSE,FALSE,FALSE,0.009644294,10266.69092,FALSE,FALSE,0.008168985,TRUE,FALSE
182601,1,1.24E+18,134.5025,25.69778,1898,29.1,2.2,0.1230079,0.06323568,0.5229162,182601,,134.501236,25.699165,134.502502,25.697777,1898,69,8.18,1,0.01259891,182601,58.47198089,7.5541396,0.11438716,8.03121831,0.066090459,-2.6945705,0.37633607,8.17,0.08,-10.248711,-0.061818053,FALSE,0.061818053,2.37E+08,FALSE,FALSE,FALSE,TRUE,FALSE,FALSE,FALSE,FALSE,FALSE,FALSE,FALSE,FALSE,FALSE,FALSE,0.005962227,26862.9909,FALSE,FALSE,0.006331047,TRUE,FALSE
188848,1,1.24E+18,120.53334,9.64917,2365,36.2,2.1,0.07303955,0.03754804,0.4237011,188848,,120.530006,9.649722,120.53334,9.649166,2365,134,9.03,1,0.0144,188848,64.93157991,7.7514873,0.1316787,7.869455583,0.05315385,-2.1282058,0.22009744,9.03,0.07,-9.879693,0.001105152,FALSE,0.001105152,1.48E+09,FALSE,FALSE,FALSE,FALSE,TRUE,FALSE,FALSE,FALSE,FALSE,FALSE,FALSE,FALSE,FALSE,FALSE,0.008491276,13244.19157,FALSE,FALSE,0.007888791,TRUE,FALSE
188862,1,1.24E+18,122.32374,8.7275,1089,17.2,2.3,0.06413934,0.03297263,0.6999238,188862,,122.324585,8.729166,122.323738,8.7275,1089,55,7.54,1,0.007116632,188862,45.57914772,6.331531,0.13056357,6.664477171,0.12134283,-3.1904447,0.3786134,7.54,0.13,-9.5219755,0.089344467,FALSE,0.089344467,4.83E+07,FALSE,FALSE,FALSE,FALSE,TRUE,FALSE,FALSE,FALSE,FALSE,FALSE,FALSE,FALSE,FALSE,FALSE,0.001932332,255745.4705,FALSE,FALSE,0.003632513,TRUE,FALSE
188955,1,1.24E+18,125.40417,4.31694,758,11.8,2.3,0.07171152,0.03686532,0.7153522,188955,,125.395416,4.316111,125.404175,4.316945,758,38,7.3,1,0.02541976,188955,44.32796677,6.7124577,0.17714204,6.911392361,0.171664538,-2.247876,0.20211606,7.3,0.18,-8.960334,-0.016081193,FALSE,0.016081193,3.17E+07,FALSE,FALSE,FALSE,FALSE,FALSE,FALSE,TRUE,FALSE,FALSE,FALSE,FALSE,FALSE,FALSE,FALSE,0.004804188,41374.373,FALSE,FALSE,0.002528416,TRUE,FALSE
189000,1,1.24E+18,131.54834,7.04972,2931,44.9,2.2,0.167772,0.08624791,0.6776299,189000,,131.54834,7.047222,131.54834,7.049722,2931,60,8.55,1,0.0072,189000,47.34132845,7.535317,0.076668195,8.114785365,0.04787047,-1.3614392,0.090454,8.55,0.07,-8.896756,-0.140743054,FALSE,0.140743054,5.06E+08,FALSE,FALSE,FALSE,FALSE,FALSE,FALSE,TRUE,FALSE,FALSE,FALSE,FALSE,FALSE,FALSE,FALSE,0.005261719,34491.81902,FALSE,FALSE,0.009776764,TRUE,FALSE
189001,1,1.24E+18,134.68291,7.44167,2018,31.5,2.3,0.2502998,0.1286737,0.6072382,189001,,134.692505,7.439722,134.682907,7.441667,2018,44,8.39,1,0.01520932,189001,52.60997081,7.568642,0.09768238,7.559238468,0.072005338,-1.5602996,0.08902522,8.39,0.08,-9.128942,-0.273069872,FALSE,0.273069872,3.64E+08,FALSE,FALSE,FALSE,FALSE,FALSE,TRUE,FALSE,FALSE,FALSE,FALSE,FALSE,FALSE,FALSE,FALSE,0.007652622,16306.12659,TRUE,FALSE,0.006731323,TRUE,FALSE
189024,1,1.24E+18,126.1375,2.68306,2666,41.1,2.3,0.1436779,0.07386167,0.4334384,189024,,126.13166,2.675,126.137497,2.683056,2666,137,9.03,1,0.017992899,189024,64.31408592,7.711929,0.12892334,8.165138498,0.049675534,-1.948505,0.21518986,9.03,0.07,-9.660434,0.013301755,FALSE,0.013301755,1.48E+09,FALSE,FALSE,FALSE,FALSE,TRUE,FALSE,FALSE,FALSE,FALSE,FALSE,FALSE,FALSE,FALSE,FALSE,0.01196026,6675.597663,FALSE,FALSE,0.008892819,TRUE,FALSE
189135,1,1.24E+18,126.5725,2.57056,2586,40,2.2,0.1773444,0.09116886,0.4131717,189135,,126.559998,2.581389,126.572502,2.570555,2586,31,8.39,1,0.019383904,189135,65.59582302,8.195933,0.13401528,8.713073707,0.047873253,-1.1529449,0.111895025,8.39,0.08,-9.348878,-0.515375379,TRUE,0.515375379,4.83E+08,FALSE,FALSE,FALSE,FALSE,FALSE,TRUE,FALSE,FALSE,FALSE,FALSE,FALSE,FALSE,TRUE,FALSE,0.012498247,6113.264502,TRUE,TRUE,0.008625968,FALSE,TRUE
189139,1,1.24E+18,127.91959,2.78944,2039,31.8,2.4,0.1145941,0.05891031,0.2499999,189139,,127.924164,2.792778,127.919586,2.789444,2039,82,8.45,1,0.020352614,189139,75.52255752,7.607225,0.20538679,7.993963147,0.066919202,-2.2539103,0.24726284,8.45,0.08,-9.8611355,-0.10305587,FALSE,0.10305587,4.15E+08,FALSE,FALSE,FALSE,FALSE,TRUE,FALSE,FALSE,FALSE,FALSE,FALSE,FALSE,FALSE,FALSE,FALSE,0.010347055,8919.446087,FALSE,FALSE,0.006801372,TRUE,FALSE
189144,1,1.24E+18,130.34709,2.42111,1913,29.9,2.3,0.1206059,0.06200085,0.5211613,189144,,130.349579,2.417778,130.347092,2.421111,1913,38,8.41,1,0.008044097,189144,58.589868,6.25631,0.12172707,7.364068837,0.074916221,-1.8756833,0.11157993,8.41,0.08,-8.131993,-0.361720556,TRUE,0.361720556,3.44E+08,FALSE,FALSE,FALSE,FALSE,FALSE,FALSE,TRUE,FALSE,FALSE,FALSE,FALSE,FALSE,FALSE,TRUE,0.003836822,64867.65384,TRUE,FALSE,0.006381081,FALSE,TRUE
190107,1,1.24E+18,138.21542,31.68028,1896,28.9,2.2,0.05855487,0.03010178,0.4113477,190107,,138.220413,31.693888,138.215424,31.680277,1896,134,8.24,1,0.016334242,190107,65.71053214,7.268688,0.14196554,7.980635732,0.066548541,-2.2556856,0.1849996,8.24,0.09,-9.524374,0.191719671,FALSE,0.191719671,2.50E+08,FALSE,FALSE,FALSE,FALSE,TRUE,FALSE,FALSE,FALSE,FALSE,FALSE,FALSE,FALSE,FALSE,FALSE,0.007721766,16015.4111,FALSE,FALSE,0.006324375,TRUE,FALSE
190139,1,1.24E+18,138.88499,30.14,1889,28.9,2.3,0.08666083,0.04455044,0.7384466,190139,151-038,138.885834,30.150278,138.884995,30.139999,1889,69,8.28,1,0.015977278,190139,42.4007785,8.611493,0.08412162,8.920678609,0.06913355,-1.4359607,0.07556254,8.28,0.09,-10.047454,-0.071548099,FALSE,0.071548099,6.62E+08,FALSE,FALSE,FALSE,TRUE,FALSE,FALSE,FALSE,FALSE,FALSE,FALSE,FALSE,FALSE,FALSE,FALSE,0.007525131,16863.32573,FALSE,FALSE,0.006301026,TRUE,FALSE
190238,1,1.24E+18,140.24834,11.05917,1333,21.3,2.2,0.1189485,0.06114883,0.6627532,190238,062-024,140.248749,11.057222,140.248337,11.059167,1333,142,8.66,1,0.015132354,190238,48.48985393,8.268479,0.10887113,8.549939158,0.089736287,-2.7251832,0.30615348,8.66,0.1,-10.993663,0.176728363,FALSE,0.176728363,7.93E+08,FALSE,FALSE,TRUE,FALSE,FALSE,FALSE,FALSE,FALSE,FALSE,FALSE,FALSE,FALSE,FALSE,FALSE,0.005029398,37751.95482,FALSE,FALSE,0.004446409,TRUE,FALSE
190354,1,1.24E+18,143.4296,33.60028,1558,24.3,2.3,0.05964661,0.03066302,0.4421479,190354,181-057,143.436249,33.59972,143.429596,33.600277,1558,67,8.28,1,0.01613991,190354,63.75904774,8.146869,0.14198487,8.484971265,0.082235312,-1.8741682,0.10069097,8.28,0.09,-10.021037,-0.151758854,FALSE,0.151758854,3.94E+08,FALSE,FALSE,FALSE,TRUE,FALSE,FALSE,FALSE,FALSE,FALSE,FALSE,FALSE,FALSE,FALSE,FALSE,0.006269716,24292.68979,FALSE,FALSE,0.005196929,TRUE,FALSE
190362,1,1.24E+18,143.5125,11.00611,2498,38.5,2.3,0.0999355,0.05137466,0.7720442,190362,063-011,143.50708,11.014444,143.512497,11.006111,2498,55,8.27,1,0.011195923,190362,39.46222054,9.194694,0.06718052,9.483441163,0.051891841,-0.37279046,0.05214707,8.27,0.08,-9.567484,-0.253705048,FALSE,0.253705048,1.81E+09,FALSE,FALSE,FALSE,FALSE,TRUE,FALSE,FALSE,FALSE,FALSE,FALSE,FALSE,FALSE,FALSE,FALSE,0.006973193,19638.4883,TRUE,FALSE,0.008332431,TRUE,FALSE
190380,1,1.24E+18,144.03127,29.11194,1641,25.7,2.4,0.05878013,0.03021758,0.2766573,190380,152-034,144.035843,29.118889,144.031265,29.111944,1641,100,8.12,1,0.021322979,190380,73.93925966,8.748456,0.19760185,8.990567713,0.081118888,-1.3268396,0.08456197,8.12,0.1,-10.075295,-0.075668027,FALSE,0.075668027,7.36E+08,FALSE,FALSE,FALSE,TRUE,FALSE,FALSE,FALSE,FALSE,FALSE,FALSE,FALSE,FALSE,FALSE,FALSE,0.008724404,12545.84183,FALSE,FALSE,0.005473787,TRUE,FALSE
190516,1,1.24E+18,147.01959,32.8825,1551,23.8,4.4,0.05273572,0.02711028,0.8243693,190516,182-020,147.016663,32.883335,147.019592,32.8825,1551,86,8.63,1,0.006046457,190516,34.47542909,8.567879,0.1643742,8.947012119,0.16058122,-1.1968423,0.16118556,8.6,0.17,-9.764721,0.062410679,FALSE,0.062410679,9.37E+08,FALSE,FALSE,FALSE,FALSE,TRUE,FALSE,FALSE,FALSE,FALSE,FALSE,FALSE,FALSE,FALSE,FALSE,0.002338256,174657.4822,FALSE,FALSE,0.005173579,TRUE,FALSE
190619,1,1.24E+18,149.38667,33.61972,1464,23.2,2.4,0.04373468,0.02248304,0.712054,190619,I2524,149.385818,33.616386,149.386673,33.61972,1464,176,8.75,1,0.008993492,190619,44.59775657,8.608103,0.10399762,8.949048347,0.089857241,-0.98286855,0.09022673,8.75,0.1,-9.590971,0.257304778,FALSE,0.257304778,1.15E+09,FALSE,FALSE,FALSE,FALSE,TRUE,FALSE,FALSE,FALSE,FALSE,FALSE,FALSE,FALSE,FALSE,FALSE,0.003282833,88608.19087,TRUE,FALSE,0.004883378,TRUE,FALSE
191089,1,1.24E+18,137.39333,25.22278,2316,35.2,2.3,0.1156345,0.05944518,0.9419197,191089,121-027,137.387497,25.223057,137.393326,25.222778,2316,115,8.4,1,0.014884374,191089,19.62353147,8.707386,0.061800804,9.182675648,0.056762919,-1.4859263,0.07642304,8.4,0.08,-10.193313,0.426712122,TRUE,0.426712122,8.44E+08,FALSE,FALSE,FALSE,TRUE,FALSE,FALSE,FALSE,FALSE,FALSE,FALSE,TRUE,FALSE,FALSE,FALSE,0.008595051,12926.30712,TRUE,TRUE,0.007725344,FALSE,TRUE
191176,1,1.24E+18,140.79584,26.8175,2477,37.5,2.4,0.08855034,0.04552179,0.6143617,191176,151-073,140.797073,26.816387,140.795837,26.817501,2477,164,9.03,1,0.010288805,191176,52.0944891,8.667125,0.09056778,8.75779217,0.055789613,-1.3550981,0.0837307,9.03,0.07,-10.0222225,0.122363698,FALSE,0.122363698,1.89E+09,FALSE,FALSE,FALSE,TRUE,FALSE,FALSE,FALSE,FALSE,FALSE,FALSE,FALSE,FALSE,FALSE,FALSE,0.006354337,23649.98353,FALSE,FALSE,0.008262383,TRUE,FALSE
191249,1,1.24E+18,143.68625,6.42556,552,7.6,2.3,0.1412253,0.07260086,0.5971436,191249,035-007,143.687088,6.425555,143.686249,6.425555,552,89,7.7,1,0.018352049,191249,53.33444924,7.5295196,0.27346087,7.75170655,0.262868309,-3.1390479,0.29105577,7.69,0.26,-10.668568,0.168308668,FALSE,0.168308668,1.01E+08,FALSE,FALSE,TRUE,FALSE,FALSE,FALSE,FALSE,FALSE,FALSE,FALSE,FALSE,FALSE,FALSE,FALSE,0.002525823,149680.5784,FALSE,FALSE,0.001841274,TRUE,FALSE
191287,1,1.24E+18,145.18001,3.95972,1335,21.3,2.3,0.1270364,0.06530664,0.6047292,191287,I 549,145.175842,3.962778,145.180008,3.959722,1335,117,8.42,1,0.010170192,191287,52.79068676,8.332243,0.119271725,8.649660685,0.09380318,-1.823831,0.10654921,8.42,0.11,-10.156074,0.102790111,FALSE,0.102790111,5.65E+08,FALSE,FALSE,FALSE,TRUE,FALSE,FALSE,FALSE,FALSE,FALSE,FALSE,FALSE,FALSE,FALSE,FALSE,0.003385242,83328.17938,FALSE,FALSE,0.004453081,TRUE,FALSE
191629,1,1.24E+18,149.62625,0.045,1897,29.4,2.3,0.08667384,0.04455712,0.4579014,191629,,149.625412,0.039444,149.626251,0.045,1897,67,8.03,2,0.003599999,191629,62.74828163,7.1791377,0.13084218,7.577012826,0.071997391,-2.126351,0.17142764,8.03,0.1,-9.305489,-0.048517068,FALSE,0.048517068,1.58E+08,FALSE,FALSE,FALSE,FALSE,FALSE,TRUE,FALSE,FALSE,FALSE,FALSE,FALSE,FALSE,FALSE,FALSE,0.001702743,329361.8598,FALSE,FALSE,0.006327711,TRUE,FALSE
191733,1,1.24E+18,136.42291,25.54083,2894,43.3,2.3,0.1173904,0.06034784,0.6762411,191733,ADBS,136.42041,25.539722,136.422913,25.540833,2894,68,9.01,1,0.014546385,191733,47.44943702,6.7940993,0.07806439,7.505002332,0.076277678,-1.3475627,0.07779773,9.01,0.06,-8.141662,-0.195016078,FALSE,0.195016078,1.37E+09,FALSE,FALSE,FALSE,FALSE,FALSE,FALSE,TRUE,FALSE,FALSE,FALSE,FALSE,FALSE,FALSE,FALSE,0.01049622,8667.732883,FALSE,FALSE,0.009653345,TRUE,FALSE
191794,1,1.24E+18,135.72375,20.07528,483,8.7,0.8,0.09460962,0.04863673,0.6513769,191794,D564-08,135.725433,20.0725,135.723755,20.075279,483,49,7.48,1,0.017285403,191794,49.35454684,6.5351143,0.104683936,6.913802472,0.120334749,-3.6726031,0.53184247,7.48,0.09,-10.207718,0.023950873,FALSE,0.023950873,4.36E+07,FALSE,FALSE,FALSE,TRUE,FALSE,FALSE,FALSE,FALSE,FALSE,FALSE,FALSE,FALSE,FALSE,FALSE,0.002081642,220373.5401,FALSE,FALSE,0.001611115,TRUE,FALSE
191795,1,1.24E+18,148.61667,1.93028,1811,28.3,2.2,0.09844161,0.05060668,0.3507784,191795,,148.619568,1.934445,148.616669,1.930278,1811,110,9.05,1,0.008048931,191795,69.46512575,8.332274,0.16223261,8.620679367,0.067560967,-1.8959235,0.15439807,9.05,0.08,-10.228198,-0.114454699,FALSE,0.114454699,1.71E+09,FALSE,FALSE,FALSE,TRUE,FALSE,FALSE,FALSE,FALSE,FALSE,FALSE,FALSE,FALSE,FALSE,FALSE,0.003634427,72293.52794,FALSE,FALSE,0.006040846,TRUE,FALSE
191803,1,1.24E+18,147.02458,7.12917,535,7.2,2.2,0.08788727,0.04518092,0.3999994,191803,,147.025009,7.136389,147.024582,7.129167,535,55,7.33,1,0.012949191,191803,66.42191513,6.831409,0.2958573,,,-3.596739,0.35406357,7.33,0.27,-10.428148,0.01524521,FALSE,0.01524521,3.52E+07,FALSE,FALSE,FALSE,TRUE,FALSE,FALSE,FALSE,FALSE,FALSE,FALSE,FALSE,FALSE,FALSE,FALSE,0.001727332,320051.5176,FALSE,FALSE,0.001784568,TRUE,FALSE
191849,1,1.24E+18,146.15459,10.01278,1483,23.7,2.2,0.09023455,0.04638761,0.6434883,191849,,146.154999,10.016389,146.154587,10.012777,1483,62,8.45,1,0.015157637,191849,49.94761439,7.740275,0.10390405,7.932608132,0.087508344,-2.0086274,0.22925362,8.45,0.09,-9.748902,-0.12614111,FALSE,0.12614111,4.30E+08,FALSE,FALSE,FALSE,FALSE,TRUE,FALSE,FALSE,FALSE,FALSE,FALSE,FALSE,FALSE,FALSE,FALSE,0.005604695,30399.56869,FALSE,FALSE,0.004946756,TRUE,FALSE
191869,1,1.24E+18,146.24542,8.37,1733,27.3,2.2,0.1062838,0.05463815,0.6532485,191869,,146.242508,8.363056,146.245422,8.37,1733,163,8.92,1,0.007123311,191869,49.21306657,8.148619,0.09451497,8.381762722,0.070063877,-2.2541099,0.18121642,8.92,0.08,-10.402729,0.182750795,FALSE,0.182750795,1.25E+09,FALSE,FALSE,FALSE,TRUE,FALSE,FALSE,FALSE,FALSE,FALSE,FALSE,FALSE,FALSE,FALSE,FALSE,0.003077937,100797.9713,FALSE,FALSE,0.005780666,TRUE,FALSE
191881,1,1.24E+18,147.67667,8.73167,2827,43.3,2.3,0.102726,0.05280918,0.5758216,191881,,147.673752,8.719999,147.676666,8.731667,2827,124,8.66,1,0.017866765,191881,54.84285665,8.614086,0.0933361,8.728653455,0.04646023,-2.5304084,0.5491986,8.66,0.07,-11.144495,0.052545973,FALSE,0.052545973,1.02E+09,FALSE,TRUE,FALSE,FALSE,FALSE,FALSE,FALSE,FALSE,FALSE,FALSE,FALSE,FALSE,FALSE,FALSE,0.012593634,6021.008786,FALSE,FALSE,0.009429857,TRUE,FALSE
191885,1,1.24E+18,148.14626,8.19917,2711,41.6,2.2,0.1475789,0.07586707,0.7821264,191885,,148.133347,8.196389,148.146255,8.199166,2711,135,8.82,1,0.022907863,191885,38.54435155,8.635072,0.0618195,8.873988225,0.046003606,-1.7690958,0.12851278,8.82,0.07,-10.404167,0.180131034,FALSE,0.180131034,1.31E+09,FALSE,FALSE,FALSE,TRUE,FALSE,FALSE,FALSE,FALSE,FALSE,FALSE,FALSE,FALSE,FALSE,FALSE,0.015484366,3982.763688,FALSE,FALSE,0.009042923,TRUE,FALSE
191894,1,1.24E+18,140.3125,9.73111,1369,21.9,2,0.1569112,0.08066461,0.5692692,191894,,140.307922,9.743055,140.3125,9.731111,1369,23,7.4,2,0.0036,191894,55.30076615,7.4643364,0.11396335,7.655405919,0.07999247,-2.7738354,0.31473124,7.39,0.11,-10.238172,-0.378547037,TRUE,0.378547037,6.25E+07,FALSE,FALSE,FALSE,TRUE,FALSE,FALSE,FALSE,FALSE,FALSE,FALSE,TRUE,FALSE,FALSE,FALSE,0.001228812,632413.0608,TRUE,FALSE,0.004566492,FALSE,TRUE
191916,1,1.24E+18,136.31541,10.04278,2064,32.1,2.3,0.1173982,0.06035186,0.6135351,191916,,136.316238,10.052222,136.315414,10.042778,2064,85,8.08,2,0.01590265,191916,52.15448906,7.3883233,0.09575144,7.694394209,0.065043425,-2.5819695,0.37343875,8.08,0.1,-9.970293,0.089274263,FALSE,0.089274263,1.84E+08,FALSE,FALSE,FALSE,FALSE,TRUE,FALSE,FALSE,FALSE,FALSE,FALSE,FALSE,FALSE,FALSE,FALSE,0.008183866,14257.85984,FALSE,FALSE,0.006884763,TRUE,FALSE
192311,1,1.24E+18,138.95625,9.6475,2731,41.9,2.2,0.1785746,0.09180131,0.4316029,192311,,138.950836,9.642222,138.956253,9.6475,2731,66,8.37,2,0.01064726,192311,64.43072714,7.7361503,0.12778234,8.094575923,0.047417548,-2.6538672,0.56695414,8.37,0.07,-10.3900175,-0.152925611,FALSE,0.152925611,3.66E+08,FALSE,FALSE,FALSE,TRUE,FALSE,FALSE,FALSE,FALSE,FALSE,FALSE,FALSE,FALSE,FALSE,FALSE,0.007250015,18167.43476,FALSE,FALSE,0.009109635,TRUE,FALSE
192423,1,1.24E+18,148.62708,9.87,1488,23.8,2.3,0.1136893,0.0584452,0.6631814,192423,,148.630417,9.854723,148.627075,9.87,1488,40,7.8,1,0.017733586,192423,48.45708277,6.7936172,0.10475549,7.278279666,0.086122344,-2.1269636,0.11283651,7.8,0.1,-8.920581,-0.137118573,FALSE,0.137118573,9.01E+07,FALSE,FALSE,FALSE,FALSE,FALSE,FALSE,TRUE,FALSE,FALSE,FALSE,FALSE,FALSE,FALSE,FALSE,0.006579287,22060.4179,FALSE,FALSE,0.004963434,TRUE,FALSE
192475,1,1.24E+18,138.19415,8.93889,1300,20.8,2.3,0.177438,0.09121698,0.2576148,192475,,138.190002,8.939445,138.194153,8.938889,1300,79,8.23,1,0.011259837,192475,75.07148365,7.120773,0.21612082,7.095457287,0.106239805,-2.1918669,0.13910186,8.23,0.11,-9.312639,-0.058381152,FALSE,0.058381152,2.39E+08,FALSE,FALSE,FALSE,FALSE,FALSE,TRUE,FALSE,FALSE,FALSE,FALSE,FALSE,FALSE,FALSE,FALSE,0.00364968,71690.5342,FALSE,FALSE,0.004336333,TRUE,FALSE
192558,1,1.24E+18,137.10001,6.95167,1571,24.8,2.1,0.1456167,0.07485834,0.399911,192558,,137.087082,6.946667,137.100006,6.951666,1571,35,7.73,1,0.020289959,192558,66.42744133,7.856774,0.14901909,8.120681946,0.073847675,-2.126773,0.14674251,7.73,0.1,-9.983547,-0.333463799,TRUE,0.333463799,1.43E+08,FALSE,FALSE,FALSE,FALSE,TRUE,FALSE,FALSE,FALSE,FALSE,FALSE,FALSE,TRUE,FALSE,FALSE,0.007947612,15118.12805,TRUE,FALSE,0.005240292,FALSE,TRUE
192730,1,1.24E+18,144.03584,6.25694,2411,37.2,2.3,0.1904014,0.09788118,0.3342848,192730,,144.033752,6.256389,144.035843,6.256945,2411,126,8.35,1,0.0209584,192730,70.47100665,8.331632,0.16336048,8.588538292,0.053804172,-1.7579589,0.11526663,8.35,0.08,-10.08959,0.072422619,FALSE,0.072422619,5.12E+08,FALSE,FALSE,FALSE,TRUE,FALSE,FALSE,FALSE,FALSE,FALSE,FALSE,FALSE,FALSE,FALSE,FALSE,0.012598959,6015.920078,FALSE,FALSE,0.00804223,TRUE,FALSE
192830,1,1.24E+18,144.84291,4.95222,1886,29.5,2.3,0.1555063,0.07994237,0.6115992,192830,,144.84375,4.9525,144.842911,4.952222,1886,167,8.87,1,0.008043844,192830,52.2948186,8.253148,0.099051274,8.543868295,0.067774986,-2.2138863,0.19882958,8.87,0.08,-10.467034,0.18157295,FALSE,0.18157295,1.17E+09,FALSE,FALSE,FALSE,TRUE,FALSE,FALSE,FALSE,FALSE,FALSE,FALSE,FALSE,FALSE,FALSE,FALSE,0.00378255,66742.43892,FALSE,FALSE,0.006291019,TRUE,FALSE
192835,1,1.24E+18,145.75916,5.02917,1963,30.6,2.2,0.1738132,0.08935355,0.2437602,192835,,145.756241,5.03,145.759155,5.029167,1963,95,8.5,1,0.020932036,192835,75.89148686,7.4454465,0.20782293,7.755053255,0.065828837,-2.7852926,0.4768624,8.5,0.08,-10.23074,-0.048196009,FALSE,0.048196009,4.48E+08,FALSE,FALSE,FALSE,TRUE,FALSE,FALSE,FALSE,FALSE,FALSE,FALSE,FALSE,FALSE,FALSE,FALSE,0.01024498,9098.068099,FALSE,FALSE,0.006547863,TRUE,FALSE
192937,1,1.24E+18,145.08792,4.735,1983,30.9,2.4,0.1469923,0.07556549,0.4217458,192937,,145.097092,4.727222,145.087921,4.735,1983,44,7.83,2,0.003587714,192937,65.05519865,7.4144645,0.13990475,7.656757036,0.070925097,-2.9925086,0.6342128,7.83,0.1,-10.406973,-0.206315347,FALSE,0.206315347,1.16E+08,FALSE,FALSE,FALSE,TRUE,FALSE,FALSE,FALSE,FALSE,FALSE,FALSE,FALSE,FALSE,FALSE,FALSE,0.001773862,303481.1138,FALSE,FALSE,0.006614576,TRUE,FALSE
192960,1,1.24E+18,148.9075,4.47667,1942,30.3,2.4,0.1657103,0.08518802,0.4324794,192960,,148.908752,4.48,148.907501,4.476667,1942,61,8.25,1,0.011380731,192960,64.37504207,8.036043,0.13741338,8.332559807,0.068998608,-3.0098994,0.6697892,8.25,0.09,-11.045942,-0.180499205,FALSE,0.180499205,3.45E+08,FALSE,TRUE,FALSE,FALSE,FALSE,FALSE,FALSE,FALSE,FALSE,FALSE,FALSE,FALSE,FALSE,FALSE,0.005510598,31446.61913,FALSE,FALSE,0.006477815,TRUE,FALSE
193338,1,1.24E+18,146.99792,2.22278,1919,29.9,2.3,0.4293104,0.220699,0.5835938,193338,,146.995834,2.228611,146.997925,2.222778,1919,117,8.41,1,0.019374019,193338,54.29633543,7.913107,0.10437704,8.16111321,0.06705293,-2.4889789,0.2856318,8.41,0.08,-10.402086,0.125545792,FALSE,0.125545792,4.24E+08,FALSE,FALSE,FALSE,TRUE,FALSE,FALSE,FALSE,FALSE,FALSE,FALSE,FALSE,FALSE,FALSE,FALSE,0.009269878,11112.79585,FALSE,FALSE,0.006401095,TRUE,FALSE
193373,1,1.24E+18,149.69499,2.34722,1727,27.1,2.2,0.06922632,0.03558774,0.4137186,193373,,149.697906,2.351111,149.694992,2.347222,1727,109,8.5,1,0.010178067,193373,65.56140887,7.4747605,0.14538914,7.672242618,0.076041,-3.1114995,0.71801883,8.5,0.09,-10.58626,0.038499971,FALSE,0.038499971,4.50E+08,FALSE,FALSE,TRUE,FALSE,FALSE,FALSE,FALSE,FALSE,FALSE,FALSE,FALSE,FALSE,FALSE,FALSE,0.004382652,49716.14459,FALSE,FALSE,0.005760652,TRUE,FALSE
193398,1,1.24E+18,137.33417,1.61444,1331,21.2,2.4,0.1044805,0.05371112,0.8369275,193398,,137.333755,1.608889,137.334167,1.614444,1331,79,8.1,1,0.017997428,193398,33.18294867,7.4712286,0.10395514,7.750443043,0.098631756,-2.8450835,0.3056072,8.1,0.11,-10.316312,0.209468523,FALSE,0.209468523,1.97E+08,FALSE,FALSE,FALSE,TRUE,FALSE,FALSE,FALSE,FALSE,FALSE,FALSE,FALSE,FALSE,FALSE,FALSE,0.00597266,26769.22067,FALSE,FALSE,0.004439738,TRUE,FALSE
193721,1,1.24E+18,147.91125,0.36944,1900,29.5,2.4,0.1547393,0.07954809,0.651051,193721,,147.916672,0.372778,147.911255,0.369444,1900,63,8.63,1,0.023050955,193721,49.37915199,7.6380196,0.09710754,7.843847696,0.073697387,-2.2853303,0.24935657,8.63,0.08,-9.923349,-0.153683617,FALSE,0.153683617,6.11E+08,FALSE,FALSE,FALSE,FALSE,TRUE,FALSE,FALSE,FALSE,FALSE,FALSE,FALSE,FALSE,FALSE,FALSE,0.01091998,8008.06668,FALSE,FALSE,0.006337718,TRUE,FALSE
193813,1,1.24E+18,145.71208,4.89,1939,30.3,2.3,0.1848691,0.09503714,0.740903,193813,,145.712494,4.889722,145.712082,4.89,1939,87,8.15,1,0.007173793,193813,42.19164141,8.257397,0.08239249,8.437872917,0.066230589,-2.276762,0.2643354,8.15,0.09,-10.534159,0.094430304,FALSE,0.094430304,3.69E+08,FALSE,FALSE,TRUE,FALSE,FALSE,FALSE,FALSE,FALSE,FALSE,FALSE,FALSE,FALSE,FALSE,FALSE,0.003468215,79388.8349,FALSE,FALSE,0.006467808,TRUE,FALSE
194002,1,1.24E+18,135.93167,25.31222,2525,38.1,2.2,0.1255552,0.0645452,0.5946851,194002,,135.932098,25.315832,135.931671,25.312222,2525,77,8.53,1,0.007901324,194002,53.50985835,7.805534,0.09415718,8.043061672,0.053273951,-2.2331946,0.30603862,8.52,0.07,-10.038729,-0.07289107,FALSE,0.07289107,5.15E+08,FALSE,FALSE,FALSE,TRUE,FALSE,FALSE,FALSE,FALSE,FALSE,FALSE,FALSE,FALSE,FALSE,FALSE,0.004974399,38591.37227,FALSE,FALSE,0.008422493,TRUE,FALSE
194009,1,1.24E+18,136.50375,25.46972,2790,41.9,2.2,0.1176444,0.06047842,0.3281613,194009,,136.492081,25.473333,136.503754,25.469723,2790,61,8.9,1,0.016901274,194009,70.84284801,7.424466,0.16396718,7.998653835,0.04913978,-1.5561684,0.13376568,8.9,0.06,-8.980635,-0.324875719,TRUE,0.324875719,1.08E+09,FALSE,FALSE,FALSE,FALSE,FALSE,FALSE,TRUE,FALSE,FALSE,FALSE,FALSE,FALSE,FALSE,TRUE,0.011757175,6908.208501,TRUE,FALSE,0.009306438,FALSE,TRUE
194010,1,1.24E+18,136.55168,25.78361,2619,39.4,2.4,0.1153371,0.05929227,0.3650348,194010,,136.556259,25.7775,136.551682,25.783611,2619,123,8.61,1,0.007415644,194010,68.59033357,7.860473,0.15218143,8.072878602,0.054424492,-2.0138652,0.27050644,8.61,0.07,-9.874338,0.047568965,FALSE,0.047568965,6.14E+08,FALSE,FALSE,FALSE,FALSE,TRUE,FALSE,FALSE,FALSE,FALSE,FALSE,FALSE,FALSE,FALSE,FALSE,0.004842434,40723.39589,FALSE,FALSE,0.008736044,TRUE,FALSE
194012,1,1.24E+18,137.28458,26.60306,2814,42.1,2.4,0.1065214,0.05476029,0.7124701,194012,151-016,137.301666,26.5975,137.284576,26.603056,2814,92,8.53,1,0.019316778,194012,44.56379115,8.919744,0.07213597,9.115757662,0.049546655,-1.6568072,0.13017012,8.53,0.07,-10.5765505,-0.03561919,FALSE,0.03561919,1.28E+09,FALSE,FALSE,TRUE,FALSE,FALSE,FALSE,FALSE,FALSE,FALSE,FALSE,FALSE,FALSE,FALSE,FALSE,0.013553083,5198.704889,FALSE,FALSE,0.009386494,TRUE,FALSE
194019,1,1.24E+18,137.99751,31.59333,758,12,2.4,0.05511336,0.02833257,0.7249759,194019,,138.007904,31.576389,137.997513,31.593334,758,42,7.1,2,0.017087636,194019,43.53319374,6.394998,0.1813868,6.829871148,0.174685455,-4.089172,0.83680546,7.1,0.18,-10.48417,0.087908003,FALSE,0.087908003,1.92E+07,FALSE,FALSE,FALSE,TRUE,FALSE,FALSE,FALSE,FALSE,FALSE,FALSE,FALSE,FALSE,FALSE,FALSE,0.003229465,91560.96239,FALSE,FALSE,0.002528416,TRUE,FALSE
194058,1,1.24E+18,142.24625,28.75805,1222,19.6,2.2,0.06867346,0.03530353,0.4783985,194058,,142.245407,28.756111,142.246246,28.758055,1222,106,8.27,1,0.02198551,194058,61.41919421,7.9261017,0.14331517,8.102033677,0.097576564,-4.811516,2.036273,8.27,0.11,-12.7376175,0.075165056,FALSE,0.075165056,3.32E+08,TRUE,FALSE,FALSE,FALSE,FALSE,FALSE,FALSE,FALSE,FALSE,FALSE,FALSE,FALSE,FALSE,FALSE,0.006698647,21281.25461,FALSE,FALSE,0.004076153,TRUE,FALSE
194068,1,1.24E+18,145.05333,29.59167,507,7.5,2.2,0.05991958,0.03080334,0.4155494,194068,,145.054184,29.590834,145.053329,29.591667,507,73,7.55,1,0.011244539,194068,65.4461357,6.0570164,0.2835756,7.063206806,0.254868012,-3.7503183,0.42697066,7.55,0.26,-9.807335,0.107143637,FALSE,0.107143637,4.83E+07,FALSE,FALSE,FALSE,FALSE,TRUE,FALSE,FALSE,FALSE,FALSE,FALSE,FALSE,FALSE,FALSE,FALSE,0.001421441,472621.5276,FALSE,FALSE,0.00169117,TRUE,FALSE
194071,1,1.24E+18,145.19084,32.4725,1288,20.6,2.3,0.04825059,0.02480457,0.7606563,194071,,145.202515,32.463055,145.190842,32.4725,1288,48,7.46,2,0.006074274,194071,40.47794414,7.361442,0.10659767,7.612124567,0.097347306,-3.6661959,0.85793513,7.46,0.12,-11.0276375,0.045665092,FALSE,0.045665092,6.13E+07,FALSE,TRUE,FALSE,FALSE,FALSE,FALSE,FALSE,FALSE,FALSE,FALSE,FALSE,FALSE,FALSE,FALSE,0.001950696,250952.9156,FALSE,FALSE,0.004296306,TRUE,FALSE
194084,1,1.24E+18,146.62125,30.66472,1455,23.1,2.3,0.06915969,0.03555349,0.3207478,194084,,146.620422,30.66361,146.621246,30.664722,1455,104,8.66,1,0.014326997,194084,71.29190554,7.99637,0.1822741,8.319696666,0.086658934,-2.627703,0.37384355,8.66,0.1,-10.624073,-0.048049024,FALSE,0.048049024,7.07E+08,FALSE,FALSE,TRUE,FALSE,FALSE,FALSE,FALSE,FALSE,FALSE,FALSE,FALSE,FALSE,FALSE,FALSE,0.005197536,35348.94053,FALSE,FALSE,0.004853358,TRUE,FALSE
194085,1,1.24E+18,146.72083,31.79583,1435,22.8,2.2,0.07772449,0.03995646,0.5669686,194085,,146.723328,31.779722,146.720825,31.795834,1435,26,7.49,2,0.021009808,194085,55.46094047,7.6468515,0.11749031,7.853108636,0.084182883,-2.9778924,0.44867158,7.48,0.12,-10.624744,-0.360027698,TRUE,0.360027698,8.54E+07,FALSE,FALSE,TRUE,FALSE,FALSE,FALSE,FALSE,FALSE,FALSE,TRUE,FALSE,FALSE,FALSE,FALSE,0.007517152,16899.14604,TRUE,FALSE,0.004786645,FALSE,TRUE
194091,1,1.24E+18,147.19791,27.87389,1325,21.3,2.3,0.08038844,0.04132594,0.8324919,194091,,147.22168,27.867779,147.197906,27.87389,1325,37,7.57,2,0.012729294,194091,33.64445459,7.559868,0.09982061,7.898484233,0.093911503,-2.9568894,0.35731754,7.57,0.12,-10.516757,-0.034883805,FALSE,0.034883805,8.57E+07,FALSE,FALSE,TRUE,FALSE,FALSE,FALSE,FALSE,FALSE,FALSE,FALSE,FALSE,FALSE,FALSE,FALSE,0.004205325,53997.33641,FALSE,FALSE,0.004419724,TRUE,FALSE
194092,1,1.24E+18,147.26291,33.99139,1497,23.6,2.3,0.03289717,0.01691172,0.5078842,194092,,147.260406,33.987778,147.262909,33.99139,1497,83,8.24,1,0.002984838,194092,59.47705038,7.286525,0.12869923,7.716613973,0.085181315,-4.0213327,1.2897286,8.24,0.1,-11.3078575,0.007883833,FALSE,0.007883833,2.50E+08,FALSE,TRUE,FALSE,FALSE,FALSE,FALSE,FALSE,FALSE,FALSE,FALSE,FALSE,FALSE,FALSE,FALSE,0.001114094,769356.4472,FALSE,FALSE,0.004993455,TRUE,FALSE
194094,1,1.24E+18,147.40166,34.43695,1479,23.3,2.3,0.03443974,0.01770472,0.3735397,194094,M+622016,147.397919,34.438057,147.401657,34.436947,1479,103,9.06,1,0.013999279,194094,68.06597139,7.776552,0.16317034,8.038085428,0.087577675,-2.1683226,0.40971762,9.06,0.1,-9.944875,-0.130949933,FALSE,0.130949933,1.59E+09,FALSE,FALSE,FALSE,FALSE,TRUE,FALSE,FALSE,FALSE,FALSE,FALSE,FALSE,FALSE,FALSE,FALSE,0.005162418,35831.50439,FALSE,FALSE,0.004933413,TRUE,FALSE
194098,1,1.24E+18,148.43832,33.16445,1538,24.3,2.3,0.04034283,0.02073936,0.5611131,194098,,148.438751,33.171947,148.438324,33.164448,1538,87,7.91,1,0.014040871,194098,55.86723616,7.246586,0.11745527,7.607918195,0.083356255,-2.6939118,0.2798807,7.91,0.1,-9.940497,0.120461296,FALSE,0.120461296,1.26E+08,FALSE,FALSE,FALSE,FALSE,TRUE,FALSE,FALSE,FALSE,FALSE,FALSE,FALSE,FALSE,FALSE,FALSE,0.005384306,32939.11745,FALSE,FALSE,0.005130216,TRUE,FALSE
198456,1,1.24E+18,146.67667,7.13528,1886,29.5,2.2,0.07930069,0.04076675,0.3772038,198456,,146.677902,7.138333,146.676666,7.135278,1886,57,8.18,1,0.016000022,198456,67.83947052,6.987946,0.15482913,7.422499887,0.075070116,-2.9860787,0.6151369,8.18,0.09,-9.974025,-0.168170798,FALSE,0.168170798,2.11E+08,FALSE,FALSE,FALSE,FALSE,TRUE,FALSE,FALSE,FALSE,FALSE,FALSE,FALSE,FALSE,FALSE,FALSE,0.007523875,16868.95548,FALSE,FALSE,0.006291019,TRUE,FALSE
198494,1,1.24E+18,140.93916,1.72194,1660,26.1,2.4,0.1412749,0.07262633,0.2644577,198494,,140.942505,1.724722,140.939163,1.721944,1660,101,8.54,1,0.017997074,198494,74.66533133,7.3778067,0.20294568,7.924647459,0.080591486,-2.5719259,0.31287596,8.54,0.09,-9.949733,-0.027663681,FALSE,0.027663681,4.85E+08,FALSE,FALSE,FALSE,FALSE,TRUE,FALSE,FALSE,FALSE,FALSE,FALSE,FALSE,FALSE,FALSE,FALSE,0.007448852,17210.47067,FALSE,FALSE,0.005537164,TRUE,FALSE
198508,1,1.24E+18,140.73666,24.94611,519,7.7,2.3,0.1175914,0.06045114,0.4069769,198508,,140.739578,24.947498,140.736664,24.94611,519,29,6.71,1,0.01305655,198508,65.98498641,5.7246056,0.2896906,6.419101008,0.261109989,-3.3177643,0.31360888,6.71,0.26,-9.04237,-0.091162178,FALSE,0.091162178,7351459.504,FALSE,FALSE,FALSE,FALSE,FALSE,TRUE,FALSE,FALSE,FALSE,FALSE,FALSE,FALSE,FALSE,FALSE,0.001689566,334519.2699,FALSE,FALSE,0.001731198,TRUE,FALSE
198520,1,1.24E+18,148.11624,0.97806,2977,45.5,2.3,0.1600524,0.08227944,0.4646704,198520,,148.118744,0.986944,148.116241,0.978056,2977,144,9.06,1,0.014843053,198520,62.31115964,7.7495055,0.11852806,8.133203294,0.049311321,-1.8094923,0.3015821,9.06,0.07,-9.558998,0.035009378,FALSE,0.035009378,1.58E+09,FALSE,FALSE,FALSE,FALSE,TRUE,FALSE,FALSE,FALSE,FALSE,FALSE,FALSE,FALSE,FALSE,FALSE,0.011017458,7866.989721,FALSE,FALSE,0.009930203,TRUE,FALSE
198709,1,1.24E+18,142.3475,35.88222,1698,26.2,2.1,0.05046132,0.02594106,0.6499726,198709,rgmph,142.348343,35.880276,142.347504,35.882221,1698,36,8.33,1,0.012209996,198709,49.46050571,7.254964,0.09917098,7.543686343,0.073457283,-2.678397,0.34731373,8.33,0.08,-9.933361,-0.32089689,TRUE,0.32089689,3.02E+08,FALSE,FALSE,FALSE,FALSE,TRUE,FALSE,FALSE,FALSE,FALSE,FALSE,FALSE,TRUE,FALSE,FALSE,0.005169309,35736.03075,TRUE,FALSE,0.005663918,FALSE,TRUE
200055,1,1.24E+18,151.57584,28.945,1367,22.1,2.4,0.07963223,0.04093719,0.7873793,200055,UA201,151.576248,28.950556,151.575836,28.945,1367,71,8.09,1,0.012601219,200055,38.05875909,8.747992,0.102571204,9.064165884,0.094328749,-1.0464146,0.09480184,8.09,0.1,-9.794406,-0.029780783,FALSE,0.029780783,7.23E+08,FALSE,FALSE,FALSE,FALSE,TRUE,FALSE,FALSE,FALSE,FALSE,FALSE,FALSE,FALSE,FALSE,FALSE,0.004294973,51766.7119,FALSE,FALSE,0.004559821,TRUE,FALSE
200110,1,1.24E+18,152.24167,32.01056,1451,21.9,4.3,0.06096243,0.03133945,0.4701755,200110,CG55,152.244583,32.012779,152.241669,32.010555,1451,103,8.31,1,0.018257012,200110,61.95436311,7.916633,0.20154023,8.212661473,0.170569805,-2.397516,0.22690246,8.26,0.18,-10.314149,0.0535221,FALSE,0.0535221,3.54E+08,FALSE,FALSE,FALSE,TRUE,FALSE,FALSE,FALSE,FALSE,FALSE,FALSE,FALSE,FALSE,FALSE,FALSE,0.006605055,21888.62604,FALSE,FALSE,0.004840015,TRUE,FALSE
200255,1,1.24E+18,154.75626,21.28361,1083,21.8,4.4,0.08600476,0.04421316,0.5454635,200255,124-001a,154.755829,21.287777,154.756256,21.283611,1083,50,8.47,1,0.013892397,200255,56.94370481,8.33363,0.19586235,8.671902631,0.175318151,-1.6005445,0.17855251,8.47,0.18,-9.934174,-0.296625278,FALSE,0.296625278,6.08E+08,FALSE,FALSE,FALSE,FALSE,TRUE,FALSE,FALSE,FALSE,FALSE,FALSE,FALSE,FALSE,FALSE,FALSE,0.003751327,67858.06072,TRUE,FALSE,0.003612499,TRUE,FALSE
200426,1,1.24E+18,157.20041,4.23472,2158,33.3,2.2,0.08782182,0.04514727,0.5954108,200426,037-047,157.199585,4.231667,157.200409,4.234722,2158,104,8.87,1,0.008045454,200426,53.45812251,8.077313,0.094945185,8.537665587,0.057453384,-1.4500115,0.07149366,8.87,0.07,-9.527325,-0.025080115,FALSE,0.025080115,1.11E+09,FALSE,FALSE,FALSE,FALSE,TRUE,FALSE,FALSE,FALSE,FALSE,FALSE,FALSE,FALSE,FALSE,FALSE,0.004328938,50957.57302,FALSE,FALSE,0.007198313,TRUE,FALSE
200496,1,1.24E+18,159.34709,12.15639,2857,45.4,4.3,0.09757678,0.05016209,0.4836629,200496,065-072,159.349167,12.162499,159.347092,12.156388,2857,176,8.69,1,0.010068823,200496,61.07514524,9.042084,0.13231932,9.300742585,0.082277412,-1.5759475,0.1593182,8.72,0.1,-10.6180315,0.116135691,FALSE,0.116135691,1.75E+09,FALSE,FALSE,TRUE,FALSE,FALSE,FALSE,FALSE,FALSE,FALSE,FALSE,FALSE,FALSE,FALSE,FALSE,0.007172462,18562.43025,FALSE,FALSE,0.009529926,TRUE,FALSE
200499,1,1.24E+18,159.53333,10.38083,1175,11.1,2.3,0.09425314,0.04845347,0.8518519,200499,065-074,159.532913,10.381667,159.533325,10.380834,1175,178,8.49,1,0.022821924,200499,31.58635951,8.120477,0.18278565,8.457580029,0.179979235,-2.2357054,0.18510872,8.42,0.19,-10.356182,0.471285474,TRUE,0.471285474,5.43E+08,FALSE,FALSE,FALSE,TRUE,FALSE,FALSE,FALSE,FALSE,FALSE,FALSE,TRUE,FALSE,FALSE,FALSE,0.006686047,21361.5364,TRUE,TRUE,0.003919378,FALSE,TRUE
200532,1,1.24E+18,160.50124,12.33528,772,11.1,2.3,0.08450787,0.04344364,0.3915593,200532,065-086,160.503326,12.3325,160.501236,12.335278,772,36,7.55,1,0.01580305,200532,66.9484981,7.6232924,0.2234337,7.864036023,0.180007576,-2.0364628,0.18184875,7.48,0.19,-9.659756,-0.271429348,FALSE,0.271429348,8.92E+07,FALSE,FALSE,FALSE,FALSE,TRUE,FALSE,FALSE,FALSE,FALSE,FALSE,FALSE,FALSE,FALSE,FALSE,0.003041848,103203.9452,TRUE,FALSE,0.002575115,TRUE,FALSE
200581,1,1.24E+18,161.97459,10.89778,2799,42.7,2.1,0.1130959,0.05814013,0.548354,200581,066-017,161.972092,10.9,161.974594,10.897778,2799,107,9.18,1,0.015867842,200581,56.74588431,8.649536,0.09666218,9.266522732,0.042777404,-1.0108615,0.057276405,9.18,0.06,-9.660398,-0.116938364,FALSE,0.116938364,2.46E+09,FALSE,FALSE,FALSE,FALSE,TRUE,FALSE,FALSE,FALSE,FALSE,FALSE,FALSE,FALSE,FALSE,FALSE,0.011073887,7787.018322,FALSE,FALSE,0.009336459,TRUE,FALSE
200598,1,1.24E+18,162.23666,12.19444,1321,17.5,3.5,0.09107567,0.04682001,0.5838651,200598,066-025,162.235001,12.1975,162.236664,12.194445,1321,125,8.19,1,0.022849682,200598,54.27719092,7.377467,0.19052787,7.84640235,0.173784708,-2.2705064,0.19162914,8.53,0.18,-9.647974,0.220789362,FALSE,0.220789362,2.30E+08,FALSE,FALSE,FALSE,FALSE,TRUE,FALSE,FALSE,FALSE,FALSE,FALSE,FALSE,FALSE,FALSE,FALSE,0.007525967,16859.58082,FALSE,FALSE,0.004406382,TRUE,FALSE
200603,1,1.24E+18,162.32126,12.42222,1376,17.5,3.7,0.09050471,0.04652649,0.4325602,200603,066-029,162.314178,12.43,162.321259,12.422222,1376,68,8.14,1,0.008012508,200603,64.36990744,7.448545,0.21873955,8.039571753,0.183705011,-2.2291894,0.20685379,8.48,0.19,-9.677734,-0.080215294,FALSE,0.080215294,2.12E+08,FALSE,FALSE,FALSE,FALSE,TRUE,FALSE,FALSE,FALSE,FALSE,FALSE,FALSE,FALSE,FALSE,FALSE,0.002748946,126368.5227,FALSE,FALSE,0.004589842,TRUE,FALSE
200654,1,1.24E+18,163.41,34.03305,1862,26,4.3,0.06438535,0.0330991,0.5196439,200654,184-036,163.41626,34.037498,163.410004,34.033054,1862,187,8.89,1,0.018702093,200654,58.69168153,8.763961,0.17158936,9.080198333,0.143653308,-1.5216141,0.14694622,8.79,0.15,-10.285575,0.161984769,FALSE,0.161984769,1.61E+09,FALSE,FALSE,FALSE,TRUE,FALSE,FALSE,FALSE,FALSE,FALSE,FALSE,FALSE,FALSE,FALSE,FALSE,0.008682588,12666.97608,FALSE,FALSE,0.006210963,TRUE,FALSE
200841,1,1.24E+18,165.46292,22.34417,1342,22.6,2.1,0.06011599,0.03090431,0.4733028,200841,125-022,165.466248,22.34889,165.462921,22.344168,1342,157,8.82,1,0.007932648,200841,61.75114925,8.698655,0.13362156,8.894666941,0.080717503,-1.8344722,0.10435274,8.82,0.09,-10.533127,0.089845037,FALSE,0.089845037,1.38E+09,FALSE,FALSE,TRUE,FALSE,FALSE,FALSE,FALSE,FALSE,FALSE,FALSE,FALSE,FALSE,FALSE,FALSE,0.0026543,135541.2011,FALSE,FALSE,0.00447643,TRUE,FALSE
200879,1,1.24E+18,151.03625,6.51056,1263,20.4,2.2,0.08453014,0.0434551,0.6757122,200879,036-027,151.032913,6.511111,151.036255,6.510556,1263,42,7.81,1,0.022960717,200879,47.49055904,8.10572,0.11075137,8.413451181,0.09368574,-2.3746774,0.15723224,7.81,0.11,-10.480397,-0.202918865,FALSE,0.202918865,2.13E+08,FALSE,FALSE,FALSE,TRUE,FALSE,FALSE,FALSE,FALSE,FALSE,FALSE,FALSE,FALSE,FALSE,FALSE,0.007230497,18265.65017,FALSE,FALSE,0.004212915,TRUE,FALSE
200970,1,1.24E+18,156.15541,11.90806,2432,37.5,2.1,0.107511,0.05526904,0.1792695,200970,FGC1063,156.155411,11.906111,156.155411,11.908055,2432,151,8.98,1,0.018341434,200970,79.67285415,8.205302,0.24539627,8.434956629,0.049189548,-2.1750207,0.2815242,8.98,0.07,-10.380323,0.020904979,FALSE,0.020904979,1.43E+09,FALSE,FALSE,FALSE,TRUE,FALSE,FALSE,FALSE,FALSE,FALSE,FALSE,FALSE,FALSE,FALSE,FALSE,0.011121828,7720.030434,FALSE,FALSE,0.008112279,TRUE,FALSE
201105,1,1.24E+18,162.15125,27.97,2371,36.4,2.3,0.06388883,0.03284385,0.5243356,201105,,162.144165,27.970556,162.151245,27.970001,2371,157,8.38,1,0.016299995,201105,58.37652237,8.196379,0.10766331,8.375446653,0.055422044,-2.380719,0.38035873,8.38,0.08,-10.577098,0.219970054,FALSE,0.219970054,4.76E+08,FALSE,FALSE,TRUE,FALSE,FALSE,FALSE,FALSE,FALSE,FALSE,FALSE,FALSE,FALSE,FALSE,FALSE,0.009636035,10284.29861,FALSE,FALSE,0.007908805,TRUE,FALSE
201337,1,1.24E+18,154.41458,22.80972,1178,21.6,4.1,0.1032738,0.05309083,0.4436126,201337,123-035,154.426254,22.806665,154.414581,22.809721,1178,183,8.03,1,0.004896146,201337,63.66544634,8.912273,0.20122537,9.113519491,0.164871702,-1.4347943,0.1661805,8.12,0.17,-10.347068,0.188226089,FALSE,0.188226089,9.60E+08,FALSE,FALSE,FALSE,TRUE,FALSE,FALSE,FALSE,FALSE,FALSE,FALSE,FALSE,FALSE,FALSE,FALSE,0.001438067,461756.9364,FALSE,FALSE,0.003929385,TRUE,FALSE
201524,1,1.24E+18,158.92499,26.12583,1401,23,2.3,0.07517015,0.03864333,0.6355888,201524,124-041,158.929581,26.128334,158.924988,26.125834,1401,80,8.36,1,0.015784425,201524,50.53637433,8.670143,0.10970467,8.978841129,0.086862458,-1.4302096,0.090251684,8.36,0.1,-10.100353,-0.082815518,FALSE,0.082815518,7.73E+08,FALSE,FALSE,FALSE,TRUE,FALSE,FALSE,FALSE,FALSE,FALSE,FALSE,FALSE,FALSE,FALSE,FALSE,0.005513739,31410.79482,FALSE,FALSE,0.004673233,TRUE,FALSE
201665,1,1.24E+18,163.2025,0.03444,1812,28.2,2.2,0.1405376,0.0722473,0.5375039,201665,010-041,163.200409,0.032222,163.202499,0.034444,1812,75,8.99,1,0.01484318,201665,57.48616894,8.350438,0.11220381,8.762682227,0.067782305,-1.2244629,0.07085661,8.99,0.08,-9.574901,-0.222922005,FALSE,0.222922005,1.52E+09,FALSE,FALSE,FALSE,FALSE,TRUE,FALSE,FALSE,FALSE,FALSE,FALSE,FALSE,FALSE,FALSE,FALSE,0.006706014,21234.51928,FALSE,FALSE,0.006044181,TRUE,FALSE
201685,1,1.24E+18,163.91335,2.39556,1032,16.3,2.3,0.1204452,0.06191825,0.5558203,201685,038-051,163.915421,2.396944,163.913345,2.395555,1032,89,8.13,1,0.025444723,201685,56.23281389,7.1382594,0.14908685,7.709305496,0.122860234,-3.2080355,0.65811425,8.13,0.13,-10.346294,0.081863727,FALSE,0.081863727,1.93E+08,FALSE,FALSE,FALSE,TRUE,FALSE,FALSE,FALSE,FALSE,FALSE,FALSE,FALSE,FALSE,FALSE,FALSE,0.006547217,22277.06023,FALSE,FALSE,0.003442381,TRUE,FALSE
201686,1,1.24E+18,163.93542,17.00444,1139,19.2,4.2,0.09908353,0.05093667,0.9211842,201686,095-070,163.934174,17.004723,163.935425,17.004444,1139,72,8.06,1,0.022442149,201686,22.90019685,8.322636,0.1917146,8.580435943,0.190008263,-2.0068283,0.19928013,8.06,0.2,-10.329464,0.251005317,FALSE,0.251005317,3.63E+08,FALSE,FALSE,FALSE,TRUE,FALSE,FALSE,FALSE,FALSE,FALSE,FALSE,FALSE,FALSE,FALSE,FALSE,0.006373346,23509.12133,TRUE,FALSE,0.003799295,TRUE,FALSE
201901,1,1.24E+18,150.81418,2.095,1743,27.3,2.3,0.06173216,0.03173515,0.657418,201901,,150.815414,2.094167,150.814178,2.095,1743,71,8.53,1,0.007195187,201901,48.89679049,7.4049134,0.09890993,7.715932492,0.075238117,-1.9087533,0.11021874,8.53,0.09,-9.313666,-0.071544487,FALSE,0.071544487,4.76E+08,FALSE,FALSE,FALSE,FALSE,FALSE,TRUE,FALSE,FALSE,FALSE,FALSE,FALSE,FALSE,FALSE,FALSE,0.003126935,97663.83706,FALSE,FALSE,0.005814022,TRUE,FALSE
201947,1,1.24E+18,162.56458,32.76805,1682,25.9,4.3,0.1132391,0.05821374,0.4310491,201947,I2608,162.567505,32.764999,162.564575,32.768055,1682,160,8.8,1,0.02351781,201947,64.46589735,8.710234,0.18715855,9.007332123,0.144207643,-1.0867795,0.14456357,8.76,0.15,-9.797013,0.089698676,FALSE,0.089698676,1.35E+09,FALSE,FALSE,FALSE,FALSE,TRUE,FALSE,FALSE,FALSE,FALSE,FALSE,FALSE,FALSE,FALSE,FALSE,0.009862845,9816.733263,FALSE,FALSE,0.005610548,TRUE,FALSE
201989,1,1.24E+18,159.06876,27.53833,1369,22.5,2.3,0.0588438,0.03025031,0.8509755,201989,KK 92,159.065842,27.537222,159.068756,27.538332,1369,77,8.62,1,0.014658605,201989,31.68209759,7.2854877,0.097126566,7.809758123,0.090228747,-2.2400608,0.18232912,8.62,0.1,-9.525549,0.100196594,FALSE,0.100196594,5.74E+08,FALSE,FALSE,FALSE,FALSE,TRUE,FALSE,FALSE,FALSE,FALSE,FALSE,FALSE,FALSE,FALSE,FALSE,0.005003517,38143.5006,FALSE,FALSE,0.004566492,TRUE,FALSE
201993,1,1.24E+18,153.99792,6.80417,1620,25.8,2.1,0.06906778,0.03550623,0.4500023,201993,KKH 60,153.993332,6.806945,153.997925,6.804167,1620,94,8.41,1,0.020882819,201993,63.25622191,8.027353,0.13832968,7.943619681,0.085414646,-1.6262962,0.17652148,8.41,0.09,-9.653649,-0.016931967,FALSE,0.016931967,4.48E+08,FALSE,FALSE,FALSE,FALSE,TRUE,FALSE,FALSE,FALSE,FALSE,FALSE,FALSE,FALSE,FALSE,FALSE,0.008434969,13421.60492,FALSE,FALSE,0.005403738,TRUE,FALSE
202017,1,1.24E+18,158.95374,8.48028,1158,11.1,2.3,0.0858765,0.04414723,0.2999126,202017,LeG03,158.953735,8.482778,158.953735,8.480277,1158,70,8.26,1,0.020822919,202017,72.54770752,6.6977305,0.24823172,,,-3.131361,0.24875553,7.79,0.18,-9.829092,-0.108899578,FALSE,0.108899578,2.47E+08,FALSE,FALSE,FALSE,FALSE,TRUE,FALSE,FALSE,FALSE,FALSE,FALSE,FALSE,FALSE,FALSE,FALSE,0.006012146,26418.7576,FALSE,FALSE,0.003862672,TRUE,FALSE
202035,1,1.24E+18,164.05792,12.01028,989,11.1,2.2,0.06492542,0.03337674,0.6414207,202035,D640-13,164.061676,12.010834,164.057922,12.010278,989,30,7.75,1,0.01007151,202035,50.10220304,6.6160135,0.18451107,7.399646985,0.17326384,-2.7866902,0.45076773,7.73,0.17,-9.402704,-0.258368321,FALSE,0.258368321,7.89E+07,FALSE,FALSE,FALSE,FALSE,FALSE,TRUE,FALSE,FALSE,FALSE,FALSE,FALSE,FALSE,FALSE,FALSE,0.002483535,154821.3923,TRUE,FALSE,0.003298949,TRUE,FALSE
202040,1,1.24E+18,165.75792,8.04833,1359,17.5,3.3,0.128044,0.06582462,0.492869,202040,LeG35,165.757492,8.048056,165.757919,8.048334,1359,96,8.37,1,0.01483462,202040,60.47072339,7.0977445,0.1932361,7.492957679,0.164668147,-2.6948652,0.27855462,8.15,0.17,-9.79261,0.038673932,FALSE,0.038673932,3.24E+08,FALSE,FALSE,FALSE,FALSE,TRUE,FALSE,FALSE,FALSE,FALSE,FALSE,FALSE,FALSE,FALSE,FALSE,0.00502661,37793.83501,FALSE,FALSE,0.004533136,TRUE,FALSE
202043,1,1.24E+18,151.88834,13.10667,2739,41.9,2.3,0.1243689,0.06393532,0.9392939,202043,D637-18,151.889999,13.108334,151.888336,13.106668,2739,36,8.89,1,0.015765059,202043,20.0667047,8.030825,0.06010413,8.496284145,0.048501266,-2.1468265,0.30499947,8.89,0.07,-10.177651,-0.119626812,FALSE,0.119626812,1.14E+09,FALSE,FALSE,FALSE,TRUE,FALSE,FALSE,FALSE,FALSE,FALSE,FALSE,FALSE,FALSE,FALSE,FALSE,0.010766312,8238.297347,FALSE,FALSE,0.009136321,TRUE,FALSE
202137,1,1.24E+18,155.41208,0.9,701,9.4,2.2,0.1706389,0.08772174,0.8009506,202137,,155.408752,0.903333,155.412079,0.9,701,42,7.41,1,0.003599556,202137,36.77905698,6.4654555,0.20720106,6.840728078,0.203969953,-3.5956738,0.4722198,7.41,0.21,-10.06113,0.077367257,FALSE,0.077367257,3.71E+07,FALSE,FALSE,FALSE,TRUE,FALSE,FALSE,FALSE,FALSE,FALSE,FALSE,FALSE,FALSE,FALSE,FALSE,6.29E-04,2412563.891,FALSE,FALSE,0.002338284,TRUE,FALSE
202243,1,1.24E+18,156.67458,11.89722,2283,35.3,2.3,0.08872984,0.04561407,0.6581458,202243,,156.675842,11.897778,156.674576,11.897223,2283,89,8.78,1,0.017753509,202243,48.84142745,7.815089,0.08617116,8.01228817,0.058345444,-3.2610106,0.9464601,8.78,0.07,-11.076099,-0.038100292,FALSE,0.038100292,8.67E+08,FALSE,TRUE,FALSE,FALSE,FALSE,FALSE,FALSE,FALSE,FALSE,FALSE,FALSE,FALSE,FALSE,FALSE,0.010105771,9350.449652,FALSE,FALSE,0.007615268,TRUE,FALSE
202244,1,1.24E+18,157.92,13.83444,1288,21.3,2.2,0.138108,0.07099828,0.4671679,202244,,157.924164,13.834167,157.919998,13.834444,1288,102,8.34,1,0.016007372,202244,62.14943722,7.788808,0.14069688,8.100213054,0.089803484,-2.1816847,0.12890235,8.34,0.1,-9.970492,0.048999233,FALSE,0.048999233,3.52E+08,FALSE,FALSE,FALSE,FALSE,TRUE,FALSE,FALSE,FALSE,FALSE,FALSE,FALSE,FALSE,FALSE,FALSE,0.005140617,36136.07066,FALSE,FALSE,0.004296306,TRUE,FALSE
202250,1,1.24E+18,159.23584,13.93361,2985,45.4,2.4,0.1174451,0.06037598,0.4803604,202250,,159.236252,13.938889,159.23584,13.933611,2985,122,9.14,1,0.0036,202250,61.29110882,8.161271,0.11542517,8.501237733,0.047111208,-1.4599307,0.1040769,9.14,0.06,-9.6212015,-0.057177065,FALSE,0.057177065,1.98E+09,FALSE,FALSE,FALSE,FALSE,TRUE,FALSE,FALSE,FALSE,FALSE,FALSE,FALSE,FALSE,FALSE,FALSE,0.00267933,133020.647,FALSE,FALSE,0.009956888,TRUE,FALSE
202256,1,1.24E+18,168.6875,12.6475,630,10,2,0.06325047,0.03251568,0.5499755,202256,,168.689178,12.650277,168.6875,12.6475,630,42,7.25,1,0,202256,56.63471565,6.803591,0.19411239,7.140259419,0.173962827,-5.4928803,2.0529442,7.2,0.18,-12.296471,-0.044146319,FALSE,0.044146319,3.00E+07,TRUE,FALSE,FALSE,FALSE,FALSE,FALSE,FALSE,FALSE,FALSE,FALSE,FALSE,FALSE,FALSE,FALSE,0,Infinity,FALSE,FALSE,0.002101454,TRUE,FALSE
202297,1,1.24E+18,151.51584,10.63778,1565,25,2.3,0.1325132,0.06812211,0.2566445,202297,,151.515427,10.634722,151.515839,10.637777,1565,258,8.48,1,0.011364786,202297,75.12901208,8.004684,0.20670046,8.171162172,0.08002727,-2.873341,0.39807168,8.48,0.09,-10.878025,0.374792367,TRUE,0.374792367,5.03E+08,FALSE,FALSE,TRUE,FALSE,FALSE,FALSE,FALSE,FALSE,FALSE,TRUE,FALSE,FALSE,FALSE,FALSE,0.004434605,48558.08153,TRUE,FALSE,0.005220278,FALSE,TRUE
202488,1,1.24E+18,151.54501,11.10056,2496,38.4,2.2,0.1484646,0.07632241,0.2384189,202488,,151.535843,11.097777,151.545013,11.100556,2496,97,8.42,1,0.017879495,202488,76.20682303,8.438427,0.2068798,8.782824761,0.049846184,-2.9331543,0.77239287,8.42,0.08,-11.371581,-0.075647748,FALSE,0.075647748,6.24E+08,FALSE,TRUE,FALSE,FALSE,FALSE,FALSE,FALSE,FALSE,FALSE,FALSE,FALSE,FALSE,FALSE,FALSE,0.011127027,7712.817763,FALSE,FALSE,0.00832576,TRUE,FALSE
202723,1,1.24E+18,151.77708,12.8975,2727,41.7,2,0.123176,0.06332209,0.6507244,202723,,151.764572,12.91,151.777084,12.8975,2727,109,8.57,1,0.014036701,202723,49.40380091,7.7403364,0.07641811,8.108112553,0.043190252,-2.9604442,0.8173538,8.57,0.07,-10.700781,0.095797184,FALSE,0.095797184,5.49E+08,FALSE,FALSE,TRUE,FALSE,FALSE,FALSE,FALSE,FALSE,FALSE,FALSE,FALSE,FALSE,FALSE,FALSE,0.00954398,10483.64616,FALSE,FALSE,0.009096293,TRUE,FALSE
203364,1,1.24E+18,161.18877,7.99889,2529,38.7,2.3,0.09500697,0.048841,0.888344,203364,,161.188766,7.9975,161.188766,7.998889,2529,73,8.69,1,0.014707302,203364,27.3341364,7.87004,0.06059336,8.293239485,0.053979985,-1.5002661,0.19617862,8.69,0.07,-9.370306,0.109887981,FALSE,0.109887981,7.26E+08,FALSE,FALSE,FALSE,FALSE,FALSE,TRUE,FALSE,FALSE,FALSE,FALSE,FALSE,FALSE,FALSE,FALSE,0.009273873,11103.22266,FALSE,FALSE,0.008435836,TRUE,FALSE
203709,1,1.24E+18,157.68459,6.12528,640,8.2,2.3,0.091007,0.04678471,0.5656421,203709,,157.686661,6.123889,157.684586,6.125278,640,27,7.25,1,0.016026201,203709,55.55315516,7.237957,0.25751236,,,-2.0495164,0.2885902,7.25,0.25,-9.287474,-0.264250864,FALSE,0.264250864,4.09E+07,FALSE,FALSE,FALSE,FALSE,FALSE,TRUE,FALSE,FALSE,FALSE,FALSE,FALSE,FALSE,FALSE,FALSE,0.002557348,146013.0288,TRUE,FALSE,0.00213481,TRUE,FALSE
203862,1,1.24E+18,151.76875,5.00694,1739,27.4,2.3,0.07378186,0.03792964,0.5898521,203862,,151.766663,5.012778,151.768753,5.006945,1739,34,8.22,1,0.020970253,203862,53.85353202,7.8435874,0.10599843,8.08315175,0.073583648,-2.4340775,0.30266583,8.22,0.09,-10.277665,-0.367737041,TRUE,0.367737041,2.90E+08,FALSE,FALSE,FALSE,TRUE,FALSE,FALSE,FALSE,FALSE,FALSE,FALSE,TRUE,FALSE,FALSE,FALSE,0.009092485,11550.64467,TRUE,FALSE,0.00580068,FALSE,TRUE
203913,1,1.24E+18,156.44334,5.65333,1155,18.8,2.2,0.08332632,0.04283623,0.3,203913,037-033,156.442917,5.650834,156.443344,5.653334,1155,99,8.41,1,0.02031521,203913,72.54245815,7.631887,0.19723131,7.821479933,0.101959602,-2.4413328,0.21679452,8.41,0.11,-10.073219,-0.006455298,FALSE,0.006455298,3.85E+08,FALSE,FALSE,FALSE,TRUE,FALSE,FALSE,FALSE,FALSE,FALSE,FALSE,FALSE,FALSE,FALSE,FALSE,0.00585036,27900.12364,FALSE,FALSE,0.003852665,TRUE,FALSE
204139,1,1.24E+18,158.00543,4.34611,1147,18.7,2.3,0.1416442,0.0728162,0.6032153,204139,,158.006256,4.351944,158.005432,4.346111,1147,68,7.58,2,0.008031332,204139,52.89951939,7.049176,0.13173985,7.367586736,0.107874492,-4.6388617,1.687233,7.58,0.13,-11.688038,0.106764001,FALSE,0.106764001,6.18E+07,TRUE,FALSE,FALSE,FALSE,FALSE,FALSE,FALSE,FALSE,FALSE,FALSE,FALSE,FALSE,FALSE,FALSE,0.002296838,181013.4035,FALSE,FALSE,0.00382598,TRUE,FALSE
204483,1,1.24E+18,152.02875,2.345,1985,30.8,2.4,0.1485557,0.07636923,0.6824352,204483,,152.026657,2.347222,152.028748,2.345,1985,147,9.11,1,0.00719397,204483,46.96580718,8.304647,0.08915923,8.531131909,0.067785591,-1.7632648,0.108308665,9.1,0.08,-10.067912,0.106599833,FALSE,0.106599833,1.92E+09,FALSE,FALSE,FALSE,TRUE,FALSE,FALSE,FALSE,FALSE,FALSE,FALSE,FALSE,FALSE,FALSE,FALSE,0.003560479,75327.65736,FALSE,FALSE,0.006621247,TRUE,FALSE
204538,1,1.24E+18,157.17917,2.06361,2071,31.9,2.4,0.1740741,0.0894877,0.465692,204538,,157.182495,2.066111,157.179169,2.063611,2071,28,8.64,1,0.005089518,204538,62.24503628,7.466257,0.1272929,7.891837215,0.066321679,-2.3365207,0.24357599,8.64,0.08,-9.802778,-0.57234803,TRUE,0.57234803,6.10E+08,FALSE,FALSE,FALSE,FALSE,TRUE,FALSE,FALSE,FALSE,FALSE,FALSE,FALSE,TRUE,FALSE,FALSE,0.002628065,138260.8496,TRUE,TRUE,0.006908112,FALSE,TRUE
204970,1,1.24E+18,161.23459,0.74111,1613,25.5,2.2,0.1461624,0.0751389,0.9110665,204970,,161.237076,0.743889,161.234589,0.741111,1613,59,8.29,1,0.005090956,204970,24.34686808,7.3739157,0.07953348,7.857447446,0.075181535,-2.1883557,0.14358105,8.29,0.09,-9.562271,0.166453488,FALSE,0.166453488,2.83E+08,FALSE,FALSE,FALSE,FALSE,TRUE,FALSE,FALSE,FALSE,FALSE,FALSE,FALSE,FALSE,FALSE,FALSE,0.002047449,227795.5871,FALSE,FALSE,0.005380389,TRUE,FALSE
205101,1,1.24E+18,150.29666,14.41583,2461,37.9,2.2,0.08969341,0.04610942,0.6379354,205101,,150.303329,14.41361,150.296661,14.415833,2461,86,8.44,1,0.011348865,205101,50.36200335,7.3750944,0.085672915,7.698966825,0.064288076,-2.3738477,0.4110488,8.44,0.07,-9.748942,0.02389477,FALSE,0.02389477,3.90E+08,FALSE,FALSE,FALSE,FALSE,TRUE,FALSE,FALSE,FALSE,FALSE,FALSE,FALSE,FALSE,FALSE,FALSE,0.006963753,19691.76486,FALSE,FALSE,0.008209012,TRUE,FALSE
205102,1,1.24E+18,150.41541,14.99194,2414,37.2,2.3,0.08846246,0.04547662,0.7738458,205102,,150.429581,15,150.415405,14.991944,2414,142,8.45,1,0.022576069,205102,39.29952749,7.3832784,0.06852501,7.224328545,0.080918033,-4.327523,1.9808104,8.45,0.08,-11.710802,0.324093321,TRUE,0.324093321,3.99E+08,TRUE,FALSE,FALSE,FALSE,FALSE,FALSE,FALSE,TRUE,FALSE,FALSE,FALSE,FALSE,FALSE,FALSE,0.013588293,5171.797946,TRUE,FALSE,0.008052237,FALSE,TRUE
205156,1,1.24E+18,157.72041,12.44667,915,11.1,2.1,0.1023903,0.05263662,0.9785887,205156,,157.716248,12.459167,157.720413,12.446667,915,21,7.18,1,0.015095087,205156,11.87784014,6.5618153,0.16629481,6.821783673,0.164962083,-3.0182014,0.22553855,6.97,0.18,-9.580017,0.288396247,FALSE,0.288396247,2.38E+07,FALSE,FALSE,FALSE,FALSE,TRUE,FALSE,FALSE,FALSE,FALSE,FALSE,FALSE,FALSE,FALSE,FALSE,0.003443785,80519.17184,TRUE,FALSE,0.003052111,TRUE,FALSE
205161,1,1.24E+18,158.52333,15.78056,1218,20.3,2.3,0.1370128,0.0704353,0.32186,205161,,158.526657,15.785556,158.523331,15.780556,1218,114,8.03,1,0.014810857,205161,71.224613,7.027096,0.19073896,7.269519226,0.101941771,-2.92252,0.5143018,8.03,0.11,-9.9496155,0.158081613,FALSE,0.158081613,1.53E+08,FALSE,FALSE,FALSE,FALSE,TRUE,FALSE,FALSE,FALSE,FALSE,FALSE,FALSE,FALSE,FALSE,FALSE,0.004497869,47201.71455,FALSE,FALSE,0.004062811,TRUE,FALSE
205192,1,1.24E+18,162.03542,14.85444,2854,43.5,2.2,0.1042978,0.05361722,0.3157468,205192,,162.029999,14.876389,162.035416,14.854445,2854,187,8.48,2,0.022753719,205192,71.59415717,8.234038,0.16784514,8.51952904,0.04420964,-1.9580761,0.19727194,8.48,0.08,-10.192115,0.228808746,FALSE,0.228808746,5.73E+08,FALSE,FALSE,FALSE,TRUE,FALSE,FALSE,FALSE,FALSE,FALSE,FALSE,FALSE,FALSE,FALSE,FALSE,0.016191448,3642.50377,FALSE,FALSE,0.009519919,TRUE,FALSE
205198,1,1.24E+18,162.50749,13.78472,1322,17.5,3.4,0.116963,0.0601281,0.8193465,205198,,162.5,13.786945,162.507492,13.784722,1322,53,7.33,1,0.010036772,205198,34.98060024,7.3270497,0.17255564,7.634817878,0.168864698,-3.2939787,0.49791926,7.67,0.18,-10.621029,0.165584445,FALSE,0.165584445,4.97E+07,FALSE,FALSE,TRUE,FALSE,FALSE,FALSE,FALSE,FALSE,FALSE,FALSE,FALSE,FALSE,FALSE,FALSE,0.0033083,87249.24968,FALSE,FALSE,0.004409717,TRUE,FALSE
205224,1,1.24E+18,159.39166,12.465,2831,43.2,2.3,0.09612492,0.04941572,0.523289,205224,,159.385834,12.469166,159.391663,12.465,2831,134,8.8,1,0.010545423,205224,58.44691853,8.249502,0.1038098,8.687554428,0.046374314,-1.7574292,0.19139831,8.8,0.07,-10.006931,0.068489909,FALSE,0.068489909,1.02E+09,FALSE,FALSE,FALSE,TRUE,FALSE,FALSE,FALSE,FALSE,FALSE,FALSE,FALSE,FALSE,FALSE,FALSE,0.007443603,17234.74967,FALSE,FALSE,0.0094432,TRUE,FALSE
205270,1,1.24E+18,161.29083,15.44972,1230,17.5,3.6,0.0962081,0.04945848,0.5513611,205270,,161.283325,15.46,161.290833,15.449722,1230,51,7.18,2,0.012657118,205270,56.53960744,7.6715016,0.19826236,7.846058264,0.17873003,-2.516396,0.23019207,7.49,0.19,-10.187898,-0.046647633,FALSE,0.046647633,6.71E+07,FALSE,FALSE,FALSE,TRUE,FALSE,FALSE,FALSE,FALSE,FALSE,FALSE,FALSE,FALSE,FALSE,FALSE,0.003881676,63377.17072,FALSE,FALSE,0.004102838,TRUE,FALSE
205278,1,1.24E+18,164.71748,14.12944,686,11.1,2.1,0.06048479,0.03109391,0.5922463,205278,F640-1,164.721664,14.123334,164.717484,14.129444,686,36,7.04,2,0.020058992,205278,53.68347032,7.10355,0.18292743,7.328144299,0.164629979,-3.3905687,0.41441315,7.01,0.18,-10.494119,-0.085133209,FALSE,0.085133209,2.73E+07,FALSE,FALSE,FALSE,TRUE,FALSE,FALSE,FALSE,FALSE,FALSE,FALSE,FALSE,FALSE,FALSE,FALSE,0.003430935,81123.42659,FALSE,FALSE,0.00228825,TRUE,FALSE
205647,1,1.24E+18,158.70125,35.63194,908,14.8,2.3,0.08216559,0.04223953,0.679318,205647,,158.699173,35.645557,158.701248,35.631943,908,39,7.42,2,0.012283557,205647,47.20966776,7.065837,0.14712857,7.38001457,0.135350617,-3.6317706,0.6411868,7.42,0.15,-10.697607,-0.06796846,FALSE,0.06796846,4.66E+07,FALSE,FALSE,TRUE,FALSE,FALSE,FALSE,FALSE,FALSE,FALSE,FALSE,FALSE,FALSE,FALSE,FALSE,0.002780925,123478.8967,FALSE,FALSE,0.003028762,TRUE,FALSE
205668,1,1.24E+18,162.04584,33.74445,1644,25.9,4.4,0.06619322,0.03402848,0.5436176,205668,,162.039581,33.740276,162.045837,33.744446,1644,108,8.71,1,0.016970814,205668,57.06980242,8.258945,0.1716868,8.462817657,0.147583757,-2.044422,0.17280872,8.7,0.16,-10.303368,-8.81E-04,FALSE,8.81E-04,8.64E+08,FALSE,FALSE,FALSE,TRUE,FALSE,FALSE,FALSE,FALSE,FALSE,FALSE,FALSE,FALSE,FALSE,FALSE,0.006956388,19733.4834,FALSE,FALSE,0.005483794,TRUE,FALSE
205684,1,1.24E+18,164.08376,31.27028,1268,21.2,2.5,0.09799297,0.05037604,0.9277726,205684,,164.090836,31.271944,164.083755,31.270277,1268,44,7.83,1,0.018797381,205684,21.9097945,7.8159633,0.1054632,8.143345417,0.102458443,-2.1938498,0.124681294,7.82,0.11,-10.009813,0.147439536,FALSE,0.147439536,1.55E+08,FALSE,FALSE,FALSE,TRUE,FALSE,FALSE,FALSE,FALSE,FALSE,FALSE,FALSE,FALSE,FALSE,FALSE,0.005942866,27038.30938,FALSE,FALSE,0.004229593,TRUE,FALSE
208329,1,1.24E+18,153.88292,3.58556,1018,16.2,2.3,0.0892153,0.04586363,0.6502731,208329,,153.868332,3.595556,153.882919,3.585556,1018,47,7.85,1,0.014841473,208329,49.43784615,7.1389284,0.14157423,6.81174001,0.129498609,-2.3309958,0.14474015,7.85,0.13,-9.469924,-0.093114183,FALSE,0.093114183,1.08E+08,FALSE,FALSE,FALSE,FALSE,FALSE,TRUE,FALSE,FALSE,FALSE,FALSE,FALSE,FALSE,FALSE,FALSE,0.003767074,67291.95715,FALSE,FALSE,0.003395682,TRUE,FALSE
208349,1,1.24E+18,162.48749,8.72,2594,39.7,2.3,0.08387414,0.04311786,0.2561987,208349,,162.48584,8.719444,162.487488,8.719999,2594,162,8.87,1,0.007975493,208349,75.15543812,8.4035635,0.19746794,8.606037302,0.050718238,-1.7290668,0.15130709,8.87,0.07,-10.13263,0.074684484,FALSE,0.074684484,1.24E+09,FALSE,FALSE,FALSE,TRUE,FALSE,FALSE,FALSE,FALSE,FALSE,FALSE,FALSE,FALSE,FALSE,FALSE,0.005158303,35888.69846,FALSE,FALSE,0.008652653,TRUE,FALSE
208443,1,1.24E+18,153.50417,3.14083,1484,23.6,2.3,0.1041753,0.05355425,0.8699006,208443,,153.51001,3.134444,153.504166,3.140833,1484,50,8.63,1,0.0179827,208443,29.55293433,5.316357,0.0956954,7.660109152,0.088619821,-2.181724,0.30425176,8.63,0.1,-7.498081,-0.058866978,FALSE,0.058866978,5.68E+08,FALSE,FALSE,FALSE,FALSE,FALSE,FALSE,TRUE,FALSE,FALSE,FALSE,FALSE,FALSE,FALSE,FALSE,0.006653775,21569.25417,FALSE,FALSE,0.004950091,TRUE,FALSE
208562,1,1.24E+18,158.19376,28.92,1809,28.6,2.3,0.07462991,0.0383656,0.9197443,208562,,158.200012,28.937777,158.193756,28.92,1809,73,8.11,1,0.012604259,208562,23.1112906,7.5090084,0.076234944,7.83481369,0.071613279,-2.2861016,0.22321545,8.11,0.09,-9.79511,0.315969223,TRUE,0.315969223,2.04E+08,FALSE,FALSE,FALSE,FALSE,TRUE,FALSE,FALSE,FALSE,FALSE,FALSE,FALSE,TRUE,FALSE,FALSE,0.005685062,29546.154,TRUE,FALSE,0.006034174,FALSE,TRUE
208596,1,1.24E+18,163.31041,17.84111,1153,19.2,4.3,0.09993146,0.05137258,0.5227059,208596,,163.315002,17.844168,163.31041,17.841112,1153,39,7.91,1,0.0072,208596,58.48611583,7.3249283,0.21756148,7.412925719,0.195694231,-2.2715826,0.27291563,7.91,0.2,-9.596511,-0.243771343,FALSE,0.243771343,1.29E+08,FALSE,FALSE,FALSE,FALSE,TRUE,FALSE,FALSE,FALSE,FALSE,FALSE,FALSE,FALSE,FALSE,FALSE,0.002069861,222889.249,FALSE,FALSE,0.003845994,TRUE,FALSE
208689,1,1.24E+18,151.76125,18.66556,1892,29.7,2.4,0.1086468,0.05585292,0.6240255,208689,,151.755844,18.672777,151.761246,18.665556,1892,82,8.29,1,0.019836344,208689,51.38934597,7.0287094,0.103010096,7.456138987,0.08107089,-3.0631309,0.6971565,8.29,0.09,-10.091841,0.03680469,FALSE,0.03680469,2.70E+08,FALSE,FALSE,FALSE,TRUE,FALSE,FALSE,FALSE,FALSE,FALSE,FALSE,FALSE,FALSE,FALSE,FALSE,0.009357549,10905.54067,FALSE,FALSE,0.006311033,TRUE,FALSE
210023,1,1.24E+18,166.11,11.75583,777,11.1,2.3,0.04967197,0.02553527,0.3900114,210023,066-109,166.109573,11.756111,166.110001,11.755834,777,44,7.75,1,0.014825047,210023,67.04484789,7.0479803,0.22381632,7.572359692,0.180119585,-3.1879592,0.365039,7.76,0.19,-10.235939,-0.180578357,FALSE,0.180578357,8.60E+07,FALSE,FALSE,FALSE,TRUE,FALSE,FALSE,FALSE,FALSE,FALSE,FALSE,FALSE,FALSE,FALSE,FALSE,0.002872079,115765.335,FALSE,FALSE,0.002591793,TRUE,FALSE
210082,1,1.24E+18,167.34665,10.83417,1555,17.5,3.6,0.07531737,0.03871901,0.8907496,210082,067-014,167.350418,10.836666,167.346649,10.834167,1555,66,8.62,1,0.011364071,210082,27.03242991,8.311187,0.18083574,8.567327491,0.17869131,-1.897954,0.18625174,8.29,0.19,-10.209141,0.06564335,FALSE,0.06564335,7.59E+08,FALSE,FALSE,FALSE,TRUE,FALSE,FALSE,FALSE,FALSE,FALSE,FALSE,FALSE,FALSE,FALSE,FALSE,0.004405992,49190.82029,FALSE,FALSE,0.005186922,TRUE,FALSE
210292,1,1.24E+18,170.77916,30.48028,1618,26.5,2.3,0.05373733,0.02762518,0.6851391,210292,156-069,170.782913,30.479723,170.77916,30.480278,1618,101,8.71,1,0.0072,210292,46.75349193,7.5033793,0.09466287,8.344597999,0.075484192,-1.1162695,0.07688453,8.71,0.09,-8.619649,0.052235808,FALSE,0.052235808,7.14E+08,FALSE,FALSE,FALSE,FALSE,FALSE,FALSE,TRUE,FALSE,FALSE,FALSE,FALSE,FALSE,FALSE,FALSE,0.002904627,113185.4758,FALSE,FALSE,0.005397067,TRUE,FALSE
210312,1,1.24E+18,171.255,35.62889,2544,38.8,2.1,0.07789674,0.04004501,0.6157455,210312,185-059,171.272507,35.626389,171.255005,35.628887,2544,47,8.36,1,0.018184949,210312,51.99393428,8.932042,0.08532428,9.188926594,0.047027523,-2.7012239,0.6022603,8.36,0.08,-11.633266,-0.36678463,TRUE,0.36678463,1.16E+09,TRUE,FALSE,FALSE,FALSE,FALSE,FALSE,FALSE,TRUE,FALSE,FALSE,FALSE,FALSE,FALSE,FALSE,0.011534759,7177.188285,TRUE,FALSE,0.008485871,FALSE,TRUE
210340,1,1.24E+18,171.79584,8.73139,1046,9.9,4,0.177795,0.0914005,0.5790957,210340,I2828,171.793335,8.7275,171.795837,8.731388,1046,45,7.83,1,0.01287603,210340,54.61308203,7.4300284,0.35985687,8.05878582,0.35094699,-1.9744629,0.35126108,7.83,0.36,-9.404491,-0.151265179,FALSE,0.151265179,1.17E+08,FALSE,FALSE,FALSE,FALSE,FALSE,TRUE,FALSE,FALSE,FALSE,FALSE,FALSE,FALSE,FALSE,FALSE,0.003358095,84680.88721,FALSE,FALSE,0.00348908,TRUE,FALSE
210459,1,1.24E+18,173.58043,13.32167,1195,21.4,2.3,0.15952,0.08200574,0.4670322,210459,I2934,173.581253,13.323611,173.580429,13.321667,1195,61,8.71,1,0.011353939,210459,62.15823048,8.076065,0.14311269,8.409817282,0.09346865,-2.4274957,0.40446874,8.71,0.1,-10.503561,-0.263469674,FALSE,0.263469674,8.01E+08,FALSE,FALSE,TRUE,FALSE,FALSE,FALSE,FALSE,FALSE,FALSE,FALSE,FALSE,FALSE,FALSE,FALSE,0.003382936,83441.82699,TRUE,FALSE,0.003986091,TRUE,FALSE
210593,1,1.24E+18,175.20459,35.20333,1550,26.3,4.2,0.06677689,0.03432854,0.3654544,210593,186-023,175.209167,35.200558,175.20459,35.203335,1550,130,8.85,1,0.018,210593,68.56450799,8.592394,0.1984082,8.95090227,0.138713647,-1.2368624,0.14000042,8.87,0.15,-9.829256,-0.012402494,FALSE,0.012402494,1.33E+09,FALSE,FALSE,FALSE,FALSE,TRUE,FALSE,FALSE,FALSE,FALSE,FALSE,FALSE,FALSE,FALSE,FALSE,0.006956384,19733.50917,FALSE,FALSE,0.005170243,TRUE,FALSE
210752,1,1.24E+18,176.40416,31.29944,1812,29.2,2.4,0.0798472,0.0410477,0.7222429,210752,I2957,176.40625,31.300833,176.40416,31.299444,1812,99,8.78,1,0.0144,210752,43.76006672,9.372351,0.08755205,9.606681479,0.071391382,-0.13973823,0.07141894,8.78,0.08,-9.512089,-0.095397339,FALSE,0.095397339,3.16E+09,FALSE,FALSE,FALSE,FALSE,TRUE,FALSE,FALSE,FALSE,FALSE,FALSE,FALSE,FALSE,FALSE,FALSE,0.00650579,22561.67596,FALSE,FALSE,0.006044181,TRUE,FALSE
210768,1,1.24E+18,176.55084,10.59611,3050,46.1,2.2,0.3039524,0.1562553,0.7391963,210768,068-062,176.553329,10.594167,176.550842,10.59611,3050,123,9.35,1,0.007077224,210768,42.33703817,9.15698,0.06447101,9.507485184,0.041470003,-1.0328703,0.057859566,9.35,0.06,-10.18985,-0.025895161,FALSE,0.025895161,4.41E+09,FALSE,FALSE,FALSE,TRUE,FALSE,FALSE,FALSE,FALSE,FALSE,FALSE,FALSE,FALSE,FALSE,FALSE,0.00538198,32967.58742,FALSE,FALSE,0.010173705,TRUE,FALSE
210771,1,1.24E+18,176.60791,34.8525,1397,23.6,2.3,0.0676849,0.03479533,0.7705699,210771,186-045,176.619156,34.858334,176.60791,34.852497,1397,165,8.25,1,0.0108,210771,39.59494045,9.007342,0.09483994,9.359385885,0.084650953,-0.6510006,0.084719844,8.25,0.1,-9.658343,0.262278325,FALSE,0.262278325,1.25E+09,FALSE,FALSE,FALSE,FALSE,TRUE,FALSE,FALSE,FALSE,FALSE,FALSE,FALSE,FALSE,FALSE,FALSE,0.003761833,67479.58533,TRUE,FALSE,0.00465989,TRUE,FALSE
210822,1,1.24E+18,177.51125,15.02333,756,10.2,2,0.1335708,0.0686658,0.7272336,210822,097-159,177.510818,15.025556,177.511246,15.023334,756,47,7.6,1,0.020019672,210822,43.34506105,6.6824403,0.1774975,7.645635727,0.170326201,-1.5305752,0.17038034,7.6,0.18,-8.213016,0.018829749,FALSE,0.018829749,5.78E+07,FALSE,FALSE,FALSE,FALSE,FALSE,FALSE,TRUE,FALSE,FALSE,FALSE,FALSE,FALSE,FALSE,FALSE,0.003773619,67058.71419,FALSE,FALSE,0.002521745,TRUE,FALSE
210891,1,1.24E+18,178.43333,7.79222,2553,39,2.3,0.05484533,0.02819479,0.7257378,210891,,178.431244,7.793889,178.433334,7.792222,2553,66,8.25,2,0.015980872,210891,43.46977797,8.22093,0.07157992,8.689760002,0.051295087,-1.5255804,0.08617929,8.25,0.08,-9.7465105,-0.045593223,FALSE,0.045593223,4.03E+08,FALSE,FALSE,FALSE,FALSE,TRUE,FALSE,FALSE,FALSE,FALSE,FALSE,FALSE,FALSE,FALSE,FALSE,0.010172568,9228.054542,FALSE,FALSE,0.008515891,TRUE,FALSE
210894,1,1.24E+18,178.49666,12.19778,3015,45.6,2.3,0.08361377,0.04298401,0.3236016,210894,068-088,178.496658,12.197223,178.496658,12.197778,3015,145,9.02,1,0.010068056,210894,71.11918521,8.901429,0.16455626,9.147475146,0.0438622,-1.6928303,0.15059784,9.02,0.06,-10.594259,-0.025992052,FALSE,0.025992052,2.19E+09,FALSE,FALSE,TRUE,FALSE,FALSE,FALSE,FALSE,FALSE,FALSE,FALSE,FALSE,FALSE,FALSE,FALSE,0.007568543,16670.43185,FALSE,FALSE,0.010056957,TRUE,FALSE
211006,1,1.24E+18,180.36458,14.03444,1479,25.5,4.3,0.107382,0.05520276,0.8745768,211006,069-029,180.3629,14.041667,180.364578,14.034445,1479,143,8.94,1,0.019307806,211006,29.00509495,8.6770525,0.14943762,6.978815091,0.151514699,-1.4932477,0.14799488,8.94,0.15,-10.1703005,0.290110047,FALSE,0.290110047,1.63E+09,FALSE,FALSE,FALSE,TRUE,FALSE,FALSE,FALSE,FALSE,FALSE,FALSE,FALSE,FALSE,FALSE,FALSE,0.007120007,18836.9475,TRUE,FALSE,0.004933413,TRUE,FALSE
211013,1,1.24E+18,180.43416,5.82139,1350,23.8,2.1,0.04321374,0.02221524,0.5948108,211013,041-023,180.43457,5.8175,180.434158,5.821389,1350,63,8.62,1,0.008016651,211013,53.50089955,8.666927,0.10773115,8.749601535,0.076659085,-2.147453,0.14796819,8.62,0.09,-10.814381,-0.234160547,FALSE,0.234160547,1.02E+09,FALSE,FALSE,TRUE,FALSE,FALSE,FALSE,FALSE,FALSE,FALSE,FALSE,FALSE,FALSE,FALSE,FALSE,0.002698398,131147.2646,FALSE,FALSE,0.004503115,TRUE,FALSE
211117,1,1.24E+18,175.37459,32.35,1845,29.6,2.3,0.07068829,0.03633931,0.6334885,211117,186-025,175.37709,32.359165,175.374588,32.349998,1845,99,8.89,1,0.009425344,211117,50.69207354,8.3630085,0.09540826,8.734725013,0.067514716,-1.1380357,0.06934922,8.89,0.08,-9.501044,-0.044612607,FALSE,0.044612607,1.26E+09,FALSE,FALSE,FALSE,FALSE,TRUE,FALSE,FALSE,FALSE,FALSE,FALSE,FALSE,FALSE,FALSE,FALSE,0.004335837,50795.53839,FALSE,FALSE,0.006154258,TRUE,FALSE
211185,1,1.24E+18,170.20041,28.2975,2227,34.6,2.3,0.06312844,0.03245295,0.2650799,211185,,170.204163,28.293333,170.200409,28.297499,2227,130,8.37,1,0.004796623,211185,74.62836251,7.9910007,0.19500355,8.218530635,0.058380578,-2.1880329,0.22621734,8.37,0.07,-10.179033,0.10035198,FALSE,0.10035198,4.10E+08,FALSE,FALSE,FALSE,TRUE,FALSE,FALSE,FALSE,FALSE,FALSE,FALSE,FALSE,FALSE,FALSE,FALSE,0.002663392,134617.3767,FALSE,FALSE,0.007428472,TRUE,FALSE
211370,1,1.24E+18,170.59666,13.07778,1083,10,2,0.08670582,0.04457356,0.3227895,211370,I2767,170.594589,13.080833,170.596664,13.077778,1083,92,7.68,1,0.015766522,211370,71.16835393,6.9320507,0.23558453,7.191374837,0.174030788,-3.3468473,0.34713006,7.65,0.18,-10.278898,0.146744624,FALSE,0.146744624,7.22E+07,FALSE,FALSE,FALSE,TRUE,FALSE,FALSE,FALSE,FALSE,FALSE,FALSE,FALSE,FALSE,FALSE,FALSE,0.004257392,52684.63952,FALSE,FALSE,0.003612499,TRUE,FALSE
211814,1,1.24E+18,170.18707,18.21944,1485,19.9,4.3,0.06202876,0.03188763,0.6241935,211814,k96,170.1875,18.224167,170.187073,18.219444,1485,87,8.06,1,0.017680439,211814,51.37702645,7.6661053,0.20009132,7.991868007,0.187724344,-3.1324406,0.46596494,8.06,0.19,-10.798546,0.095684454,FALSE,0.095684454,1.99E+08,FALSE,FALSE,TRUE,FALSE,FALSE,FALSE,FALSE,FALSE,FALSE,FALSE,FALSE,FALSE,FALSE,FALSE,0.006546344,22283.00371,FALSE,FALSE,0.004953427,TRUE,FALSE
212014,1,1.24E+18,166.38499,17.63944,1042,19.4,4.2,0.07158813,0.03680189,0.3676659,212014,095-107,166.384583,17.640833,166.384995,17.639444,1042,96,8.28,1,0.022396624,212014,68.42831868,8.603547,0.23505332,8.817798457,0.188047779,-1.9735682,0.19959691,8.28,0.19,-10.577115,-0.066506432,FALSE,0.066506432,6.55E+08,FALSE,FALSE,TRUE,FALSE,FALSE,FALSE,FALSE,FALSE,FALSE,FALSE,FALSE,FALSE,FALSE,FALSE,0.005818749,28204.09523,FALSE,FALSE,0.003475738,TRUE,FALSE
212032,1,1.24E+18,166.80708,6.41167,2553,39,2.3,0.1409688,0.07246898,0.6728403,212032,038-031,166.803741,6.413889,166.807083,6.411667,2553,108,8.91,1,0.015225815,212032,47.71337947,8.740014,0.07875781,9.056787284,0.051242709,-1.1646703,0.060240705,8.91,0.07,-9.904684,-0.015059265,FALSE,0.015059265,1.63E+09,FALSE,FALSE,FALSE,FALSE,TRUE,FALSE,FALSE,FALSE,FALSE,FALSE,FALSE,FALSE,FALSE,FALSE,0.009691939,10165.99757,FALSE,FALSE,0.008515891,TRUE,FALSE
212064,1,1.24E+18,172.84166,25.50139,2870,43.6,2.4,0.06520834,0.03352218,0.6114621,212064,,172.84375,25.501112,172.84166,25.501389,2870,157,9.35,1,0.0036,212064,52.30474662,8.716899,0.086511396,9.055745917,0.047873868,-1.539667,0.106084876,9.35,0.06,-10.256566,0.035312614,FALSE,0.035312614,3.50E+09,FALSE,FALSE,FALSE,TRUE,FALSE,FALSE,FALSE,FALSE,FALSE,FALSE,FALSE,FALSE,FALSE,FALSE,0.002576106,143894.4135,FALSE,FALSE,0.00957329,TRUE,FALSE
212097,1,1.24E+18,168.25041,7.86194,1396,17.5,3.5,0.1516173,0.07794312,0.2572722,212097,039-068,168.249573,7.864722,168.250412,7.861944,1396,118,8.45,1,0.016069538,212097,75.09179793,8.335921,0.25766307,8.586408606,0.173722755,-2.3385358,0.20494525,8.2,0.18,-10.674458,0.0174624,FALSE,0.0174624,5.92E+08,FALSE,FALSE,TRUE,FALSE,FALSE,FALSE,FALSE,FALSE,FALSE,FALSE,FALSE,FALSE,FALSE,FALSE,0.0055933,30523.55475,FALSE,FALSE,0.004656555,TRUE,FALSE
212102,1,1.24E+18,168.30208,5.19639,2546,38.8,2.1,0.2088799,0.1073806,0.9380096,212102,039-073,168.304581,5.198056,168.302078,5.196389,2546,81,9.32,1,0.008023388,212102,20.28008009,8.970852,0.053845763,9.40180196,0.047040643,-1.2041956,0.07660013,9.32,0.06,-10.175048,0.099901293,FALSE,0.099901293,3.71E+09,FALSE,FALSE,FALSE,TRUE,FALSE,FALSE,FALSE,FALSE,FALSE,FALSE,FALSE,FALSE,FALSE,FALSE,0.005093256,36811.23097,FALSE,FALSE,0.008492542,TRUE,FALSE
212132,1,1.24E+18,169.10957,4.33639,1104,18.6,2.4,0.164035,0.08432678,0.3217568,212132,039-094,169.115417,4.337223,169.109573,4.336389,1104,155,8.56,1,0.011354873,212132,71.23085814,8.353501,0.19504642,8.49498889,0.112090062,-2.0327516,0.13224097,8.28,0.12,-10.386253,0.1251787,FALSE,0.1251787,7.09E+08,FALSE,FALSE,FALSE,TRUE,FALSE,FALSE,FALSE,FALSE,FALSE,FALSE,FALSE,FALSE,FALSE,FALSE,0.00312558,97748.48145,FALSE,FALSE,0.003682548,TRUE,FALSE
212270,1,1.24E+18,173.37582,33.5075,2590,39.6,2.2,0.07783311,0.0400123,0.2599117,212270,186-003,173.378326,33.494446,173.375824,33.5075,2590,199,8.62,1,0.012006915,212270,74.93524049,9.266704,0.19497488,9.559898296,0.048258518,-0.85278565,0.051707778,8.62,0.07,-10.11949,0.09259048,FALSE,0.09259048,2.40E+09,FALSE,FALSE,FALSE,TRUE,FALSE,FALSE,FALSE,FALSE,FALSE,FALSE,FALSE,FALSE,FALSE,FALSE,0.007753727,15883.6507,FALSE,FALSE,0.00863931,TRUE,FALSE
212377,1,1.24E+18,178.77042,1.71917,1305,22.7,2.3,0.0701913,0.03608381,0.6006761,212377,012-116,178.770828,1.726944,178.770416,1.719167,1305,115,8.52,1,0.017994815,212377,53.08170973,8.236359,0.115269,8.58528614,0.088027668,-2.270728,0.17371114,8.52,0.1,-10.507087,0.084777975,FALSE,0.084777975,6.13E+08,FALSE,FALSE,TRUE,FALSE,FALSE,FALSE,FALSE,FALSE,FALSE,FALSE,FALSE,FALSE,FALSE,FALSE,0.005855139,27854.60042,FALSE,FALSE,0.004353011,TRUE,FALSE
212768,1,1.24E+18,173.31459,32.57722,2530,38.8,2.2,0.09007057,0.04630331,0.5999951,212768,M+625084,173.320847,32.580833,173.31459,32.577221,2530,102,8.54,1,0.0036,212768,53.13049817,8.55777,0.08941574,8.743865864,0.049495581,-2.5216694,0.4992134,8.54,0.07,-11.079439,4.53E-04,FALSE,4.53E-04,8.22E+08,FALSE,TRUE,FALSE,FALSE,FALSE,FALSE,FALSE,FALSE,FALSE,FALSE,FALSE,FALSE,FALSE,FALSE,0.002270923,185168.3192,FALSE,FALSE,0.008439172,TRUE,FALSE
212829,1,1.24E+18,173.56708,17.16333,1062,19.2,2.2,0.08663609,0.04453772,0.6144493,212829,KK107,173.572083,17.164722,173.567078,17.163334,1062,54,7.74,1,0.015958874,212829,52.08812766,7.610212,0.12304273,7.789910125,0.100191104,-2.3766508,0.1829461,7.69,0.12,-9.986862,-0.055026898,FALSE,0.055026898,1.14E+08,FALSE,FALSE,FALSE,FALSE,TRUE,FALSE,FALSE,FALSE,FALSE,FALSE,FALSE,FALSE,FALSE,FALSE,0.004225772,53476.03553,FALSE,FALSE,0.003542451,TRUE,FALSE
212835,1,1.24E+18,180.44624,28.36056,841,11.1,2.3,0.06553201,0.03368857,0.860135,212835,KK119,180.448746,28.355556,180.446243,28.360556,841,36,7.21,1,0.017253436,212835,30.66828184,6.769292,0.18390575,7.096460186,0.181226812,-3.5000067,0.48628137,7.35,0.19,-10.269299,0.112756936,FALSE,0.112756936,2.74E+07,FALSE,FALSE,FALSE,TRUE,FALSE,FALSE,FALSE,FALSE,FALSE,FALSE,FALSE,FALSE,FALSE,FALSE,0.003617853,72957.43255,FALSE,FALSE,0.002805274,TRUE,FALSE
212837,1,1.24E+18,172.7225,14.14611,880,10.7,2.2,0.1262394,0.06489691,0.552702,212837,KKH 68,172.724167,14.145278,172.722504,14.146111,880,22,7.72,1,0.014419936,212837,56.44746802,6.7129827,0.19889584,7.044383725,0.185897327,-2.3053484,0.38146016,7.72,0.19,-9.018332,-0.423419545,TRUE,0.423419545,7.50E+07,FALSE,FALSE,FALSE,FALSE,FALSE,TRUE,FALSE,FALSE,FALSE,FALSE,FALSE,FALSE,TRUE,FALSE,0.003163919,95393.92501,TRUE,TRUE,0.002935364,FALSE,TRUE
212838,1,1.24E+18,173.7225,11.01944,881,10.3,2.2,0.08174055,0.04202102,0.7182484,212838,KKH 69,173.72876,11.024166,173.722504,11.019444,881,22,7.55,1,0.020177811,212838,44.08998343,6.477927,0.19350836,6.702778504,0.187936375,-2.842627,0.22083619,7.6,0.19,-9.320555,-0.301507772,TRUE,0.301507772,5.02E+07,FALSE,FALSE,FALSE,FALSE,FALSE,TRUE,FALSE,FALSE,FALSE,FALSE,FALSE,FALSE,TRUE,FALSE,0.004432301,48608.56631,TRUE,FALSE,0.0029387,FALSE,TRUE
212865,1,1.24E+18,174.68875,20.14,3105,46.9,2.3,0.07588448,0.03901055,0.8182032,212865,ADBS,174.692917,20.138611,174.688751,20.139999,3105,125,9.3,1,0.004937971,212865,35.09470008,8.706967,0.05576279,9.021242647,0.042624584,-0.9630993,0.048703697,9.3,0.06,-9.670067,0.085983647,FALSE,0.085983647,3.16E+09,FALSE,FALSE,FALSE,FALSE,TRUE,FALSE,FALSE,FALSE,FALSE,FALSE,FALSE,FALSE,FALSE,FALSE,0.003822869,65342.0039,FALSE,FALSE,0.010357165,TRUE,FALSE
212915,1,1.24E+18,171.05499,26.24556,1482,24.8,2.2,0.05974949,0.03071591,0.1999786,212915,FGC1240,171.054169,26.249722,171.054993,26.245556,1482,128,8.67,1,0.01735483,212915,78.46435865,7.6191163,0.23801515,7.852591889,0.077707493,-2.9299574,0.47006625,8.67,0.09,-10.549074,0.034293596,FALSE,0.034293596,6.64E+08,FALSE,FALSE,TRUE,FALSE,FALSE,FALSE,FALSE,FALSE,FALSE,FALSE,FALSE,FALSE,FALSE,FALSE,0.006412803,23220.71528,FALSE,FALSE,0.00494342,TRUE,FALSE
212946,1,1.24E+18,165.41208,30.60806,1677,27,2.2,0.05625049,0.02891715,0.6127174,212946,BTS 29,165.414993,30.605,165.412079,30.608055,1677,69,8.86,1,0.018264725,212946,52.213795,7.563252,0.10290589,7.913050882,0.072902726,-2.104367,0.1569573,8.86,0.08,-9.667619,-0.185240192,FALSE,0.185240192,1.00E+09,FALSE,FALSE,FALSE,FALSE,TRUE,FALSE,FALSE,FALSE,FALSE,FALSE,FALSE,FALSE,FALSE,FALSE,0.007637048,16372.70089,FALSE,FALSE,0.00559387,TRUE,FALSE
212947,1,1.24E+18,179.06041,31.30444,652,10,4.2,0.06696443,0.03442495,0.5462294,212947,KDG 83,179.058746,31.303055,179.06041,31.304443,652,53,7.38,1,0.0108,212947,56.89133143,7.354123,0.37507528,7.581558095,0.364866392,-2.5284507,0.3747031,7.51,0.37,-9.882574,-0.009176349,FALSE,0.009176349,5.45E+07,FALSE,FALSE,FALSE,FALSE,TRUE,FALSE,FALSE,FALSE,FALSE,FALSE,FALSE,FALSE,FALSE,FALSE,0.001755701,309791.8769,FALSE,FALSE,0.002174838,TRUE,FALSE
212953,1,1.24E+18,174.755,31.48778,2745,41.8,2.3,0.07836884,0.0402877,0.5640646,212953,CG117,174.757904,31.479445,174.755005,31.487778,2745,154,8.6,1,0.016954292,212953,55.66268637,9.462331,0.09564102,9.642318862,0.047794439,-0.44379106,0.048213564,8.6,0.07,-9.906122,0.010601852,FALSE,0.010601852,3.43E+09,FALSE,FALSE,FALSE,FALSE,TRUE,FALSE,FALSE,FALSE,FALSE,FALSE,FALSE,FALSE,FALSE,FALSE,0.011603829,7091.999781,FALSE,FALSE,0.009156334,TRUE,FALSE
212955,1,1.24E+18,175.40001,32.28167,1802,29,2.2,0.07057843,0.03628283,0.3956531,212955,Wa28,175.396667,32.282223,175.400009,32.281666,1802,94,9.16,1,0.014718126,212955,66.69334387,7.4610853,0.14696498,7.37291598,0.08997313,-2.1938298,0.40446737,9.16,0.08,-9.654915,-0.188775142,FALSE,0.188775142,1.95E+09,FALSE,FALSE,FALSE,FALSE,TRUE,FALSE,FALSE,FALSE,FALSE,FALSE,FALSE,FALSE,FALSE,FALSE,0.006612819,21837.25885,FALSE,FALSE,0.006010825,TRUE,FALSE
212959,1,1.24E+18,169.58751,17.69722,1050,19.8,4.3,0.06937141,0.03566232,0.5133705,212959,F570-4,169.591675,17.694443,169.587509,17.697222,1050,56,8.22,1,0.007975111,212959,59.11145092,7.733738,0.21203865,7.985944994,0.189691308,-2.7297513,1.0723882,8.22,0.19,-10.46349,-0.171462074,FALSE,0.171462074,2.75E+08,FALSE,FALSE,FALSE,TRUE,FALSE,FALSE,FALSE,FALSE,FALSE,FALSE,FALSE,FALSE,FALSE,FALSE,0.002087879,219058.7763,FALSE,FALSE,0.003502423,TRUE,FALSE
213046,1,1.24E+18,178.85376,10.20167,3174,47.8,2.5,0.07562581,0.03887758,0.4302785,213046,,178.85376,10.2,178.85376,10.201667,3174,114,9.53,1,0.0108,213046,64.51481875,8.35104,0.1285141,8.835512765,0.045811913,-2.5744197,0.6768767,9.52,0.06,-10.92546,-0.193663254,FALSE,0.193663254,4.73E+09,FALSE,FALSE,TRUE,FALSE,FALSE,FALSE,FALSE,FALSE,FALSE,FALSE,FALSE,FALSE,FALSE,FALSE,0.008546927,13072.28093,FALSE,FALSE,0.010587324,TRUE,FALSE
213064,1,1.24E+18,167.72708,9.62194,1604,17.5,3.7,0.07519567,0.03865645,0.6343738,213064,,167.726257,9.622778,167.727081,9.621944,1604,124,8.77,1,0.014830979,213064,50.62648692,7.817171,0.195574,8.28497428,0.183651506,-1.7370095,0.18499725,8.42,0.19,-9.55418,0.09673808,FALSE,0.09673808,8.49E+08,FALSE,FALSE,FALSE,FALSE,TRUE,FALSE,FALSE,FALSE,FALSE,FALSE,FALSE,FALSE,FALSE,FALSE,0.005931349,27143.40711,FALSE,FALSE,0.005350368,TRUE,FALSE
213074,1,1.24E+18,169.86708,9.59556,990,13.7,2.1,0.06309377,0.03243512,0.4610141,213074,,169.865829,9.599166,169.867081,9.595555,990,51,7.98,1,0.018346659,213074,62.54748793,6.781513,0.173031,7.130748436,0.134194242,-2.9428587,0.25000247,7.98,0.14,-9.724372,-0.147845632,FALSE,0.147845632,1.33E+08,FALSE,FALSE,FALSE,FALSE,TRUE,FALSE,FALSE,FALSE,FALSE,FALSE,FALSE,FALSE,FALSE,FALSE,0.004528679,46561.64991,FALSE,FALSE,0.003302285,TRUE,FALSE
213124,1,1.24E+18,176.47417,9.89972,2919,44.2,2.2,0.1286078,0.06611446,0.5623971,213124,,176.477921,9.897778,176.474167,9.899722,2919,107,8.5,2,0.012846492,213124,55.7783113,8.048932,0.093879454,8.304977096,0.04415141,-1.9380199,0.19125938,8.5,0.08,-9.986952,0.054078694,FALSE,0.054078694,5.33E+08,FALSE,FALSE,FALSE,FALSE,TRUE,FALSE,FALSE,FALSE,FALSE,FALSE,FALSE,FALSE,FALSE,FALSE,0.009349706,10923.84268,FALSE,FALSE,0.009736736,TRUE,FALSE
213142,1,1.24E+18,179.13667,11.00778,2780,42.2,2.3,0.08260538,0.04246561,0.3876433,213142,,179.127914,11.006389,179.136673,11.007778,2780,109,8.48,2,0.012815125,213142,67.19211885,8.13068,0.14190786,8.390846937,0.047902456,-3.016265,0.8630307,8.47,0.08,-11.146945,0.014052637,FALSE,0.014052637,5.37E+08,FALSE,TRUE,FALSE,FALSE,FALSE,FALSE,FALSE,FALSE,FALSE,FALSE,FALSE,FALSE,FALSE,FALSE,0.00888274,12102.56554,FALSE,FALSE,0.009273082,TRUE,FALSE
213333,1,1.24E+18,175.86249,11.39833,897,10.3,2.3,0.1197873,0.06158002,0.6288392,213333,,175.861664,11.401111,175.862488,11.398334,897,64,7.31,1,0.016036685,213333,51.03551046,7.136855,0.20570281,7.414710877,0.194008192,-3.5115993,0.3702844,7.31,0.2,-10.648455,0.136349442,FALSE,0.136349442,4.09E+07,FALSE,FALSE,TRUE,FALSE,FALSE,FALSE,FALSE,FALSE,FALSE,FALSE,FALSE,FALSE,FALSE,FALSE,0.003586628,74233.27908,FALSE,FALSE,0.00299207,TRUE,FALSE
213336,1,1.24E+18,175.98541,11.94056,3070,46.4,2.3,0.1371393,0.07050033,0.5153809,213336,,175.987076,11.942223,175.985413,11.940556,3070,100,8.46,2,0.017860769,213336,58.97713155,7.8070836,0.10437442,8.458612611,0.043764536,-1.6549317,0.13098265,8.46,0.08,-9.462015,0.028002254,FALSE,0.028002254,4.48E+08,FALSE,FALSE,FALSE,FALSE,FALSE,TRUE,FALSE,FALSE,FALSE,FALSE,FALSE,FALSE,FALSE,FALSE,0.013671553,5108.997265,FALSE,FALSE,0.010240418,TRUE,FALSE
213338,1,1.24E+18,176.18124,11.20722,2956,44.7,2.2,0.1114954,0.05731736,0.5419769,213338,,176.18251,11.2,176.181244,11.207222,2956,92,8.83,1,0.015854557,213338,57.18173164,7.9806204,0.09830807,8.369744857,0.044436849,-1.8097615,0.27133313,8.83,0.06,-9.790382,-0.086419071,FALSE,0.086419071,9.95E+08,FALSE,FALSE,FALSE,FALSE,TRUE,FALSE,FALSE,FALSE,FALSE,FALSE,FALSE,FALSE,FALSE,FALSE,0.011685246,6993.517171,FALSE,FALSE,0.009860155,TRUE,FALSE
213339,1,1.24E+18,176.51707,11.58139,2965,44.9,2.2,0.09373462,0.04818692,0.6351443,213339,,176.513336,11.569166,176.517075,11.581388,2965,225,8.56,2,0.01904682,213339,50.56935496,9.015708,0.07951926,9.310473995,0.042571047,-1.0868435,0.056114104,8.56,0.09,-10.102551,0.292615142,FALSE,0.292615142,1.52E+09,FALSE,FALSE,FALSE,TRUE,FALSE,FALSE,FALSE,FALSE,FALSE,FALSE,FALSE,FALSE,FALSE,FALSE,0.014080773,4816.353756,TRUE,FALSE,0.009890175,TRUE,FALSE
213511,1,1.24E+18,170.5975,11.79389,1571,17.5,3.5,0.09900541,0.05089651,0.5224661,213511,,170.605423,11.797778,170.597504,11.793889,1571,61,7.81,2,0.014548448,213511,58.50223096,7.1492076,0.19712971,7.406725684,0.174025165,-2.733746,0.2458765,7.47,0.19,-9.882954,-0.021702769,FALSE,0.021702769,1.00E+08,FALSE,FALSE,FALSE,FALSE,TRUE,FALSE,FALSE,FALSE,FALSE,FALSE,FALSE,FALSE,FALSE,FALSE,0.005698653,29405.39557,FALSE,FALSE,0.005240292,TRUE,FALSE
213512,1,1.24E+18,170.71124,12.34472,1544,17.5,3.3,0.1125978,0.05788409,0.6390199,213512,I2781,170.712921,12.346389,170.711243,12.344722,1544,72,8.29,1,0.012772967,213512,50.28126779,7.478951,0.17673643,7.709636298,0.163912719,-3.0601926,0.3779592,7.96,0.17,-10.539144,-0.020384369,FALSE,0.020384369,2.89E+08,FALSE,FALSE,TRUE,FALSE,FALSE,FALSE,FALSE,FALSE,FALSE,FALSE,FALSE,FALSE,FALSE,FALSE,0.004917206,39494.31231,FALSE,FALSE,0.00515023,TRUE,FALSE
213796,1,1.24E+18,168.21957,7.92194,1412,17.5,3.3,0.1483587,0.07626799,0.4984405,213796,,168.22374,7.935555,168.219574,7.921944,1412,78,7.88,1,0.020267736,213796,60.10317293,7.2733088,0.19170876,7.529655066,0.164012414,-3.2039719,0.43848574,7.62,0.18,-10.477281,0.058344209,FALSE,0.058344209,1.20E+08,FALSE,FALSE,FALSE,TRUE,FALSE,FALSE,FALSE,FALSE,FALSE,FALSE,FALSE,FALSE,FALSE,FALSE,0.007135415,18755.68186,FALSE,FALSE,0.004709925,TRUE,FALSE
213818,1,1.24E+18,170.03041,7.33583,2671,40.7,2.4,0.1834475,0.09430636,0.428533,213818,039-122,170.032913,7.333611,170.030411,7.335834,2671,163,8.95,1,0.014836061,213818,64.62555798,8.354877,0.13069814,8.555068202,0.051421228,-1.4218589,0.078859895,8.95,0.07,-9.776736,0.092518884,FALSE,0.092518884,1.41E+09,FALSE,FALSE,FALSE,FALSE,TRUE,FALSE,FALSE,FALSE,FALSE,FALSE,FALSE,FALSE,FALSE,FALSE,0.009880339,9782.001649,FALSE,FALSE,0.008909497,TRUE,FALSE
213927,1,1.24E+18,170.3475,6.66722,2664,40.5,2.3,0.2089534,0.1074184,0.5827245,213927,,170.348343,6.6675,170.347504,6.667222,2664,110,9.02,1,0.016012646,213927,54.35764741,7.608768,0.093482636,8.442667177,0.049686544,-2.630451,0.6396634,9.02,0.07,-10.239219,-0.033893574,FALSE,0.033893574,1.43E+09,FALSE,FALSE,FALSE,TRUE,FALSE,FALSE,FALSE,FALSE,FALSE,FALSE,FALSE,FALSE,FALSE,FALSE,0.010635959,8441.470016,FALSE,FALSE,0.008886147,TRUE,FALSE
214282,1,1.24E+18,169.55667,4.69194,2622,39.8,2.4,0.1615792,0.08306434,0.8471035,214282,,169.547501,4.689722,169.556671,4.691945,2622,20,8.11,1,0.018354108,214282,32.10201327,7.7076426,0.068968,7.841608663,0.060128502,-1.8503354,0.23737308,8.1,0.09,-9.557978,-0.387459,TRUE,0.387459,2.22E+08,FALSE,FALSE,FALSE,FALSE,TRUE,FALSE,FALSE,FALSE,FALSE,FALSE,FALSE,TRUE,FALSE,FALSE,0.011999007,6632.553899,TRUE,FALSE,0.008746051,FALSE,TRUE
214318,1,1.24E+18,171.41667,4.67667,1527,25.1,2.4,0.1625883,0.08358306,0.7880438,214318,,171.414169,4.665555,171.416672,4.676667,1527,123,7.84,2,0.012966703,214318,37.99695657,7.567718,0.09260918,7.71394692,0.083760054,-2.4662602,0.20995279,7.84,0.11,-10.033978,0.396681311,TRUE,0.396681311,1.29E+08,FALSE,FALSE,FALSE,TRUE,FALSE,FALSE,FALSE,FALSE,FALSE,FALSE,TRUE,FALSE,FALSE,FALSE,0.004936827,39181.001,TRUE,FALSE,0.005093524,FALSE,TRUE
214319,1,1.24E+18,171.53459,4.0625,1525,25,2.2,0.1383166,0.07110555,0.6214733,214319,,171.53125,4.060833,171.534592,4.0625,1525,49,8.13,1,0.007181909,214319,51.57624092,7.7267365,0.10372644,7.965971132,0.076985854,-2.328968,0.20012219,8.1,0.09,-10.055704,-0.171799856,FALSE,0.171799856,2.33E+08,FALSE,FALSE,FALSE,TRUE,FALSE,FALSE,FALSE,FALSE,FALSE,FALSE,FALSE,FALSE,FALSE,FALSE,0.002730795,128054.0283,FALSE,FALSE,0.005086852,TRUE,FALSE
214468,1,1.24E+18,168.46082,3.72833,2274,34.9,2.2,0.1406622,0.07231135,0.5386928,214468,,168.463745,3.721945,168.460815,3.728333,2274,92,8.38,1,0.020958769,214468,57.40535215,7.7508216,0.10472212,8.072815028,0.055652762,-2.1817305,0.21445383,8.38,0.08,-9.932552,0.018309888,FALSE,0.018309888,3.75E+08,FALSE,FALSE,FALSE,FALSE,TRUE,FALSE,FALSE,FALSE,FALSE,FALSE,FALSE,FALSE,FALSE,FALSE,0.011883259,6762.390807,FALSE,FALSE,0.007585248,TRUE,FALSE
214498,1,1.24E+18,169.71042,3.76361,1712,25.6,4.4,0.1673728,0.08604269,0.5632802,214498,,169.696259,3.763333,169.710419,3.763611,1712,43,7.72,2,0.005085682,214498,55.7170967,7.740352,0.17145343,7.972914429,0.149809126,-2.3044248,0.2553072,7.72,0.17,-10.044777,-0.183990821,FALSE,0.183990821,1.25E+08,FALSE,FALSE,FALSE,TRUE,FALSE,FALSE,FALSE,FALSE,FALSE,FALSE,FALSE,FALSE,FALSE,FALSE,0.002170862,202631.4284,FALSE,FALSE,0.005710617,TRUE,FALSE
214529,1,1.24E+18,170.46375,3.40472,1182,25.6,4.2,0.1500078,0.07711574,0.2965627,214529,N3640,170.467087,3.401111,170.463745,3.404722,1182,91,8.59,1,0.019357098,214529,72.74879406,7.575956,0.2229914,7.90659668,0.143057889,-1.951879,0.17341724,8.59,0.15,-9.527835,-0.083347737,FALSE,0.083347737,5.55E+08,FALSE,FALSE,FALSE,FALSE,TRUE,FALSE,FALSE,FALSE,FALSE,FALSE,FALSE,FALSE,FALSE,FALSE,0.005704756,29342.51111,FALSE,FALSE,0.003942728,TRUE,FALSE
214695,1,1.24E+18,168.52168,2.19861,1379,22.7,2.3,0.125932,0.06473888,0.2709373,214695,,168.523331,2.198889,168.521683,2.198611,1379,95,8.25,1,0.011376657,214695,74.28001347,7.692966,0.20346938,7.918464851,0.088523296,-3.1815271,0.64011836,8.25,0.1,-10.874493,0.003966677,FALSE,0.003966677,2.86E+08,FALSE,FALSE,TRUE,FALSE,FALSE,FALSE,FALSE,FALSE,FALSE,FALSE,FALSE,FALSE,FALSE,FALSE,0.003911634,62410.09834,FALSE,FALSE,0.004599849,TRUE,FALSE
215137,1,1.24E+18,175.23584,14.07472,909,10.7,2.4,0.1259508,0.06474852,0.3498976,215137,,175.237091,14.071111,175.23584,14.074722,909,110,7.66,1,0.0072,215137,69.51900672,7.4000134,0.24459939,7.589907559,0.194868663,-3.488615,0.42237723,7.66,0.2,-10.888628,0.209949994,FALSE,0.209949994,8.59E+07,FALSE,FALSE,TRUE,FALSE,FALSE,FALSE,FALSE,FALSE,FALSE,FALSE,FALSE,FALSE,FALSE,FALSE,0.001631833,358607.9961,FALSE,FALSE,0.003032098,TRUE,FALSE
215154,1,1.24E+18,177.26834,13.62944,2981,45.1,2.4,0.1359531,0.06989052,0.6169847,215154,,177.255005,13.618889,177.268341,13.629444,2981,35,8.41,1,0.014818919,215154,51.90376975,6.7099876,0.08850954,7.291048721,0.082241069,-2.0070162,0.20367719,8.41,0.07,-8.717004,-0.363260015,TRUE,0.363260015,3.47E+08,FALSE,FALSE,FALSE,FALSE,FALSE,FALSE,TRUE,FALSE,FALSE,FALSE,FALSE,FALSE,FALSE,TRUE,0.011014323,7871.467885,TRUE,FALSE,0.009943546,FALSE,TRUE
215186,1,1.24E+18,169.25502,4.66222,1455,25.7,4.2,0.1534458,0.07888313,0.9187292,215186,,169.23999,4.6625,169.25502,4.662222,1455,66,7.62,2,0.0072,215186,23.25901857,7.258578,0.1448317,7.419038325,0.143800946,-3.6141179,1.0212232,7.62,0.16,-10.872696,0.380090718,TRUE,0.380090718,7.36E+07,FALSE,FALSE,TRUE,FALSE,FALSE,FALSE,FALSE,FALSE,FALSE,TRUE,FALSE,FALSE,FALSE,FALSE,0.00261201,139965.7414,TRUE,FALSE,0.004853358,FALSE,TRUE
215232,1,1.24E+18,165.30916,29.84833,693,9.8,2.3,0.06600437,0.0339314,0.4695884,215232,,165.30957,29.84889,165.309158,29.848333,693,23,7.24,1,0.012475522,215232,61.99247036,6.6172256,0.23078862,6.617210014,0.204543412,-3.2945666,0.2553124,7.24,0.21,-9.911793,-0.31932512,TRUE,0.31932512,2.73E+07,FALSE,FALSE,FALSE,FALSE,TRUE,FALSE,FALSE,FALSE,FALSE,FALSE,FALSE,TRUE,FALSE,FALSE,0.002155615,205508.0348,TRUE,FALSE,0.002311599,FALSE,TRUE
215241,1,1.24E+18,169.26125,10.14333,1765,17.5,3.3,0.06551142,0.03367799,0.2974527,215241,,169.259171,10.147778,169.261246,10.143333,1765,120,8.57,1,0.017820457,215241,72.69539096,7.067582,0.23649034,7.304017249,0.164913996,-2.6972995,0.2620246,8.15,0.17,-9.764881,0.047010073,FALSE,0.047010073,5.06E+08,FALSE,FALSE,FALSE,FALSE,TRUE,FALSE,FALSE,FALSE,FALSE,FALSE,FALSE,FALSE,FALSE,FALSE,0.00784229,15526.93141,FALSE,FALSE,0.005887406,TRUE,FALSE
215248,1,1.24E+18,173.4621,14.05417,928,11.3,2.2,0.113473,0.05833396,0.8091573,215248,,173.465836,14.06389,173.462097,14.054167,928,19,6.8,2,0.015046649,215248,35.98635152,6.7531133,0.17340395,7.007076859,0.169677343,-3.7846115,0.5855754,6.8,0.18,-10.5377245,-0.15357223,FALSE,0.15357223,1.41E+07,FALSE,FALSE,TRUE,FALSE,FALSE,FALSE,FALSE,FALSE,FALSE,FALSE,FALSE,FALSE,FALSE,FALSE,0.003481506,78783.84921,FALSE,FALSE,0.003095475,TRUE,FALSE
215256,1,1.24E+18,165.86002,16.01639,1230,21,2.3,0.06353391,0.03266139,0.3999118,215256,F640-2,165.864594,16.012222,165.860016,16.016388,1230,105,7.87,1,0.015601736,215256,66.42739132,8.037518,0.16443819,8.192033672,0.095273926,-2.657383,0.30966556,7.87,0.11,-10.6949005,0.103428149,FALSE,0.103428149,2.08E+08,FALSE,FALSE,TRUE,FALSE,FALSE,FALSE,FALSE,FALSE,FALSE,FALSE,FALSE,FALSE,FALSE,FALSE,0.004784729,41711.58143,FALSE,FALSE,0.004102838,TRUE,FALSE
215262,1,1.24E+18,166.64709,12.23,1606,17.5,3.6,0.05236807,0.02692128,0.54993,215262,,166.647507,12.236389,166.647095,12.23,1606,63,7.97,1,0.017591492,215262,56.63783703,7.058726,0.19969334,7.481763831,0.179742466,-3.3220701,0.6538608,7.61,0.18,-10.380796,-0.031784449,FALSE,0.031784449,1.36E+08,FALSE,FALSE,FALSE,TRUE,FALSE,FALSE,FALSE,FALSE,FALSE,FALSE,FALSE,FALSE,FALSE,FALSE,0.007044133,19244.92825,FALSE,FALSE,0.005357039,TRUE,FALSE
215280,1,1.24E+18,168.31792,15.40778,1479,17.5,3.7,0.06001817,0.03085403,0.2283153,215280,,168.31958,15.410555,168.317917,15.407778,1479,93,7.4,1,0.012658848,215280,76.80215819,6.720962,0.27815154,6.93248252,0.195610039,-2.180142,0.28337067,7.81,0.19,-8.901104,0.206983185,FALSE,0.206983185,3.87E+07,FALSE,FALSE,FALSE,FALSE,FALSE,FALSE,TRUE,FALSE,FALSE,FALSE,FALSE,FALSE,FALSE,FALSE,0.004668117,43821.57778,FALSE,FALSE,0.004933413,TRUE,FALSE
215282,1,1.24E+18,168.60501,15.53389,867,10.9,4.1,0.06342659,0.03260622,0.4833948,215282,,168.612915,15.534167,168.605011,15.53389,867,27,6.94,1,0.0034685,215282,61.0926941,7.086236,0.34288168,7.509871784,0.326742881,-3.0708196,0.36657834,6.91,0.33,-10.157056,-0.231186004,FALSE,0.231186004,2.38E+07,FALSE,FALSE,FALSE,TRUE,FALSE,FALSE,FALSE,FALSE,FALSE,FALSE,FALSE,FALSE,FALSE,FALSE,7.50E-04,1698600.063,FALSE,FALSE,0.002892001,TRUE,FALSE
215290,1,1.24E+18,170.74625,12.46056,1613,17.5,3.5,0.1484042,0.07629135,0.6329783,215290,,170.74501,12.458055,170.746246,12.460555,1613,42,8.23,1,0.022840889,215290,50.72984332,7.1281366,0.18790586,7.380053321,0.175341943,-2.3802896,0.21155974,7.87,0.18,-9.508427,-0.236609069,FALSE,0.236609069,2.39E+08,FALSE,FALSE,FALSE,FALSE,TRUE,FALSE,FALSE,FALSE,FALSE,FALSE,FALSE,FALSE,FALSE,FALSE,0.009186005,11316.65268,FALSE,FALSE,0.005380389,TRUE,FALSE
215304,1,1.24E+18,173.00792,14.61083,1124,20.3,2.5,0.1266221,0.06509365,0.2822848,215304,,173.010834,14.613611,173.007919,14.610834,1124,115,8.19,1,0.014815375,215304,73.60344602,7.9723597,0.20720632,8.189315979,0.107028138,-2.463113,0.19094436,8.19,0.12,-10.4354725,0.0832246,FALSE,0.0832246,3.00E+08,FALSE,FALSE,FALSE,TRUE,FALSE,FALSE,FALSE,FALSE,FALSE,FALSE,FALSE,FALSE,FALSE,FALSE,0.004152009,55392.99007,FALSE,FALSE,0.00374926,TRUE,FALSE
215796,1,1.24E+18,168.42876,35.48417,1764,28.1,2.4,0.06944568,0.0357005,0.4062506,215796,,168.436661,35.483891,168.428757,35.484165,1764,48,8.27,1,0.020033412,215796,66.03053583,7.4920444,0.1495838,6.252412812,0.176799247,-2.157649,0.12238667,8.27,0.09,-9.6496935,-0.267166032,FALSE,0.267166032,2.79E+08,FALSE,FALSE,FALSE,FALSE,TRUE,FALSE,FALSE,FALSE,FALSE,FALSE,FALSE,FALSE,FALSE,FALSE,0.008811155,12300.01728,TRUE,FALSE,0.005884071,TRUE,FALSE
215812,1,1.24E+18,169.33751,31.24694,2133,33.3,2.2,0.05746001,0.02953893,0.6524572,215812,,169.342499,31.249722,169.337509,31.246944,2133,124,8.77,1,0.014725242,215812,49.27292018,8.347026,0.08563358,8.66624301,0.057441639,-2.3729718,0.26734683,8.76,0.07,-10.719997,0.086968645,FALSE,0.086968645,1.01E+09,FALSE,FALSE,TRUE,FALSE,FALSE,FALSE,FALSE,FALSE,FALSE,FALSE,FALSE,FALSE,FALSE,FALSE,0.007831278,15570.62824,FALSE,FALSE,0.007114922,TRUE,FALSE
215890,1,1.24E+18,172.53708,36.01528,2502,38.3,2.2,0.07545435,0.03878943,0.489676,215890,,172.540833,36.014446,172.537079,36.015278,2502,127,8.82,1,0.00776654,215890,60.68076303,8.121943,0.113448605,8.374988113,0.050319092,-1.3406374,0.06840677,8.81,0.07,-9.462581,0.035844648,FALSE,0.035844648,1.01E+09,FALSE,FALSE,FALSE,FALSE,FALSE,TRUE,FALSE,FALSE,FALSE,FALSE,FALSE,FALSE,FALSE,FALSE,0.004845005,40680.18797,FALSE,FALSE,0.008345774,TRUE,FALSE
215897,1,1.24E+18,172.78082,35.58972,1906,30.2,2.2,0.08117447,0.04173002,0.2762303,215897,,172.785828,35.590553,172.780823,35.589722,1906,130,8.84,1,0.011356687,215897,73.96471705,8.769268,0.19118693,8.966897756,0.063288362,-1.8483427,0.11125103,8.84,0.08,-10.617611,-0.039708307,FALSE,0.039708307,1.51E+09,FALSE,FALSE,TRUE,FALSE,FALSE,FALSE,FALSE,FALSE,FALSE,FALSE,FALSE,FALSE,FALSE,FALSE,0.005397018,32784.12696,FALSE,FALSE,0.006357732,TRUE,FALSE
215899,1,1.24E+18,172.85208,35.94667,2500,38.3,2.3,0.08422504,0.04329825,0.2226682,215899,,172.85582,35.948334,172.852081,35.946667,2500,163,9.28,1,0.011186326,215899,77.13426743,8.322244,0.21656463,8.597433792,0.052309045,-1.9081562,0.15720081,9.28,0.07,-10.2304,-0.012664244,FALSE,0.012664244,2.74E+09,FALSE,FALSE,FALSE,TRUE,FALSE,FALSE,FALSE,FALSE,FALSE,FALSE,FALSE,FALSE,FALSE,FALSE,0.006972794,19640.73643,FALSE,FALSE,0.008339102,TRUE,FALSE
215908,1,1.24E+18,173.35458,34.07222,2514,38.5,2.4,0.07182807,0.03692524,0.4961437,215908,,173.352081,34.079998,173.354584,34.07222,2515,183,8.98,1,0.011927982,215908,60.25485537,8.902652,0.11382346,9.099448395,0.05417111,-1.8080503,0.13661432,9,0.07,-10.710702,0.11856605,FALSE,0.11856605,2.07E+09,FALSE,FALSE,TRUE,FALSE,FALSE,FALSE,FALSE,FALSE,FALSE,FALSE,FALSE,FALSE,FALSE,FALSE,0.007476728,17082.37422,FALSE,FALSE,0.008385801,TRUE,FALSE
215914,1,1.24E+18,173.42917,33.67722,804,11.9,2.2,0.07777902,0.03998449,0.4752454,215914,,173.430832,33.674168,173.429169,33.677223,804,40,7.09,1,0.011207809,215914,61.62472285,7.2886596,0.19252908,7.609576151,0.160624767,-2.9435632,0.2146583,7.09,0.17,-10.232223,-0.107111367,FALSE,0.107111367,3.58E+07,FALSE,FALSE,FALSE,TRUE,FALSE,FALSE,FALSE,FALSE,FALSE,FALSE,FALSE,FALSE,FALSE,FALSE,0.002246757,189173.0162,FALSE,FALSE,0.002681855,TRUE,FALSE
215915,1,1.24E+18,173.46458,34.75111,1827,29.2,2.1,0.07936441,0.0407995,0.5198796,215915,,173.465424,34.751945,173.464584,34.75111,1827,104,8.53,1,0.011831557,215915,58.67587391,7.611089,0.113196135,8.024233283,0.065314055,-1.6607581,0.15640375,8.53,0.08,-9.271848,0.036284678,FALSE,0.036284678,4.92E+08,FALSE,FALSE,FALSE,FALSE,FALSE,TRUE,FALSE,FALSE,FALSE,FALSE,FALSE,FALSE,FALSE,FALSE,0.00538964,32873.94566,FALSE,FALSE,0.006094216,TRUE,FALSE
215964,1,1.24E+18,176.66415,32.18667,2918,44.2,2.1,0.06234239,0.03204885,0.4944524,215964,,176.663742,32.187778,176.664154,32.186668,2918,125,8.72,1,0.014154934,215964,60.36640353,8.356139,0.10869641,8.686219467,0.041546902,-3.4262345,1.2906429,8.72,0.07,-11.782373,0.039958725,FALSE,0.039958725,9.25E+08,TRUE,FALSE,FALSE,FALSE,FALSE,FALSE,FALSE,FALSE,FALSE,FALSE,FALSE,FALSE,FALSE,FALSE,0.010298464,9003.812777,FALSE,FALSE,0.0097334,TRUE,FALSE
215995,1,1.24E+18,178.42667,32.77139,2342,36.3,2.3,0.07455155,0.03832532,0.4269916,215995,,178.425842,32.77639,178.426666,32.771389,2342,94,8.33,1,0.012631902,215995,64.72326421,8.4336,0.1325081,8.705480537,0.0550989,-2.2415934,0.2506549,8.33,0.08,-10.675194,-0.045669348,FALSE,0.045669348,5.56E+08,FALSE,FALSE,TRUE,FALSE,FALSE,FALSE,FALSE,FALSE,FALSE,FALSE,FALSE,FALSE,FALSE,FALSE,0.007376239,17550.98324,FALSE,FALSE,0.007812071,TRUE,FALSE
219108,1,1.24E+18,173.97665,20.22222,1156,20.8,2.2,0.09002963,0.04628226,0.5548979,219108,,173.975418,20.221666,173.976654,20.222223,1156,124,7.86,1,0.017298097,219108,56.29636488,7.7128844,0.12519029,7.849798412,0.092044307,-2.5613165,0.19159856,7.86,0.1,-10.2742,0.254504209,FALSE,0.254504209,1.48E+08,FALSE,FALSE,FALSE,TRUE,FALSE,FALSE,FALSE,FALSE,FALSE,FALSE,FALSE,FALSE,FALSE,FALSE,0.004985807,38414.96165,TRUE,FALSE,0.003856001,TRUE,FALSE
219117,1,1.24E+18,165.94458,8.57194,1738,17.5,3.5,0.08311426,0.04272722,0.653538,219117,,165.937912,8.578889,165.94458,8.571944,1738,68,8.09,1,0.0144,219117,49.19115543,6.819643,0.185977,6.952099982,0.176346135,-2.3922567,0.19888929,7.69,0.19,-9.2119,0.019429215,FALSE,0.019429215,1.70E+08,FALSE,FALSE,FALSE,FALSE,FALSE,TRUE,FALSE,FALSE,FALSE,FALSE,FALSE,FALSE,FALSE,FALSE,0.006240101,24523.82452,FALSE,FALSE,0.005797344,TRUE,FALSE
219197,1,1.24E+18,168.48,4.10528,1609,25.9,2.1,0.1536977,0.07901262,0.9126827,219197,,168.477921,4.099167,168.479996,4.105278,1609,63,8.16,1,0.016066651,219197,24.12126643,7.983346,0.07528174,8.435422027,0.070500596,-2.163223,0.15629214,8.17,0.09,-10.146569,0.196652029,FALSE,0.196652029,2.88E+08,FALSE,FALSE,FALSE,TRUE,FALSE,FALSE,FALSE,FALSE,FALSE,FALSE,FALSE,FALSE,FALSE,FALSE,0.006445561,22985.28643,FALSE,FALSE,0.005367046,TRUE,FALSE
219201,1,1.24E+18,170.63083,5.52472,1575,25.7,2.5,0.1173418,0.06032287,0.8299813,219201,,170.617508,5.518055,170.630829,5.524722,1575,24,7.75,1,0.00804238,219201,33.90321153,6.823761,0.09733964,6.834443598,0.145818801,-2.087437,0.19554679,7.75,0.11,-8.911198,-0.220278421,FALSE,0.220278421,8.15E+07,FALSE,FALSE,FALSE,FALSE,FALSE,FALSE,TRUE,FALSE,FALSE,FALSE,FALSE,FALSE,FALSE,FALSE,0.003158235,95737.57727,FALSE,FALSE,0.005253634,TRUE,FALSE
219447,1,1.24E+18,167.89833,3.66667,1656,26.5,2.3,0.1399404,0.07194032,0.64906,219447,,167.898331,3.661945,167.898331,3.666667,1656,28,7.96,1,0.011381871,219447,49.5292745,6.630394,0.103460014,7.231737892,0.08528456,-1.7164376,0.09017341,7.96,0.09,-8.346831,-0.33508311,TRUE,0.33508311,1.26E+08,FALSE,FALSE,FALSE,FALSE,FALSE,FALSE,TRUE,FALSE,FALSE,FALSE,FALSE,FALSE,FALSE,TRUE,0.004699518,43237.91519,TRUE,FALSE,0.005523821,FALSE,TRUE
219464,1,1.24E+18,169.55167,16.52611,1127,19.7,2.4,0.06673967,0.0343094,0.4999356,219464,,169.555008,16.532223,169.551666,16.526112,1127,72,8.24,1,0.015569902,219464,60.00431126,7.559835,0.1455989,7.849586006,0.1064743,-2.2545917,0.17553897,8.24,0.12,-9.814426,-0.063303313,FALSE,0.063303313,2.67E+08,FALSE,FALSE,FALSE,FALSE,TRUE,FALSE,FALSE,FALSE,FALSE,FALSE,FALSE,FALSE,FALSE,FALSE,0.004375111,49887.66052,FALSE,FALSE,0.003759267,TRUE,FALSE
219653,1,1.24E+18,167.71709,21.20389,1233,21.2,2.4,0.0613256,0.03152615,0.6336116,219653,,167.715012,21.201668,167.717087,21.20389,1233,30,7.55,1,0.010068832,219653,50.68295748,6.5192757,0.11991018,6.932002033,0.107326011,-3.5936,0.82111776,7.62,0.12,-10.112876,-0.213525734,FALSE,0.213525734,5.05E+07,FALSE,FALSE,FALSE,TRUE,FALSE,FALSE,FALSE,FALSE,FALSE,FALSE,FALSE,FALSE,FALSE,FALSE,0.003095434,99661.72178,FALSE,FALSE,0.004112845,TRUE,FALSE
219659,1,1.24E+18,175.51749,31.57583,2799,42.6,2.3,0.07742925,0.03980468,0.5156171,219659,,175.515839,31.587778,175.517487,31.575834,2799,42,8.35,1,0.017088566,219659,58.96133807,7.4049897,0.11317463,7.708046971,0.061631329,-2.0141518,0.21267866,8.35,0.08,-9.419142,-0.313281518,TRUE,0.313281518,3.23E+08,FALSE,FALSE,FALSE,FALSE,FALSE,TRUE,FALSE,FALSE,FALSE,FALSE,FALSE,FALSE,TRUE,FALSE,0.011925809,6714.221915,TRUE,FALSE,0.009336459,FALSE,TRUE
219722,1,1.24E+18,171.99083,35.92667,1925,30.4,2.3,0.08966212,0.04609333,0.3999383,219722,rgmph,171.985001,35.940277,171.990829,35.926666,1925,64,8.4,1,0.014692114,219722,66.42573474,7.3030353,0.14573666,7.628751337,0.067848076,-1.84142,0.09819181,8.4,0.08,-9.144455,-0.169563834,FALSE,0.169563834,3.54E+08,FALSE,FALSE,FALSE,FALSE,FALSE,TRUE,FALSE,FALSE,FALSE,FALSE,FALSE,FALSE,FALSE,FALSE,0.007051708,19203.60134,FALSE,FALSE,0.006421109,TRUE,FALSE
219727,1,1.24E+18,174.11751,32.84083,2585,39.5,2.2,0.08589263,0.04415552,0.5843669,219727,rgmph,174.129593,32.838333,174.117508,32.840832,2585,84,8.43,1,0.009403936,219727,54.24176883,7.3721952,0.09475717,7.697474149,0.056792299,-4.0595183,1.7829485,8.43,0.07,-11.431713,-0.00667488,FALSE,0.00667488,3.82E+08,FALSE,TRUE,FALSE,FALSE,FALSE,FALSE,FALSE,FALSE,FALSE,FALSE,FALSE,FALSE,FALSE,FALSE,0.006061073,25993.95148,FALSE,FALSE,0.008622632,TRUE,FALSE
220028,1,1.24E+18,181.01958,28.98139,914,12.8,2.2,0.07024228,0.03611002,0.6915761,220028,158-007,181.016251,28.980556,181.019577,28.98139,914,74,7.11,1,0.009447593,220028,46.24503837,8.227483,0.15947817,8.420897163,0.149295296,-2.5120533,0.18341142,7.37,0.16,-10.739536,0.066859854,FALSE,0.066859854,1.86E+08,FALSE,FALSE,TRUE,FALSE,FALSE,FALSE,FALSE,FALSE,FALSE,FALSE,FALSE,FALSE,FALSE,FALSE,0.002153013,206005.1063,FALSE,FALSE,0.003048776,TRUE,FALSE
220064,1,1.24E+18,181.31583,30.85556,611,9.9,4.3,0.06686148,0.03437202,0.9707711,220064,158-014,181.316238,30.853056,181.315826,30.855556,611,45,7.33,1,0.018978297,220064,13.88697893,7.9254704,0.37796846,8.192767144,0.377266936,-2.0739007,0.37771627,7.52,0.38,-9.999371,0.383752877,TRUE,0.383752877,1.13E+08,FALSE,FALSE,FALSE,FALSE,TRUE,FALSE,FALSE,FALSE,FALSE,FALSE,FALSE,TRUE,FALSE,FALSE,0.002891198,114239.3781,TRUE,FALSE,0.002038077,FALSE,TRUE
220071,1,1.24E+18,181.34708,28.36528,565,9.4,4,0.07500365,0.03855773,0.4408043,220071,158-015,181.35083,28.3675,181.347076,28.365278,565,48,7.46,1,0.014573828,220071,63.84484402,7.5895357,0.38744542,7.827270589,0.369615876,-3.893409,0.6467047,7.46,0.37,-11.4829445,-0.120063914,FALSE,0.120063914,7.72E+07,FALSE,TRUE,FALSE,FALSE,FALSE,FALSE,FALSE,FALSE,FALSE,FALSE,FALSE,FALSE,FALSE,FALSE,0.002053059,226552.3406,FALSE,FALSE,0.001884637,TRUE,FALSE
220074,1,1.24E+18,181.38625,14.49,1512,26,2.3,0.123531,0.06350461,0.6218416,220074,098-052,181.386246,14.497778,181.386246,14.490001,1512,34,7.73,1,0.01439924,220074,51.54930061,8.238979,0.103938304,8.477082489,0.076887827,-1.9421883,0.11361733,7.73,0.1,-10.181168,-0.335851364,TRUE,0.335851364,2.45E+08,FALSE,FALSE,FALSE,TRUE,FALSE,FALSE,FALSE,FALSE,FALSE,FALSE,TRUE,FALSE,FALSE,FALSE,0.005428386,32406.34157,TRUE,FALSE,0.005043489,FALSE,TRUE
220150,1,1.24E+18,182.35374,13.57444,1980,30.1,2.2,0.1154919,0.05937188,0.2896919,220150,I3018,182.353333,13.579444,182.353745,13.574445,1980,186,8.69,1,0.025102818,220150,73.16055037,8.791128,0.18510579,9.03740477,0.063491575,-1.4105417,0.07164148,8.69,0.08,-10.20167,0.136342009,FALSE,0.136342009,1.27E+09,FALSE,FALSE,FALSE,TRUE,FALSE,FALSE,FALSE,FALSE,FALSE,FALSE,FALSE,FALSE,FALSE,FALSE,0.01239273,6217.809228,FALSE,FALSE,0.006604569,TRUE,FALSE
220156,1,1.24E+18,182.4279,20.04694,2496,38.6,2.3,0.1191705,0.06126296,0.6729502,220156,F573-03,182.427078,20.047777,182.427902,20.046944,2496,75,8.78,1,0.015909385,220156,47.70486725,8.177951,0.08080457,,,-2.0578403,0.54417586,8.78,0.07,-10.235791,-0.114939326,FALSE,0.114939326,9.52E+08,FALSE,FALSE,FALSE,TRUE,FALSE,FALSE,FALSE,FALSE,FALSE,FALSE,FALSE,FALSE,FALSE,FALSE,0.00990096,9741.296962,FALSE,FALSE,0.00832576,TRUE,FALSE
220171,1,1.24E+18,182.64874,11.76056,1296,16.7,1.2,0.09181105,0.04719805,0.5867188,220171,I3028,182.644592,11.759444,182.648743,11.760555,1296,198,8.41,1,0.020875688,220171,54.07553729,8.215061,0.09958716,8.435106424,0.062422927,-2.5584946,0.14395352,8.41,0.08,-10.773556,0.335979143,TRUE,0.335979143,5.06E+08,FALSE,FALSE,TRUE,FALSE,FALSE,FALSE,FALSE,FALSE,FALSE,TRUE,FALSE,FALSE,FALSE,FALSE,0.006745671,20985.58743,TRUE,FALSE,0.004322991,FALSE,TRUE
220172,1,1.24E+18,182.67001,14.64611,2466,16.7,1.3,0.08651933,0.04447769,0.4553635,220172,VCC  26,182.67543,14.649445,182.670013,14.646111,2466,40,7.89,1,0.01105183,220172,62.91172824,8.855686,0.1306379,9.098578409,0.067615589,-1.3709917,0.068602495,7.89,0.08,-10.226678,-0.452288464,TRUE,0.452288464,8.21E+08,FALSE,FALSE,FALSE,TRUE,FALSE,FALSE,FALSE,FALSE,FALSE,FALSE,TRUE,FALSE,FALSE,FALSE,0.006795268,20680.36463,TRUE,TRUE,0.008225691,FALSE,TRUE
220176,1,1.24E+18,182.7375,9.21917,2240,22.9,1.7,0.06386967,0.032834,0.5065721,220176,069-072,182.737503,9.216666,182.737503,9.219166,2240,150,8.28,1,0.017916644,220176,59.56428273,8.2872715,0.11670954,8.533682978,0.064502206,-2.375659,0.17340851,8.28,0.08,-10.6629305,0.201574076,FALSE,0.201574076,4.47E+08,FALSE,FALSE,TRUE,FALSE,FALSE,FALSE,FALSE,FALSE,FALSE,FALSE,FALSE,FALSE,FALSE,FALSE,0.010006542,9536.815105,FALSE,FALSE,0.007471836,TRUE,FALSE
220184,1,1.24E+18,182.90875,16.47861,2337,36.3,2.2,0.1342207,0.06899994,0.794459,220184,098-089,182.912506,16.479445,182.908752,16.478611,2337,81,8.36,1,0.007786455,220184,37.39584492,9.053525,0.065841146,9.338170966,0.052647434,-1.1054472,0.05810341,8.69,0.07,-10.158972,-0.040495564,FALSE,0.040495564,1.44E+09,FALSE,FALSE,FALSE,TRUE,FALSE,FALSE,FALSE,FALSE,FALSE,FALSE,FALSE,FALSE,FALSE,FALSE,0.004537094,46389.07871,FALSE,FALSE,0.007795393,TRUE,FALSE
220210,1,1.24E+18,183.34624,29.92194,120,2.8,0.6,0.06736947,0.03463317,0.3061406,220210,KK127,183.344162,29.924166,183.346237,29.921944,120,90,6.23,1,0.017174909,220210,72.17326267,6.56784,0.24954256,6.760880871,0.186140321,-4.1078157,0.24347775,6.7,0.18,-10.675655,0.405593213,TRUE,0.405593213,5955584.554,FALSE,FALSE,TRUE,FALSE,FALSE,FALSE,FALSE,FALSE,FALSE,TRUE,FALSE,FALSE,FALSE,FALSE,5.14E-04,3616274.15,TRUE,TRUE,4.00E-04,FALSE,TRUE
220212,1,1.24E+18,183.42207,15.45361,-131,16.7,1.2,0.09578981,0.04924344,0.513593,220212,098-106,183.422501,15.450277,183.422073,15.453611,-131,99,8.49,1,0.011014471,220212,59.09659448,8.088461,0.11405627,8.427862314,0.06246304,-2.4144058,0.15326394,8.49,0.08,-10.502867,0.004039132,FALSE,0.004039132,5.34E+08,FALSE,FALSE,TRUE,FALSE,FALSE,FALSE,FALSE,FALSE,FALSE,FALSE,FALSE,FALSE,FALSE,FALSE,-3.60E-04,7378071.327,FALSE,FALSE,-4.37E-04,TRUE,FALSE
220241,1,1.24E+18,183.76666,9.75361,2197,22.9,1.7,0.05164816,0.02655119,0.4981383,220241,VCC 130,183.756668,9.763889,183.766663,9.753612,2197,118,8.06,1,0.012850385,220241,60.12314362,7.6454325,0.11860056,7.955160487,0.064837139,-2.415957,0.18984704,8.06,0.08,-10.06139,0.183962006,FALSE,0.183962006,1.97E+08,FALSE,FALSE,FALSE,TRUE,FALSE,FALSE,FALSE,FALSE,FALSE,FALSE,FALSE,FALSE,FALSE,FALSE,0.007039236,19271.71372,FALSE,FALSE,0.007328403,TRUE,FALSE
220250,1,1.24E+18,183.82625,5.76083,2016,24.2,1.8,0.06730086,0.0345979,0.5862796,220250,041-077,183.827927,5.764722,183.826248,5.760833,2016,64,8.52,1,0.012959849,220250,54.10660629,8.184392,0.10101958,8.707924484,0.064614276,-0.90847117,0.06492665,8.52,0.08,-9.092863,-0.171969335,FALSE,0.171969335,5.93E+08,FALSE,FALSE,FALSE,FALSE,FALSE,TRUE,FALSE,FALSE,FALSE,FALSE,FALSE,FALSE,FALSE,FALSE,0.006514331,22502.55283,FALSE,FALSE,0.006724652,TRUE,FALSE
220264,1,1.24E+18,184.00209,4.65083,2176,24.2,1.8,0.06383955,0.03281851,0.4171663,220264,041-057,184.004578,4.663055,184.00209,4.650834,2176,126,8.71,1,0.0144,220264,65.34424221,8.253558,0.13956428,8.655808852,0.064638903,-2.2833185,0.18315747,8.71,0.08,-10.536877,0.031799531,FALSE,0.031799531,8.61E+08,FALSE,FALSE,TRUE,FALSE,FALSE,FALSE,FALSE,FALSE,FALSE,FALSE,FALSE,FALSE,FALSE,FALSE,0.007812692,15644.79807,FALSE,FALSE,0.007258355,TRUE,FALSE
220282,1,1.24E+18,184.21834,14.51528,1263,16.7,1.2,0.102776,0.05283491,0.3499995,220282,I3096,184.214569,14.509167,184.218338,14.515278,1263,74,7.57,1,0.01002115,220282,69.51277418,8.602244,0.1605403,8.679505686,0.062426311,-2.5898767,0.20429264,7.57,0.08,-11.1921215,-0.141882152,FALSE,0.141882152,4.50E+08,FALSE,TRUE,FALSE,FALSE,FALSE,FALSE,FALSE,FALSE,FALSE,FALSE,FALSE,FALSE,FALSE,FALSE,0.003155733,95889.46632,FALSE,FALSE,0.004212915,TRUE,FALSE
220289,1,1.24E+18,184.2946,6.43167,2053,24.2,1.7,0.06720346,0.03454783,0.7757343,220289,VCC 223,184.290009,6.4325,184.294601,6.431666,2053,37,7.56,2,0.014837701,220289,39.1283788,8.084285,0.074058145,8.362666915,0.061076375,-1.8615699,0.08441569,7.55,0.1,-9.945854,-0.165581675,FALSE,0.165581675,1.70E+08,FALSE,FALSE,FALSE,FALSE,TRUE,FALSE,FALSE,FALSE,FALSE,FALSE,FALSE,FALSE,FALSE,FALSE,0.007595124,16553.94848,FALSE,FALSE,0.006848071,TRUE,FALSE
220304,1,1.24E+18,184.47041,5.02778,1774,24.2,1.8,0.05990972,0.03079827,0.841553,220304,VCC 260,184.472092,5.028334,184.470413,5.027778,1774,39,8.03,1,0.012945429,220304,32.69554986,7.751557,0.07678,8.11021025,0.068789297,-1.5863796,0.14634307,8.03,0.08,-9.337936,-0.092441939,FALSE,0.092441939,1.99E+08,FALSE,FALSE,FALSE,FALSE,FALSE,TRUE,FALSE,FALSE,FALSE,FALSE,FALSE,FALSE,FALSE,FALSE,0.005725974,29125.44725,FALSE,FALSE,0.005917427,TRUE,FALSE
220321,1,1.24E+18,184.56375,13.74889,248,16.7,1.3,0.1310171,0.06735301,0.8679591,220321,I3120,184.56041,13.746111,184.563751,13.748889,248,32,7.5,1,0.005018759,220321,29.77769217,8.152138,0.07412726,8.289387277,0.06766346,-2.5213666,0.17789802,7.5,0.09,-10.673504,-0.13338524,FALSE,0.13338524,1.84E+08,FALSE,FALSE,TRUE,FALSE,FALSE,FALSE,FALSE,FALSE,FALSE,FALSE,FALSE,FALSE,FALSE,FALSE,3.10E-04,9915547.146,FALSE,FALSE,8.27E-04,TRUE,FALSE
220328,1,1.24E+18,184.66083,6.70806,1995,24.2,1.6,0.07491449,0.0385119,0.221393,220328,042-001,184.661667,6.709722,184.660828,6.708055,1995,135,8.25,1,0.019368342,220328,77.20920145,8.488648,0.21865372,8.681189559,0.057461042,-2.1226072,0.13794993,8.25,0.08,-10.611256,0.080943896,FALSE,0.080943896,5.45E+08,FALSE,FALSE,TRUE,FALSE,FALSE,FALSE,FALSE,FALSE,FALSE,FALSE,FALSE,FALSE,FALSE,FALSE,0.009634178,10288.26254,FALSE,FALSE,0.006654604,TRUE,FALSE
220353,1,1.24E+18,184.80916,13.88222,-253,16.7,1.3,0.1515944,0.07793138,0.9527692,220353,VCC 334,184.816666,13.881389,184.809158,13.882222,-253,42,7.93,1,0.010034731,220353,17.67970379,7.9507084,0.071846485,8.221918253,0.067642715,-2.4929185,0.13477002,7.93,0.08,-10.443626,0.187932496,FALSE,0.187932496,2.02E+08,FALSE,FALSE,FALSE,TRUE,FALSE,FALSE,FALSE,FALSE,FALSE,FALSE,FALSE,FALSE,FALSE,FALSE,-6.33E-04,2383198.497,FALSE,FALSE,-8.44E-04,TRUE,FALSE
220354,1,1.24E+18,184.81459,6.29361,669,16.5,1.3,0.06209386,0.03192109,0.6546024,220354,042-010,184.811676,6.294722,184.81459,6.293611,669,35,7.58,1,0.0036,220354,49.11053279,7.8979173,0.093114145,8.204517316,0.068485103,-2.6597817,0.195073,7.58,0.09,-10.557699,-0.238892248,FALSE,0.238892248,1.30E+08,FALSE,FALSE,TRUE,FALSE,FALSE,FALSE,FALSE,FALSE,FALSE,FALSE,FALSE,FALSE,FALSE,FALSE,6.00E-04,2648228.721,FALSE,FALSE,0.002231544,TRUE,FALSE
220360,1,1.24E+18,184.84166,5.91056,1510,22.9,1.7,0.06369235,0.03274284,0.4753785,220360,042-014,184.836243,5.918889,184.84166,5.910556,1510,56,8.6,1,0.0144,220360,61.61605506,8.798246,0.12399044,8.971628535,0.064485164,-1.2111897,0.06602691,8.6,0.08,-10.009436,-0.33839179,TRUE,0.33839179,1.16E+09,FALSE,FALSE,FALSE,TRUE,FALSE,FALSE,FALSE,FALSE,FALSE,FALSE,TRUE,FALSE,FALSE,FALSE,0.005421491,32488.81339,TRUE,FALSE,0.005036818,FALSE,TRUE
220398,1,1.24E+18,185.09084,12.18778,236,16.7,1.3,0.1072661,0.05514317,0.642969,220398,VCC 410,185.095413,12.190556,185.090836,12.187778,236,123,7.73,1,0.015810058,220398,49.98647391,6.9169674,0.09419115,7.522073892,0.06809482,-2.9762998,0.29204592,7.73,0.09,-9.893267,0.354105837,TRUE,0.354105837,7.97E+07,FALSE,FALSE,FALSE,FALSE,TRUE,FALSE,FALSE,FALSE,FALSE,FALSE,FALSE,TRUE,FALSE,FALSE,9.30E-04,1103371.587,TRUE,FALSE,7.87E-04,FALSE,TRUE
220399,1,1.24E+18,185.10541,6.90889,2557,24.2,1.8,0.06234754,0.0320515,0.7037821,220399,042-036,185.112488,6.908333,185.105408,6.908889,2557,109,8.37,1,0.008003117,220399,45.26880268,8.504042,0.084110215,8.754923843,0.064645088,-1.677878,0.08871518,8.37,0.08,-10.18192,0.109624708,FALSE,0.109624708,6.31E+08,FALSE,FALSE,FALSE,TRUE,FALSE,FALSE,FALSE,FALSE,FALSE,FALSE,FALSE,FALSE,FALSE,FALSE,0.005102338,36680.30517,FALSE,FALSE,0.008529234,TRUE,FALSE
220408,1,1.24E+18,185.1479,30.79694,1101,9.9,4.3,0.05526673,0.02841142,0.7801254,220408,158-082,185.144165,30.797499,185.147903,30.796944,1101,38,8.15,1,0.01712962,220408,38.72797437,7.8451643,0.37971494,8.135866356,0.377268551,-2.2444186,0.37851775,7.53,0.38,-10.089582,-0.195670305,FALSE,0.195670305,2.58E+08,FALSE,FALSE,FALSE,TRUE,FALSE,FALSE,FALSE,FALSE,FALSE,FALSE,FALSE,FALSE,FALSE,FALSE,0.004702344,43185.96544,FALSE,FALSE,0.003672541,TRUE,FALSE
220409,1,1.24E+18,185.1675,13.88889,794,16.7,1.2,0.138683,0.07129387,0.4251347,220409,VCC 428,185.163742,13.886389,185.167496,13.888888,794,55,7.65,1,0.015724252,220409,64.84086499,6.725088,0.13660905,7.359785227,0.063900248,-2.497572,0.13754384,7.65,0.08,-9.22266,-0.045393512,FALSE,0.045393512,6.47E+07,FALSE,FALSE,FALSE,FALSE,FALSE,TRUE,FALSE,FALSE,FALSE,FALSE,FALSE,FALSE,FALSE,FALSE,0.003112933,98544.35084,FALSE,FALSE,0.002648499,TRUE,FALSE
220412,1,1.24E+18,185.20209,5.64,2139,24.2,1.8,0.06453092,0.03317393,0.2899446,220412,N4287,185.203735,5.644444,185.202087,5.64,2139,172,8.18,1,0.010747717,220412,73.14542245,9.253291,0.18535016,9.341362975,0.064607581,-1.1622802,0.06694545,8.18,0.08,-10.415571,0.053426468,FALSE,0.053426468,1.99E+09,FALSE,FALSE,FALSE,TRUE,FALSE,FALSE,FALSE,FALSE,FALSE,FALSE,FALSE,FALSE,FALSE,FALSE,0.005732002,29064.22282,FALSE,FALSE,0.007134936,TRUE,FALSE
220418,1,1.24E+18,185.23999,6.33972,817,16.5,1.2,0.07069976,0.0363452,0.4844101,220418,VCC 446,185.237076,6.333889,185.23999,6.339722,817,50,7.5,1,0.0072,220418,61.02622055,7.987082,0.12200633,8.137979841,0.063274409,-2.4711792,0.15344286,7.5,0.09,-10.4582615,-0.155099978,FALSE,0.155099978,1.39E+08,FALSE,FALSE,FALSE,TRUE,FALSE,FALSE,FALSE,FALSE,FALSE,FALSE,FALSE,FALSE,FALSE,FALSE,0.001466675,443918.8865,FALSE,FALSE,0.002725219,TRUE,FALSE
220419,1,1.24E+18,185.25043,12.72583,672,16.7,1.2,0.1499978,0.07711058,0.833883,220419,VCC 448,185.250839,12.725277,185.250427,12.725833,672,37,7.81,1,0.015087078,220419,33.50032125,7.308784,0.07126102,7.623919443,0.062877091,-2.748291,0.19365914,7.81,0.08,-10.0570755,-0.056542762,FALSE,0.056542762,1.06E+08,FALSE,FALSE,FALSE,TRUE,FALSE,FALSE,FALSE,FALSE,FALSE,FALSE,FALSE,FALSE,FALSE,FALSE,0.002527864,149438.9856,FALSE,FALSE,0.002241551,TRUE,FALSE
220422,1,1.24E+18,185.27501,11.59556,927,16.6,4.3,0.1071411,0.05507889,0.3486784,220422,VCC 453,185.279175,11.600556,185.275009,11.595555,927,88,7.67,1,0.018342203,220422,69.59355734,7.871239,0.26950037,8.002160623,0.225030689,-2.263094,0.24049525,7.67,0.23,-10.134333,0.062519013,FALSE,0.062519013,1.37E+08,FALSE,FALSE,FALSE,TRUE,FALSE,FALSE,FALSE,FALSE,FALSE,FALSE,FALSE,FALSE,FALSE,FALSE,0.00423946,53131.27878,FALSE,FALSE,0.003092139,TRUE,FALSE
220427,1,1.24E+18,185.29666,17.63833,2093,16.7,1.3,0.1113986,0.05726761,0.5870984,220427,099-022,185.29834,17.637501,185.296661,17.638332,2093,90,8.23,1,0.007975594,220427,54.04867456,8.0793915,0.10289455,8.407035593,0.067628026,-2.3371234,0.10604733,8.23,0.08,-10.416515,0.034984546,FALSE,0.034984546,3.46E+08,FALSE,FALSE,FALSE,TRUE,FALSE,FALSE,FALSE,FALSE,FALSE,FALSE,FALSE,FALSE,FALSE,FALSE,0.004162091,55124.94837,FALSE,FALSE,0.006981497,TRUE,FALSE
220432,1,1.24E+18,185.32751,4.07556,1977,24.2,1.8,0.06185564,0.03179863,0.8314919,220432,VCC 468,185.33168,4.074444,185.327515,4.075555,1977,40,8.04,1,0.025423678,220432,33.74772991,7.550742,0.07464863,7.87699034,0.065169728,-2.06538,0.119888514,8.04,0.08,-9.616122,-0.08358392,FALSE,0.08358392,1.81E+08,FALSE,FALSE,FALSE,FALSE,TRUE,FALSE,FALSE,FALSE,FALSE,FALSE,FALSE,FALSE,FALSE,FALSE,0.012532115,6080.266724,FALSE,FALSE,0.006594562,TRUE,FALSE
220443,1,1.24E+18,185.49083,2.345,1832,24.2,1.9,0.06503892,0.03343509,0.8778868,220443,042-046,185.488342,2.345833,185.490829,2.345,1832,83,8.31,1,0.003596985,220443,28.61153352,8.7898035,0.074108645,9.112358688,0.068198136,-0.80399424,0.06860473,8.31,0.08,-9.593798,0.125487548,FALSE,0.125487548,8.88E+08,FALSE,FALSE,FALSE,FALSE,TRUE,FALSE,FALSE,FALSE,FALSE,FALSE,FALSE,FALSE,FALSE,FALSE,0.001643022,353740.2971,FALSE,FALSE,0.006110894,TRUE,FALSE
220479,1,1.24E+18,185.78999,11.72583,734,16.7,1.2,0.1225839,0.06301772,0.3530516,220479,I3239,185.785004,11.724444,185.789993,11.725833,734,88,8.05,1,0.015114978,220479,69.32597995,7.868354,0.15951188,8.117999033,0.062521303,-2.1572237,0.09491555,8.05,0.08,-10.025578,0.009988461,FALSE,0.009988461,2.23E+08,FALSE,FALSE,FALSE,TRUE,FALSE,FALSE,FALSE,FALSE,FALSE,FALSE,FALSE,FALSE,FALSE,FALSE,0.002766196,124797.4093,FALSE,FALSE,0.00244836,TRUE,FALSE
220493,1,1.24E+18,185.86833,5.81639,917,16.5,1.2,0.07963698,0.04093963,0.480911,220493,042-067,185.865829,5.816111,185.868332,5.816389,917,43,7.57,1,0.008016708,220493,61.25513396,7.7815228,0.12197659,7.982567548,0.063257989,-2.4929557,0.13527271,7.57,0.09,-10.274479,-0.19593588,FALSE,0.19593588,1.10E+08,FALSE,FALSE,FALSE,TRUE,FALSE,FALSE,FALSE,FALSE,FALSE,FALSE,FALSE,FALSE,FALSE,FALSE,0.001832925,284237.8613,FALSE,FALSE,0.003058783,TRUE,FALSE
220501,1,1.24E+18,185.97583,3.085,1874,24.2,1.6,0.05676347,0.02918085,0.508523,220501,042-073,185.970825,3.086389,185.97583,3.085,1874,54,8.09,1,0,220501,59.4345527,8.262364,0.11251204,8.479119704,0.057468274,-2.4642286,0.2292071,8.09,0.08,-10.726593,-0.213875082,FALSE,0.213875082,3.47E+08,FALSE,FALSE,TRUE,FALSE,FALSE,FALSE,FALSE,FALSE,FALSE,FALSE,FALSE,FALSE,FALSE,FALSE,0,Infinity,FALSE,FALSE,0.006250991,TRUE,FALSE
220502,1,1.24E+18,186.00124,7.78528,1118,22.9,1.7,0.08396552,0.04316483,0.6432346,220502,N4353,185.997925,7.786111,186.001236,7.785278,1118,133,8.25,1,0.015981083,220502,49.96660167,9.433481,0.09190416,9.443411219,0.064481705,-1.4517736,0.07214052,8.25,0.08,-10.885255,-0.00392174,FALSE,0.00392174,2.95E+09,FALSE,FALSE,TRUE,FALSE,FALSE,FALSE,FALSE,FALSE,FALSE,FALSE,FALSE,FALSE,FALSE,FALSE,0.004454791,48119.0126,FALSE,FALSE,0.003729247,TRUE,FALSE
220506,1,1.24E+18,186.01332,5.18083,2051,24.2,1.9,0.06001676,0.0308533,0.738858,220506,042-075,186.01416,5.182222,186.013321,5.180833,2051,99,8.58,1,0.011379557,220506,42.36581044,8.237063,0.08327781,8.712665389,0.068244101,-2.2309031,0.20588769,8.58,0.08,-10.467966,0.082928099,FALSE,0.082928099,6.78E+08,FALSE,FALSE,FALSE,TRUE,FALSE,FALSE,FALSE,FALSE,FALSE,FALSE,FALSE,FALSE,FALSE,FALSE,0.005819295,28198.8045,FALSE,FALSE,0.0068414,TRUE,FALSE
220510,1,1.24E+18,186.06041,4.22583,1182,16.6,4.3,0.0643266,0.0330689,0.4316669,220510,UA279,186.0625,4.223333,186.06041,4.225833,1182,173,7.87,1,0.0108,220510,64.42666202,8.33085,0.2545465,8.534098795,0.224998572,-2.5458112,0.27965134,7.87,0.23,-10.876661,0.282716289,FALSE,0.282716289,3.13E+08,FALSE,FALSE,TRUE,FALSE,FALSE,FALSE,FALSE,FALSE,FALSE,FALSE,FALSE,FALSE,FALSE,FALSE,0.003182882,94260.61399,TRUE,FALSE,0.003942728,TRUE,FALSE
220524,1,1.24E+18,186.16458,3.99556,1725,24.2,1.7,0.06078653,0.03124902,0.3279342,220524,042-086,186.164581,3.993056,186.164581,3.995556,1725,156,8.97,1,0.01484106,220524,70.85662214,8.611734,0.1682019,8.818356155,0.061040776,-2.356679,0.2852939,8.97,0.08,-10.968413,0.037156189,FALSE,0.037156189,1.65E+09,FALSE,FALSE,TRUE,FALSE,FALSE,FALSE,FALSE,FALSE,FALSE,FALSE,FALSE,FALSE,FALSE,FALSE,0.006383125,23437.14397,FALSE,FALSE,0.005753981,TRUE,FALSE
220525,1,1.24E+18,186.16458,8.50389,877,16.4,1.2,0.08186843,0.04208677,0.4499213,220525,VCC 740,186.171234,8.499722,186.164581,8.503889,877,97,7.98,1,0.00506326,220525,63.26141868,7.646912,0.1308521,7.956867281,0.063921173,-2.184094,0.14836252,7.98,0.08,-9.831006,0.101118505,FALSE,0.101118505,1.71E+08,FALSE,FALSE,FALSE,FALSE,TRUE,FALSE,FALSE,FALSE,FALSE,FALSE,FALSE,FALSE,FALSE,FALSE,0.001107157,779028.0286,FALSE,FALSE,0.002925357,TRUE,FALSE
220526,1,1.24E+18,186.16666,3.30278,926,8,3.9,0.05805267,0.02984361,0.8437902,220526,042-085,186.16832,3.302778,186.166656,3.302778,926,45,8.86,1,0.0160783,220526,32.45748084,7.7793193,0.42469868,8.034056123,0.423440494,-2.3679764,0.42605853,8.2,0.43,-10.147296,-0.205323873,FALSE,0.205323873,1.02E+09,FALSE,FALSE,FALSE,TRUE,FALSE,FALSE,FALSE,FALSE,FALSE,FALSE,FALSE,FALSE,FALSE,FALSE,0.003712192,69296.37227,FALSE,FALSE,0.003088804,TRUE,FALSE
220527,1,1.24E+18,186.17207,3.72139,1861,24.2,1.6,0.05198183,0.02672272,0.3748105,220527,VCC 741,186.17041,3.725278,186.172073,3.721389,1861,126,8.35,1,0.011362598,220527,67.98745636,8.003119,0.14981446,8.320201705,0.05750917,-2.4878535,0.25417528,8.35,0.08,-10.4909725,0.106856601,FALSE,0.106856601,3.98E+08,FALSE,FALSE,FALSE,TRUE,FALSE,FALSE,FALSE,FALSE,FALSE,FALSE,FALSE,FALSE,FALSE,FALSE,0.005272339,34353.00228,FALSE,FALSE,0.006207628,TRUE,FALSE
220537,1,1.24E+18,186.27333,5.32917,2020,24.2,1.9,0.05668575,0.0291409,0.5390387,220537,VCC 764,186.26416,5.326667,186.273331,5.329166,2020,153,8.14,2,0.014839414,220537,57.38182553,9.049227,0.11203899,9.030373214,0.068198085,-2.4394999,0.22957666,8.14,0.09,-11.488727,0.104159697,FALSE,0.104159697,1.30E+09,FALSE,TRUE,FALSE,FALSE,FALSE,FALSE,FALSE,FALSE,FALSE,FALSE,FALSE,FALSE,FALSE,FALSE,0.007473903,17095.29057,FALSE,FALSE,0.006737995,TRUE,FALSE
220538,1,1.24E+18,186.28625,4.41417,1232,16.6,4.3,0.06187003,0.03180603,0.4272566,220538,VCC 772,186.285004,4.415555,186.286255,4.414167,1232,62,7.74,1,0.020945661,220538,64.706472,6.8734426,0.2552941,7.403401163,0.225316767,-3.1878092,0.5278113,7.74,0.23,-10.061252,-0.01665809,FALSE,0.01665809,8.06E+07,FALSE,FALSE,FALSE,TRUE,FALSE,FALSE,FALSE,FALSE,FALSE,FALSE,FALSE,FALSE,FALSE,FALSE,0.006434045,23067.64037,FALSE,FALSE,0.00410951,TRUE,FALSE
220539,1,1.24E+18,186.26543,17.01611,2444,16.7,1.3,0.08559839,0.04400426,0.2712976,220539,I3298,186.264587,17.013056,186.265427,17.016111,2444,167,8.18,1,0.010936687,220539,74.25856652,8.259082,0.19565083,8.599075845,0.067626684,-1.8536706,0.076038346,8.18,0.08,-10.112753,0.217261879,FALSE,0.217261879,3.83E+08,FALSE,FALSE,FALSE,TRUE,FALSE,FALSE,FALSE,FALSE,FALSE,FALSE,FALSE,FALSE,FALSE,FALSE,0.006664481,21500.01481,FALSE,FALSE,0.008152306,TRUE,FALSE
220542,1,1.24E+18,186.34,13.07083,1906,16.7,1.2,0.1049781,0.05396694,0.629063,220542,VCC 793,186.340424,13.075,186.339996,13.070833,1906,27,7.59,1,0.017702946,220542,51.01901694,7.424456,0.09318831,7.724908975,0.063207535,-2.669044,0.20555419,7.59,0.08,-10.0935,-0.309006721,TRUE,0.309006721,7.83E+07,FALSE,FALSE,FALSE,TRUE,FALSE,FALSE,FALSE,FALSE,FALSE,FALSE,TRUE,FALSE,FALSE,FALSE,0.00841294,13491.9849,TRUE,FALSE,0.006357732,FALSE,TRUE
220602,1,1.24E+18,186.81624,4.26333,1622,24.2,1.8,0.06075953,0.03123514,0.5835603,220602,VCC 985,186.815826,4.2575,186.816238,4.263333,1622,61,7.77,2,0.012968944,220602,54.29869907,8.184914,0.101488926,8.405370162,0.064699579,-2.0509996,0.18747434,7.77,0.09,-10.235913,-0.091639285,FALSE,0.091639285,2.31E+08,FALSE,FALSE,FALSE,TRUE,FALSE,FALSE,FALSE,FALSE,FALSE,FALSE,FALSE,FALSE,FALSE,FALSE,0.005244871,34713.77136,FALSE,FALSE,0.00541041,TRUE,FALSE
220616,1,1.24E+18,186.88916,10.00389,872,16.4,1.1,0.07852702,0.04036902,0.5785887,220616,I3374,186.882919,10.003889,186.88916,10.003889,872,57,7.48,1,0.0036,220616,54.64870574,8.171181,0.09980262,8.277748171,0.058334425,-3.1226754,0.46476966,7.48,0.09,-11.293856,-0.100715892,FALSE,0.100715892,1.88E+08,FALSE,TRUE,FALSE,FALSE,FALSE,FALSE,FALSE,FALSE,FALSE,FALSE,FALSE,FALSE,FALSE,FALSE,7.83E-04,1558743.864,FALSE,FALSE,0.002908679,TRUE,FALSE
220645,1,1.24E+18,187.22874,9.42083,1088,16.4,1.1,0.06599059,0.03392432,0.9263831,220645,VCC1141,187.229156,9.420556,187.228745,9.420834,1088,107,7.83,1,0.022862178,220645,22.12217126,7.796957,0.06340846,8.085325686,0.058295247,-2.5552993,0.11913305,7.83,0.08,-10.352257,0.531365912,TRUE,0.531365912,1.53E+08,FALSE,FALSE,FALSE,TRUE,FALSE,FALSE,FALSE,FALSE,FALSE,FALSE,TRUE,FALSE,FALSE,FALSE,0.006201915,24826.74218,TRUE,TRUE,0.003629177,FALSE,TRUE
220661,1,1.24E+18,187.34418,9.98833,777,16.4,1.2,0.08212208,0.04221716,0.3806071,220661,I3412,187.351257,9.991112,187.344177,9.988334,777,97,7.42,2,0.017902262,220661,67.62876423,7.790279,0.15038033,,,-3.056324,0.24257495,7.41,0.09,-10.846603,0.148130028,FALSE,0.148130028,9.67E+07,FALSE,FALSE,TRUE,FALSE,FALSE,FALSE,FALSE,FALSE,FALSE,FALSE,FALSE,FALSE,FALSE,FALSE,0.003468233,79388.00224,FALSE,FALSE,0.002591793,TRUE,FALSE
220667,1,1.24E+18,187.39792,10.79361,-33,16.7,1.2,0.1035991,0.05325805,0.6287329,220667,I3416,187.395416,10.799445,187.397919,10.793612,-33,66,8.2,1,0.008021564,220667,51.04334317,7.849458,0.09266497,8.275303415,0.062507181,-2.083517,0.08882694,8.2,0.08,-9.932976,-0.059880177,FALSE,0.059880177,2.81E+08,FALSE,FALSE,FALSE,FALSE,TRUE,FALSE,FALSE,FALSE,FALSE,FALSE,FALSE,FALSE,FALSE,FALSE,-6.60E-05,2.19E+08,FALSE,FALSE,-1.10E-04,TRUE,FALSE
220670,1,1.24E+18,187.41292,3.61306,1331,16.6,4.3,0.08895688,0.04573078,0.5901549,220670,042-133,187.415421,3.616667,187.412918,3.613055,1331,81,7.93,1,0.019381283,220670,53.83204433,7.97872,0.23774903,8.212657907,0.225011359,-2.6533916,0.2829731,7.93,0.23,-10.632112,0.045433315,FALSE,0.045433315,2.08E+08,FALSE,FALSE,TRUE,FALSE,FALSE,FALSE,FALSE,FALSE,FALSE,FALSE,FALSE,FALSE,FALSE,FALSE,0.006431909,23082.96384,FALSE,FALSE,0.004439738,TRUE,FALSE
220704,1,1.24E+18,187.70209,12.045,1227,16.7,1.2,0.08961698,0.04607013,0.4400815,220704,VCC1313,187.702499,12.047223,187.702087,12.045,1227,42,7.86,1,0.010562227,220704,63.89097269,6.625874,0.13210708,7.33189979,0.063018256,-2.3309712,0.08645916,7.86,0.08,-8.956845,-0.206917169,FALSE,0.206917169,1.01E+08,FALSE,FALSE,FALSE,FALSE,FALSE,FALSE,TRUE,FALSE,FALSE,FALSE,FALSE,FALSE,FALSE,FALSE,0.003231316,91456.08554,FALSE,FALSE,0.004092831,TRUE,FALSE
220724,1,1.24E+18,187.84541,11.4925,1252,16.7,1.2,0.1472853,0.07571612,0.5840753,220724,I3446,187.847504,11.492778,187.845413,11.4925,1252,152,8.36,1,0.010583469,220724,54.26235481,7.997954,0.10016797,8.380482248,0.062427541,-2.3479495,0.09681982,8.36,0.08,-10.345903,0.244507685,FALSE,0.244507685,4.04E+08,FALSE,FALSE,FALSE,TRUE,FALSE,FALSE,FALSE,FALSE,FALSE,FALSE,FALSE,FALSE,FALSE,FALSE,0.003303784,87487.89887,FALSE,FALSE,0.004176222,TRUE,FALSE
220739,1,1.24E+18,188.02376,11.81778,909,16.7,1.2,0.1087868,0.0559249,0.7241112,220739,I3466,188.026672,11.820833,188.023758,11.817778,909,38,7.99,1,0.010075003,220739,43.60507654,7.9347286,0.08023734,8.158166269,0.06249182,-4.4490066,1.4684652,7.99,0.08,-12.383736,-0.218776092,FALSE,0.218776092,2.16E+08,TRUE,FALSE,FALSE,FALSE,FALSE,FALSE,FALSE,FALSE,FALSE,FALSE,FALSE,FALSE,FALSE,FALSE,0.002283434,183144.8006,FALSE,FALSE,0.003032098,TRUE,FALSE
220745,1,1.24E+18,188.095,16.01861,-134,16.7,1.2,0.09439749,0.04852768,0.6540391,220745,I3471,188.098343,16.021111,188.095001,16.01861,-134,90,7.93,1,0.00346022,220745,49.15321199,8.16485,0.0889108,8.441486887,0.062443643,-2.511036,0.16398315,7.93,0.08,-10.675886,0.095689263,FALSE,0.095689263,2.59E+08,FALSE,FALSE,TRUE,FALSE,FALSE,FALSE,FALSE,FALSE,FALSE,FALSE,FALSE,FALSE,FALSE,FALSE,-1.16E-04,7.14E+07,FALSE,FALSE,-4.47E-04,TRUE,FALSE
220751,1,1.24E+18,188.1396,9.17361,1155,16.4,1.2,0.06924361,0.03559662,0.7439979,220751,070-155,188.135422,9.178333,188.139603,9.173612,1155,57,8,1,0.012865278,220751,41.92693723,8.41149,0.07902943,8.713310305,0.063558181,-1.4789762,0.064862154,8,0.08,-9.890467,-0.093330248,FALSE,0.093330248,3.91E+08,FALSE,FALSE,FALSE,FALSE,TRUE,FALSE,FALSE,FALSE,FALSE,FALSE,FALSE,FALSE,FALSE,FALSE,0.003704934,69568.14282,FALSE,FALSE,0.003852665,TRUE,FALSE
220755,1,1.24E+18,188.19585,7.79944,1325,16.4,1.3,0.06740149,0.03464963,0.5108545,220755,VCC1455,188.202515,7.8,188.195847,7.799444,1325,35,7.18,2,0.017940233,220755,59.27928574,7.630502,0.11897028,7.822870699,0.069241729,-3.4529748,0.7442872,7.18,0.11,-11.083477,-0.216104816,FALSE,0.216104816,6.28E+07,FALSE,TRUE,FALSE,FALSE,FALSE,FALSE,FALSE,FALSE,FALSE,FALSE,FALSE,FALSE,FALSE,FALSE,0.005926841,27184.71683,FALSE,FALSE,0.004419724,TRUE,FALSE
220762,1,1.24E+18,188.24001,4.57806,1228,16.6,4.3,0.062007,0.03187644,0.5739111,220762,VCC1468,188.243332,4.5775,188.240005,4.578055,1228,88,8.31,1,0.025415268,220762,54.97663496,7.1570106,0.23916236,7.685507181,0.22535285,-2.8358195,0.39020786,8.31,0.23,-9.99283,0.040898903,FALSE,0.040898903,2.86E+08,FALSE,FALSE,FALSE,FALSE,TRUE,FALSE,FALSE,FALSE,FALSE,FALSE,FALSE,FALSE,FALSE,FALSE,0.007781662,15769.81533,FALSE,FALSE,0.004096167,TRUE,FALSE
220768,1,1.24E+18,188.29126,11.34694,128,16.7,1.2,0.1899332,0.09764051,0.6680297,220768,I3483,188.289169,11.344999,188.29126,11.346944,128,46,7.53,2,0.0144,220768,48.08486298,8.891197,0.08724801,8.885677866,0.062416634,-2.3185549,0.106551416,7.53,0.1,-11.209752,-0.314091296,TRUE,0.314091296,8.23E+08,FALSE,TRUE,FALSE,FALSE,FALSE,FALSE,FALSE,FALSE,TRUE,FALSE,FALSE,FALSE,FALSE,FALSE,4.60E-04,4521346.643,TRUE,FALSE,4.27E-04,FALSE,TRUE
220815,1,1.24E+18,188.8075,10.43167,1072,16.7,1.1,0.08918941,0.04585032,0.1929489,220815,VCC1605,188.81041,10.431111,188.807495,10.431667,1072,87,7.96,1,0.020736877,220815,78.87513774,8.496056,0.23762229,7.618418649,0.058103583,-2.8443089,0.310465,7.95,0.08,-11.340364,-0.088068633,FALSE,0.088068633,4.35E+08,FALSE,TRUE,FALSE,FALSE,FALSE,FALSE,FALSE,FALSE,FALSE,FALSE,FALSE,FALSE,FALSE,FALSE,0.00554265,31083.96808,FALSE,FALSE,0.003575807,TRUE,FALSE
220819,1,1.24E+18,188.87874,6.33389,1600,16.5,1.2,0.07189609,0.03696021,0.7182312,220819,VCC1617,188.878326,6.334723,188.878738,6.333889,1600,71,7.56,1,0.008010559,220819,44.09139978,8.463746,0.08139364,8.556980848,0.063197127,-2.220808,0.1295177,7.56,0.09,-10.684554,-1.27E-04,FALSE,1.27E-04,3.39E+08,FALSE,FALSE,TRUE,FALSE,FALSE,FALSE,FALSE,FALSE,FALSE,FALSE,FALSE,FALSE,FALSE,FALSE,0.003195672,93507.6443,FALSE,FALSE,0.005337026,TRUE,FALSE
220832,1,1.24E+18,189.04416,9.9225,2053,16.7,1.2,0.07511583,0.03861541,0.3465417,220832,I3562,189.047928,9.923612,189.044159,9.922501,2053,72,8.2,1,0.005053235,220832,69.72412359,7.704083,0.16169181,7.947263864,0.062720318,-2.2403255,0.13978797,8.2,0.08,-9.944408,-0.095493106,FALSE,0.095493106,2.61E+08,FALSE,FALSE,FALSE,FALSE,TRUE,FALSE,FALSE,FALSE,FALSE,FALSE,FALSE,FALSE,FALSE,FALSE,0.002586651,142723.6154,FALSE,FALSE,0.006848071,TRUE,FALSE
220837,1,1.24E+18,189.14542,8.05472,1790,16.4,1.2,0.07768714,0.03993726,0.591845,220837,042-174,189.139587,8.053056,189.145416,8.054723,1790,33,7.42,1,0.017886555,220837,53.71200077,8.463543,0.099394806,8.659503237,0.063569026,-2.3662395,0.14002232,7.41,0.08,-10.8297825,-0.392356981,TRUE,0.392356981,3.26E+08,FALSE,FALSE,TRUE,FALSE,FALSE,FALSE,FALSE,FALSE,FALSE,TRUE,FALSE,FALSE,FALSE,FALSE,0.00798287,14984.87974,TRUE,FALSE,0.005970797,FALSE,TRUE
220847,1,1.24E+18,189.30792,29.63111,795,10.3,2.2,0.05177111,0.02661439,0.5691338,220847,159-032,189.309174,29.626945,189.307922,29.631111,795,44,7.3,1,0.00721997,220847,55.31020166,7.5076714,0.20267567,7.72326648,0.185540681,-3.0521653,0.2368235,7.36,0.19,-10.559836,-0.090038675,FALSE,0.090038675,5.87E+07,FALSE,FALSE,TRUE,FALSE,FALSE,FALSE,FALSE,FALSE,FALSE,FALSE,FALSE,FALSE,FALSE,FALSE,0.001431139,466238.0192,FALSE,FALSE,0.002651835,TRUE,FALSE
220849,1,1.24E+18,189.42166,8.55917,1076,16.4,1.2,0.07405923,0.03807223,0.5788,220849,070-196,189.424576,8.559722,189.421661,8.559167,1076,76,8.18,1,0.011371584,220849,54.63386093,8.715713,0.10168797,8.559495608,0.06358961,-1.8120933,0.07986196,8.18,0.08,-10.527805,-0.12135879,FALSE,0.12135879,7.21E+08,FALSE,FALSE,TRUE,FALSE,FALSE,FALSE,FALSE,FALSE,FALSE,FALSE,FALSE,FALSE,FALSE,FALSE,0.003050792,102599.7395,FALSE,FALSE,0.00358915,TRUE,FALSE
220856,1,1.24E+18,189.52834,10.165,1141,16.7,1.2,0.0647632,0.03329334,0.86751,220856,VCC1744,189.525833,10.17139,189.528336,10.165,1141,38,7.49,2,0.014173972,220856,29.82946303,6.748401,0.06927813,7.444595102,0.06323605,-2.3756967,0.11636285,7.49,0.09,-9.124098,0.089435363,FALSE,0.089435363,4.67E+07,FALSE,FALSE,FALSE,FALSE,FALSE,TRUE,FALSE,FALSE,FALSE,FALSE,FALSE,FALSE,FALSE,FALSE,0.004032334,58729.76979,FALSE,FALSE,0.003805966,TRUE,FALSE
220860,1,1.24E+18,189.56459,6.99444,-113,16.4,1.2,0.06628115,0.03407369,0.7183704,220860,VCC1750,189.557068,7.007222,189.56459,6.994445,-113,31,7.22,2,0.018,220860,44.07993621,7.436854,0.081683934,7.92232062,0.063618102,-2.3966184,0.10337873,7.22,0.11,-9.833472,-0.150790198,FALSE,0.150790198,4.94E+07,FALSE,FALSE,FALSE,FALSE,TRUE,FALSE,FALSE,FALSE,FALSE,FALSE,FALSE,FALSE,FALSE,FALSE,-5.07E-04,3712879.3,FALSE,FALSE,-3.77E-04,TRUE,FALSE
220883,1,1.24E+18,189.84125,4.93667,1612,16.5,1.2,0.06743295,0.0346658,0.6436487,220883,042-192,189.84375,4.939722,189.841248,4.936667,1612,91,8.02,1,0.012965188,220883,49.93560709,8.364879,0.09088937,8.431149244,0.063200755,-2.0458024,0.087312005,8.02,0.08,-10.410681,0.056583438,FALSE,0.056583438,3.71E+08,FALSE,FALSE,FALSE,TRUE,FALSE,FALSE,FALSE,FALSE,FALSE,FALSE,FALSE,FALSE,FALSE,FALSE,0.005211025,35166.16555,FALSE,FALSE,0.005377053,TRUE,FALSE
220941,1,1.24E+18,190.67041,13.26639,1183,16.7,1.2,0.08536901,0.04388634,0.7750914,220941,071-003,190.68042,13.273055,190.67041,13.266389,1183,103,7.94,1,0.0036,220941,39.18671315,7.7819104,0.075298674,8.109083322,0.062616341,-2.3055158,0.1305681,7.94,0.08,-10.087426,0.274336455,FALSE,0.274336455,1.76E+08,FALSE,FALSE,FALSE,TRUE,FALSE,FALSE,FALSE,FALSE,FALSE,FALSE,FALSE,FALSE,FALSE,FALSE,0.001061858,846911.9046,TRUE,FALSE,0.003946063,TRUE,FALSE
220944,1,1.24E+18,190.68707,7.33889,2407,16.5,1.1,0.08012211,0.04118902,0.7999552,220944,VCC1933,190.686249,7.338611,190.687073,7.338889,2407,58,8.07,1,0.0113003,220944,36.87420666,7.6165414,0.07156161,7.613852643,0.058993357,-3.40932,0.6131052,8.07,0.08,-11.025862,0.034989647,FALSE,0.034989647,1.98E+08,FALSE,TRUE,FALSE,FALSE,FALSE,FALSE,FALSE,FALSE,FALSE,FALSE,FALSE,FALSE,FALSE,FALSE,0.006781806,20762.54569,FALSE,FALSE,0.008028888,TRUE,FALSE
220956,1,1.24E+18,190.78125,7.65472,1311,16.5,1.3,0.07503063,0.0385716,0.61541,220956,VCC1952,190.781662,7.653611,190.78125,7.654722,1311,50,8.2,1,0.0072,220956,52.01832628,7.35052,0.09884446,7.771813154,0.069035905,-2.452706,0.15661488,8.2,0.08,-9.803226,-0.165892212,FALSE,0.165892212,2.33E+08,FALSE,FALSE,FALSE,FALSE,TRUE,FALSE,FALSE,FALSE,FALSE,FALSE,FALSE,FALSE,FALSE,FALSE,0.002353502,172402.0208,FALSE,FALSE,0.004373025,TRUE,FALSE
220977,1,1.24E+18,191.05,12.94194,925,16.5,1.6,0.08409441,0.0432311,0.944239,220977,071-021,191.075012,12.940001,191.050003,12.941944,925,119,7.67,2,0.017836742,220977,19.22393481,8.553302,0.087611765,8.527413129,0.0842418,-4.9069695,2.0820937,7.67,0.1,-13.460272,0.525976863,TRUE,0.525976863,4.20E+08,TRUE,FALSE,FALSE,FALSE,FALSE,FALSE,FALSE,TRUE,FALSE,FALSE,FALSE,FALSE,FALSE,FALSE,0.004113738,56428.4605,TRUE,TRUE,0.003085468,FALSE,TRUE
220984,1,1.24E+18,191.15875,28.4725,945,12.7,2.3,0.05019322,0.02580324,0.5647849,220984,UA294,191.158752,28.473057,191.158752,28.4725,945,50,8.14,1,0.006329131,220984,55.61269126,7.8269167,0.17779426,8.189572183,0.157310891,-2.1063366,0.16042739,8.39,0.16,-9.933253,-0.193694581,FALSE,0.193694581,2.51E+08,FALSE,FALSE,FALSE,FALSE,TRUE,FALSE,FALSE,FALSE,FALSE,FALSE,FALSE,FALSE,FALSE,FALSE,0.001491266,429398.9141,FALSE,FALSE,0.003152181,TRUE,FALSE
220987,1,1.24E+18,191.19792,8.10722,1875,16.5,1.2,0.07695241,0.03955955,0.7497905,220987,I3716,191.201675,8.101667,191.197922,8.107223,1875,82,7.48,2,0.012940208,220987,41.42780138,7.8185406,0.07817381,8.150677442,0.06324146,-2.4570134,0.13569489,7.48,0.08,-10.275554,0.210541597,FALSE,0.210541597,1.06E+08,FALSE,FALSE,FALSE,TRUE,FALSE,FALSE,FALSE,FALSE,FALSE,FALSE,FALSE,FALSE,FALSE,FALSE,0.006049533,26093.21963,FALSE,FALSE,0.006254327,TRUE,FALSE
220995,1,1.24E+18,191.3775,20.81583,2588,39.9,2.3,0.1051631,0.05406206,0.4201567,220995,I3740,191.379166,20.820278,191.377502,20.815832,2588,217,9.38,1,0.009855629,220995,65.15557403,9.03423,0.13262837,9.251194926,0.050084272,-1.2813385,0.06889147,9.38,0.07,-10.315569,0.094679384,FALSE,0.094679384,4.27E+09,FALSE,FALSE,FALSE,TRUE,FALSE,FALSE,FALSE,FALSE,FALSE,FALSE,FALSE,FALSE,FALSE,FALSE,0.006359573,23611.06033,FALSE,FALSE,0.008632639,TRUE,FALSE
221000,1,1.24E+18,191.51834,8.47611,1485,16.5,1.2,0.07709897,0.03963489,0.9271864,221000,071-033,191.512497,8.463889,191.518341,8.47611,1485,23,7.46,1,0.003560679,221000,21.99962926,8.059044,0.067949384,8.399695539,0.063185082,-2.1790137,0.0895995,7.46,0.09,-10.238058,-0.134244193,FALSE,0.134244193,1.53E+08,FALSE,FALSE,FALSE,TRUE,FALSE,FALSE,FALSE,FALSE,FALSE,FALSE,FALSE,FALSE,FALSE,FALSE,0.001318374,549406.9825,FALSE,FALSE,0.004953427,TRUE,FALSE
221004,1,1.24E+18,191.56374,10.20555,1142,9.6,0.9,0.08186775,0.04208641,0.4471542,221004,VCC2037,191.56665,10.195278,191.563736,10.205555,1142,29,7.18,1,0.022909613,221004,63.43880714,6.580071,0.14097753,7.459877722,0.082277733,-3.3372371,0.537737,7.18,0.1,-9.917308,-0.210197613,FALSE,0.210197613,2.39E+07,FALSE,FALSE,FALSE,FALSE,TRUE,FALSE,FALSE,FALSE,FALSE,FALSE,FALSE,FALSE,FALSE,FALSE,0.006523237,22441.14514,FALSE,FALSE,0.003809302,TRUE,FALSE
221013,1,1.24E+18,191.73082,26.56417,844,9.2,4.1,0.0469563,0.02413921,0.7315733,221013,UA298,191.727493,26.565556,191.73082,26.564165,844,65,7.12,1,0.018,221013,42.98158431,7.9313335,0.3901766,8.286659079,0.387088925,-0.93533105,0.38709027,7.12,0.39,-8.866665,0.099879896,FALSE,0.099879896,1.03E+08,FALSE,FALSE,FALSE,FALSE,FALSE,FALSE,TRUE,FALSE,FALSE,FALSE,FALSE,FALSE,FALSE,FALSE,0.003787863,66555.32751,FALSE,FALSE,0.002815281,TRUE,FALSE
221085,1,1.24E+18,193.24625,14.40056,1040,16.6,2.4,0.1081697,0.05560766,0.4731143,221085,GR21,193.246658,14.398055,193.246246,14.400556,1040,89,8.3,1,0.020047307,221085,61.76340903,7.253121,0.1662466,7.482025888,0.126434572,-3.574763,0.74785155,8.3,0.13,-10.827884,0.015071703,FALSE,0.015071703,2.83E+08,FALSE,FALSE,TRUE,FALSE,FALSE,FALSE,FALSE,FALSE,FALSE,FALSE,FALSE,FALSE,FALSE,FALSE,0.005198388,35337.34915,FALSE,FALSE,0.003469067,TRUE,FALSE
221089,1,1.24E+18,193.29167,25.27806,1084,9.1,4,0.03988353,0.02050325,0.8157265,221089,129-029,193.292084,25.278055,193.291672,25.278055,1084,32,7.15,1,0.019141253,221089,35.34076983,7.649435,0.383511,7.810787425,0.381800086,-3.5385635,0.48343232,7.15,0.39,-11.187999,-0.083911425,FALSE,0.083911425,6.34E+07,FALSE,TRUE,FALSE,FALSE,FALSE,FALSE,FALSE,FALSE,FALSE,FALSE,FALSE,FALSE,FALSE,FALSE,0.005173435,35679.0627,FALSE,FALSE,0.003615835,TRUE,FALSE
221245,1,1.24E+18,194.71999,13.15278,1910,30.9,2.2,0.1218639,0.06264758,0.5200641,221245,071-090a,194.719162,13.139444,194.719986,13.152778,1910,76,9.11,1,0.015762717,221245,58.66349825,8.545138,0.11237406,8.837588945,0.061910968,-2.6287267,0.48854363,9.11,0.08,-11.173865,-0.255686213,FALSE,0.255686213,2.06E+09,FALSE,TRUE,FALSE,FALSE,FALSE,FALSE,FALSE,FALSE,FALSE,FALSE,FALSE,FALSE,FALSE,FALSE,0.007506609,16946.6491,TRUE,FALSE,0.006371074,TRUE,FALSE
221482,1,1.24E+18,183.06125,0.07194,2328,35.3,2.3,0.07921746,0.04072396,0.7832057,221482,MK1313,183.062912,0.072778,183.061249,0.071944,2328,90,8.67,1,0.01484318,221482,38.44500182,8.21758,0.0698213,8.655572777,0.056647192,-1.7014383,0.10102761,8.66,0.08,-9.919018,0.060319535,FALSE,0.060319535,7.87E+08,FALSE,FALSE,FALSE,FALSE,TRUE,FALSE,FALSE,FALSE,FALSE,FALSE,FALSE,FALSE,FALSE,FALSE,0.008615674,12864.49872,FALSE,FALSE,0.007765372,TRUE,FALSE
221576,1,1.24E+18,188.33624,1.5225,1676,27.3,2.3,0.06616625,0.03401462,0.3485096,221576,014-064,188.334595,1.525833,188.336243,1.5225,1676,74,8.39,1,0.010796187,221576,69.60387613,8.368551,0.16546716,8.595428494,0.073228908,-1.9070004,0.11753736,8.5,0.09,-10.275552,-0.16600683,FALSE,0.16600683,5.60E+08,FALSE,FALSE,FALSE,TRUE,FALSE,FALSE,FALSE,FALSE,FALSE,FALSE,FALSE,FALSE,FALSE,FALSE,0.004511529,46916.31604,FALSE,FALSE,0.005590534,TRUE,FALSE
221590,1,1.24E+18,182.98999,20.02806,2398,37.2,2.3,0.1064386,0.05471774,0.6434604,221590,098-093,182.993744,20.030556,182.98999,20.028055,2398,170,9.23,1,0.018,221590,49.94970273,9.004012,0.08470775,9.298879174,0.053711107,-1.2836442,0.06904971,9.23,0.07,-10.287657,0.09165931,FALSE,0.09165931,3.27E+09,FALSE,FALSE,FALSE,TRUE,FALSE,FALSE,FALSE,FALSE,FALSE,FALSE,FALSE,FALSE,FALSE,FALSE,0.010762199,8244.595646,FALSE,FALSE,0.007998867,TRUE,FALSE
221597,1,1.24E+18,193.68333,8.05306,2533,38.7,2.2,0.1104055,0.05675703,0.6243479,221597,N4791,193.683334,8.051389,193.683334,8.053056,2533,240,8.49,2,0.020264514,221597,51.36570235,9.631762,0.08525816,9.68986653,0.049379394,-1.2523317,0.06734249,8.49,0.08,-10.884093,0.193302256,FALSE,0.193302256,4.69E+09,FALSE,FALSE,TRUE,FALSE,FALSE,FALSE,FALSE,FALSE,FALSE,FALSE,FALSE,FALSE,FALSE,FALSE,0.012798254,5830.018912,FALSE,FALSE,0.008449179,TRUE,FALSE
221638,1,1.24E+18,184.97124,1.77333,1998,31.2,2.3,0.07783764,0.04001462,0.6107591,221638,014-009,184.964569,1.778056,184.971237,1.773333,1998,59,8.33,1,0.015269849,221638,52.35563313,8.306007,0.096543685,8.746803623,0.064062472,-1.7409344,0.10174017,8.33,0.08,-10.046942,-0.175865147,FALSE,0.175865147,4.87E+08,FALSE,FALSE,FALSE,TRUE,FALSE,FALSE,FALSE,FALSE,FALSE,FALSE,FALSE,FALSE,FALSE,FALSE,0.007606932,16502.5963,FALSE,FALSE,0.006664611,TRUE,FALSE
221648,1,1.24E+18,183.02707,25.30917,2614,40.2,2.4,0.07198672,0.0370068,0.6873254,221648,ADBS,183.032913,25.305277,183.027069,25.309166,2614,115,8.86,1,0.014763179,221648,46.58127712,7.990058,0.07774521,8.25991224,0.052721228,-2.0530598,0.21424355,8.86,0.07,-10.043118,0.066811646,FALSE,0.066811646,1.06E+09,FALSE,FALSE,FALSE,TRUE,FALSE,FALSE,FALSE,FALSE,FALSE,FALSE,FALSE,FALSE,FALSE,FALSE,0.009621988,10314.34825,FALSE,FALSE,0.008719365,TRUE,FALSE
222046,1,1.24E+18,180.90001,16.05556,931,17.5,2.3,0.09902626,0.05090723,0.5613343,222046,098-037,180.89917,16.054443,180.900009,16.055555,931,130,8.1,1,0.018329448,222046,55.85192339,8.86036,0.1420449,9.071911612,0.114158044,-1.4171147,0.11485199,8.1,0.12,-10.277475,0.082192153,FALSE,0.082192153,8.92E+08,FALSE,FALSE,FALSE,TRUE,FALSE,FALSE,FALSE,FALSE,FALSE,FALSE,FALSE,FALSE,FALSE,FALSE,0.004254793,52749.04412,FALSE,FALSE,0.003105482,TRUE,FALSE
222200,1,1.24E+18,184.19875,8.04889,2571,24.2,1.9,0.07659151,0.03937402,0.5636815,222200,VCC 207,184.202499,8.056389,184.198746,8.048889,2571,66,7.87,1,0.014705601,222200,55.68926471,7.312068,0.10735948,7.876274703,0.068523652,-2.4450407,0.18993701,7.87,0.09,-9.757109,0.007294271,FALSE,0.007294271,1.19E+08,FALSE,FALSE,FALSE,FALSE,TRUE,FALSE,FALSE,FALSE,FALSE,FALSE,FALSE,FALSE,FALSE,FALSE,0.009426798,10745.90554,FALSE,FALSE,0.008575933,TRUE,FALSE
222215,1,1.24E+18,185.09708,13.8975,296,16.7,1.2,0.1303064,0.06698768,0.453372,222215,VCC 413,185.100006,13.893333,185.097076,13.8975,296,155,7.39,2,0.013978468,222215,63.03981857,7.362628,0.12915768,7.338855509,0.0645393,-3.1190872,0.38560748,7.39,0.1,-10.481715,0.427555159,TRUE,0.427555159,5.57E+07,FALSE,FALSE,FALSE,TRUE,FALSE,FALSE,FALSE,FALSE,FALSE,FALSE,TRUE,FALSE,FALSE,FALSE,0.001031646,897243.1534,TRUE,TRUE,9.87E-04,FALSE,TRUE
222216,1,1.24E+18,191.99792,4.43278,1038,16.6,4.3,0.1018545,0.05236119,0.6529948,222216,043-029a,191.997513,4.44,191.997925,4.432777,1038,42,7.72,1,0.020945275,222216,49.23226221,7.4873095,0.23379827,8.211275461,0.225064773,-4.847392,2.1788769,7.72,0.23,-12.334702,-0.132895829,FALSE,0.132895829,1.01E+08,TRUE,FALSE,FALSE,FALSE,FALSE,FALSE,FALSE,FALSE,FALSE,FALSE,FALSE,FALSE,FALSE,FALSE,0.005420792,32497.19585,FALSE,FALSE,0.003462395,TRUE,FALSE
222234,1,1.24E+18,185.14166,2.96778,2385,24.2,1.8,0.05830527,0.02997346,0.5888964,222234,VCC 423,185.140411,2.967222,185.141663,2.967778,2385,55,8.41,1,0.012967935,222234,53.9213131,7.096791,0.105429515,7.582857345,0.076362005,-2.11373,0.3135066,8.41,0.08,-9.210521,-0.180809129,FALSE,0.180809129,3.54E+08,FALSE,FALSE,FALSE,FALSE,FALSE,TRUE,FALSE,FALSE,FALSE,FALSE,FALSE,FALSE,FALSE,FALSE,0.007711494,16058.10568,FALSE,FALSE,0.007955504,TRUE,FALSE
222259,1,1.24E+18,194.22209,8.16111,2596,39.5,2.2,0.0955728,0.04913188,0.2120521,222259,043-078,194.229996,8.157778,194.222092,8.161111,2596,154,8.72,1,0.007984693,222259,77.75742796,8.719636,0.22228803,8.83741174,0.048464862,-1.5194945,0.09057546,8.72,0.07,-10.23913,0.049423863,FALSE,0.049423863,1.22E+09,FALSE,FALSE,FALSE,TRUE,FALSE,FALSE,FALSE,FALSE,FALSE,FALSE,FALSE,FALSE,FALSE,FALSE,0.005168235,35750.89401,FALSE,FALSE,0.008659324,TRUE,FALSE
222310,1,1.24E+18,188.75999,5.42472,865,16.5,1.1,0.07957606,0.04090831,0.2037404,222310,042-164,188.756668,5.421111,188.759995,5.424722,865,118,7.65,2,0.019311765,222310,78.24429289,8.222608,0.22988784,8.331883954,0.057941884,-2.4481409,0.14162229,7.65,0.09,-10.670749,0.116097438,FALSE,0.116097438,2.26E+08,FALSE,FALSE,TRUE,FALSE,FALSE,FALSE,FALSE,FALSE,FALSE,FALSE,FALSE,FALSE,FALSE,FALSE,0.004165023,55047.37038,FALSE,FALSE,0.002885329,TRUE,FALSE
222350,1,1.24E+18,193.55249,0.8025,1202,17,4.3,0.06685164,0.03436697,0.696779,222350,015-035,193.552078,0.798333,193.55249,0.8025,1202,44,7.69,1,0,222350,45.83088813,7.8876715,0.22651361,8.158058049,0.219714472,-2.759569,0.3015871,7.69,0.23,-10.647241,-0.126866633,FALSE,0.126866633,1.42E+08,FALSE,FALSE,TRUE,FALSE,FALSE,FALSE,FALSE,FALSE,FALSE,FALSE,FALSE,FALSE,FALSE,FALSE,0,Infinity,FALSE,FALSE,0.00400944,TRUE,FALSE
222358,1,1.24E+18,194.64999,1.70611,2803,41.9,2.3,0.0639114,0.03285545,0.2221837,222358,015-050,194.652496,1.713333,194.649994,1.706111,2803,117,8.92,1,0.014836987,222358,77.16274052,8.639764,0.21595442,8.849123043,0.047830131,-1.7390026,0.15150045,8.92,0.07,-10.378766,-0.094166416,FALSE,0.094166416,1.54E+09,FALSE,FALSE,FALSE,TRUE,FALSE,FALSE,FALSE,FALSE,FALSE,FALSE,FALSE,FALSE,FALSE,FALSE,0.010369269,8881.270557,FALSE,FALSE,0.009349802,TRUE,FALSE
222433,1,1.24E+18,187.49542,0.02722,2438,36.8,2.4,0.07635851,0.03925424,0.7816897,222433,,187.494598,0.021111,187.495422,0.027222,2438,149,8.61,1,0.010182337,222433,38.58448845,9.172701,0.069992244,9.363647409,0.056649588,-0.44955814,0.056951065,8.6,0.08,-9.622259,0.175063542,FALSE,0.175063542,2.03E+09,FALSE,FALSE,FALSE,FALSE,TRUE,FALSE,FALSE,FALSE,FALSE,FALSE,FALSE,FALSE,FALSE,FALSE,0.00618957,24925.87385,FALSE,FALSE,0.008132293,TRUE,FALSE
222661,1,1.24E+18,185.27959,0.46083,1890,29.7,2.2,0.0787896,0.040504,0.6190197,222661,,185.279587,0.455278,185.279587,0.460833,1890,62,8.12,1,0.015273259,222661,51.75546065,7.4025874,0.09543393,7.790237803,0.065372004,-2.1944833,0.23600186,8.12,0.09,-9.597071,-0.054554274,FALSE,0.054554274,2.01E+08,FALSE,FALSE,FALSE,FALSE,TRUE,FALSE,FALSE,FALSE,FALSE,FALSE,FALSE,FALSE,FALSE,FALSE,0.007197354,18434.25909,FALSE,FALSE,0.006304361,TRUE,FALSE
222680,1,1.24E+18,189.22876,1.61444,589,17,4.3,0.06857694,0.0352539,0.1870562,222680,,189.22168,1.619722,189.22876,1.614444,589,88,6.97,1,0.0144,222680,79.21902991,7.592666,0.32158104,7.930617406,0.219772052,-2.8010485,0.35001802,7.84,0.23,-10.393715,0.147858711,FALSE,0.147858711,5.16E+07,FALSE,FALSE,FALSE,TRUE,FALSE,FALSE,FALSE,FALSE,FALSE,FALSE,FALSE,FALSE,FALSE,FALSE,0.002114741,213529.1418,FALSE,FALSE,0.001964693,TRUE,FALSE
222741,1,1.24E+18,187.92667,20.48139,1884,30.6,2.3,0.09451475,0.04858796,0.6441492,222741,129-006,187.925415,20.480833,187.926666,20.48139,1884,114,8.54,1,0.013489717,222741,49.8981268,8.841881,0.09305319,9.013701174,0.065314234,-2.1464977,0.21500948,8.54,0.08,-10.988379,0.031273918,FALSE,0.031273918,1.16E+09,FALSE,FALSE,TRUE,FALSE,FALSE,FALSE,FALSE,FALSE,FALSE,FALSE,FALSE,FALSE,FALSE,FALSE,0.006336699,23781.82911,FALSE,FALSE,0.006284348,TRUE,FALSE
222857,1,1.24E+18,186.735,12.96139,2151,16.7,1.3,0.09033865,0.04644112,0.5201296,222857,VCC 956,186.731674,12.957778,186.735001,12.961389,2151,102,8,1,0.005026729,222857,58.65910434,7.0901403,0.12230362,7.257757334,0.071715645,-2.7236996,0.22883126,8,0.08,-9.81384,0.160239005,FALSE,0.160239005,1.45E+08,FALSE,FALSE,FALSE,FALSE,TRUE,FALSE,FALSE,FALSE,FALSE,FALSE,FALSE,FALSE,FALSE,FALSE,0.002695909,131389.5917,FALSE,FALSE,0.007174964,TRUE,FALSE
223245,1,1.24E+18,192.93459,26.11056,1248,9.2,4.2,0.0331405,0.0170368,0.4629391,223245,KK167,192.93251,26.105278,192.934586,26.110556,1248,37,7.68,1,0.019353449,223245,62.42312725,6.83777,0.41174418,7.443688803,0.396582664,-3.1764572,0.45506012,7.68,0.4,-10.014227,-0.217820532,FALSE,0.217820532,7.05E+07,FALSE,FALSE,FALSE,TRUE,FALSE,FALSE,FALSE,FALSE,FALSE,FALSE,FALSE,FALSE,FALSE,FALSE,0.00602216,26330.96725,FALSE,FALSE,0.00416288,TRUE,FALSE
223248,1,1.24E+18,193.86084,32.98528,898,13.9,2.2,0.03975409,0.02043671,0.9737884,223248,KK171,193.862915,32.987778,193.86084,32.985279,898,25,7.71,1,0.0036,223248,13.14734272,7.377027,0.13936128,7.766115222,0.137656943,-2.6895566,0.2125816,7.71,0.14,-10.066584,0.173766906,FALSE,0.173766906,9.20E+07,FALSE,FALSE,FALSE,TRUE,FALSE,FALSE,FALSE,FALSE,FALSE,FALSE,FALSE,FALSE,FALSE,FALSE,8.06E-04,1469789.206,FALSE,FALSE,0.002995406,TRUE,FALSE
223249,1,1.24E+18,194.64917,17.81306,1015,16.5,2.3,0.1416,0.07279345,0.8320136,223249,KK173,194.655411,17.819723,194.64917,17.813055,1015,81,8.42,1,0.018,223249,33.69388601,7.139332,0.12968987,7.263608503,0.123216116,-2.5165374,0.31153977,8.42,0.13,-9.6558695,0.147937661,FALSE,0.147937661,3.64E+08,FALSE,FALSE,FALSE,FALSE,TRUE,FALSE,FALSE,FALSE,FALSE,FALSE,FALSE,FALSE,FALSE,FALSE,0.004555309,46018.83645,FALSE,FALSE,0.003385676,TRUE,FALSE
223374,1,1.24E+18,184.3725,14.88611,-323,16.7,1.2,0.1170532,0.06017447,0.6093516,223374,VCC 237,184.374588,14.890278,184.372498,14.886111,-323,36,7.45,1,0.007834457,223374,52.45741013,6.5628386,0.096958645,7.342445139,0.065318273,-2.7109966,0.223171,7.45,0.09,-9.273835,-0.122767093,FALSE,0.122767093,4.11E+07,FALSE,FALSE,FALSE,FALSE,FALSE,TRUE,FALSE,FALSE,FALSE,FALSE,FALSE,FALSE,FALSE,FALSE,-6.31E-04,2398777.028,FALSE,FALSE,-0.001077412,TRUE,FALSE
223390,1,1.24E+18,184.53209,5.92972,1843,24.2,1.7,0.05930118,0.03048543,0.6331117,223390,VCC 274,184.530823,5.926944,184.532089,5.929722,1843,27,7.52,2,0.008041249,223390,50.71996977,7.464549,0.09137574,7.905695937,0.062259578,-2.6392589,0.37255415,7.52,0.1,-10.103807,-0.299803282,FALSE,0.299803282,7.32E+07,FALSE,FALSE,FALSE,TRUE,FALSE,FALSE,FALSE,FALSE,FALSE,FALSE,FALSE,FALSE,FALSE,FALSE,0.003695117,69938.29444,TRUE,FALSE,0.006147586,TRUE,FALSE
223445,1,1.24E+18,185.12791,13.51917,2098,16.7,1.3,0.1317632,0.0677366,0.817499,223445,VCC 421,185.146667,13.523055,185.127914,13.519166,2098,111,7.55,2,0.020084522,223445,35.16481763,7.450041,0.078075446,7.642372659,0.068617453,-3.169117,0.48466623,7.55,0.09,-10.619158,0.439356519,TRUE,0.439356519,7.54E+07,FALSE,FALSE,TRUE,FALSE,FALSE,FALSE,FALSE,FALSE,FALSE,TRUE,FALSE,FALSE,FALSE,FALSE,0.010506216,8651.247967,TRUE,TRUE,0.006998175,FALSE,TRUE
223449,1,1.24E+18,185.1825,14.63083,587,16.7,1.3,0.1190779,0.06121533,0.7333086,223449,VCC 429,185.15625,14.602222,185.182495,14.630834,587,29,7.31,1,0.022598412,223449,42.8355486,7.3780503,0.08348647,7.668365244,0.068039688,-4.316826,1.3347474,7.31,0.1,-11.694876,-0.173301087,FALSE,0.173301087,5.10E+07,TRUE,FALSE,FALSE,FALSE,FALSE,FALSE,FALSE,FALSE,FALSE,FALSE,FALSE,FALSE,FALSE,FALSE,0.003307466,87293.25374,FALSE,FALSE,0.001958021,TRUE,FALSE
223691,1,1.24E+18,187.11333,6.94583,879,22.9,1.7,0.06010725,0.03089982,0.3612646,223691,VCC1102,187.114578,6.945,187.113327,6.945833,879,27,7.51,2,0.015217563,223691,68.82217837,7.4063745,0.15768252,7.687351954,0.065630115,-2.5721693,0.24520743,7.51,0.09,-9.978544,-0.37352291,TRUE,0.37352291,6.85E+07,FALSE,FALSE,FALSE,FALSE,TRUE,FALSE,FALSE,FALSE,FALSE,FALSE,FALSE,TRUE,FALSE,FALSE,0.003335134,85850.88203,TRUE,FALSE,0.002932028,FALSE,TRUE
223724,1,1.24E+18,187.39001,13.19611,1215,16.7,1.1,0.08066487,0.04146804,0.6169094,223724,VCC1202,187.377502,13.195,187.390015,13.196111,1215,286,8.2,1,0.017890642,223724,51.90925177,6.7318683,0.09683691,6.810459665,0.072634547,-2.6051984,0.15817147,8.2,0.08,-9.337067,0.600378974,TRUE,0.600378974,2.16E+08,FALSE,FALSE,FALSE,FALSE,FALSE,TRUE,FALSE,FALSE,FALSE,FALSE,FALSE,FALSE,TRUE,FALSE,0.005419778,32509.35266,TRUE,TRUE,0.004052804,FALSE,TRUE
224137,1,1.24E+18,185.875,2.00806,1809,28.9,2.3,0.06904829,0.03549622,0.2025442,224137,FGC2272,185.880005,2.011111,185.875,2.008055,1809,114,8.2,1,0.018,224137,78.31428965,7.896339,0.23383985,8.039488882,0.070146167,-3.0441298,0.73085517,8.36,0.08,-10.940469,0.074280107,FALSE,0.074280107,2.90E+08,FALSE,FALSE,TRUE,FALSE,FALSE,FALSE,FALSE,FALSE,FALSE,FALSE,FALSE,FALSE,FALSE,FALSE,0.008118773,14487.40444,FALSE,FALSE,0.006034174,TRUE,FALSE
224216,1,1.24E+18,185.37167,28.36889,2583,39.8,2.3,0.06791637,0.03491432,0.621057,224216,Wa53,185.36792,28.372223,185.371674,28.368889,2583,104,8.34,1,0.01317215,224216,51.60668023,7.738032,0.086162925,8.498333211,0.050448568,-0.8639171,0.05278295,8.34,0.07,-8.601949,0.11189182,FALSE,0.11189182,3.46E+08,FALSE,FALSE,FALSE,FALSE,FALSE,FALSE,TRUE,FALSE,FALSE,FALSE,FALSE,FALSE,FALSE,FALSE,0.008483214,13269.37845,FALSE,FALSE,0.008615961,TRUE,FALSE
224225,1,1.24E+18,192.485,2.51,752,16.8,4.3,0.09147879,0.04702724,0.3927267,224225,,192.48999,2.515278,192.485001,2.51,752,42,7.85,1,0.003596546,224225,66.8757871,7.0542436,0.25867498,7.391869041,0.222738649,-3.0704002,0.40929317,7.85,0.23,-10.124643,-0.222463112,FALSE,0.222463112,1.05E+08,FALSE,FALSE,FALSE,TRUE,FALSE,FALSE,FALSE,FALSE,FALSE,FALSE,FALSE,FALSE,FALSE,FALSE,6.74E-04,2099934.789,FALSE,FALSE,0.002508402,TRUE,FALSE
224229,1,1.24E+18,193.4175,4.07556,899,16.6,4.3,0.0992352,0.05101464,0.7198525,224229,,193.412079,4.073333,193.417496,4.075555,899,33,7.48,1,0.023028517,224229,43.95773322,7.430351,0.23078692,7.588534525,0.225195335,-2.8400536,0.33003035,7.48,0.23,-10.270405,-0.155897135,FALSE,0.155897135,6.71E+07,FALSE,FALSE,FALSE,TRUE,FALSE,FALSE,FALSE,FALSE,FALSE,FALSE,FALSE,FALSE,FALSE,FALSE,0.005161845,35839.4555,FALSE,FALSE,0.002998741,TRUE,FALSE
224230,1,1.24E+18,193.43042,4.15389,768,16.6,4.3,0.1077833,0.05540902,0.777851,224230,,193.429581,4.149722,193.43042,4.153889,768,42,7.64,1,0.0036,224230,38.93579896,7.079045,0.228871,7.441943338,0.225225131,-3.0086083,0.37025037,7.64,0.23,-10.087653,-0.012664469,FALSE,0.012664469,7.01E+07,FALSE,FALSE,FALSE,TRUE,FALSE,FALSE,FALSE,FALSE,FALSE,FALSE,FALSE,FALSE,FALSE,FALSE,6.89E-04,2009487.397,FALSE,FALSE,0.002561772,TRUE,FALSE
224234,1,1.24E+18,180.23375,10.49861,2656,40.5,2.4,0.07915056,0.04068957,0.8057704,224234,,180.23584,10.494445,180.233749,10.498611,2656,83,8.78,1,0.005048734,224234,36.31530794,8.486027,0.063785106,8.654756715,0.051793543,-1.8240664,0.16783856,8.78,0.07,-10.310093,0.009204029,FALSE,0.009204029,1.11E+09,FALSE,FALSE,FALSE,TRUE,FALSE,FALSE,FALSE,FALSE,FALSE,FALSE,FALSE,FALSE,FALSE,FALSE,0.003343412,85426.30211,FALSE,FALSE,0.008859462,TRUE,FALSE
224235,1,1.24E+18,180.81291,10.10778,2547,39,2.3,0.07873205,0.04047442,0.2183098,224235,,180.811264,10.101945,180.812912,10.107779,2547,106,8.45,1,0.007950051,224235,77.39028658,8.285104,0.21899451,8.518547233,0.05155272,-2.2129083,0.30745766,8.45,0.08,-10.498013,-0.028896717,FALSE,0.028896717,5.68E+08,FALSE,FALSE,FALSE,TRUE,FALSE,FALSE,FALSE,FALSE,FALSE,FALSE,FALSE,FALSE,FALSE,FALSE,0.005048684,37464.07456,FALSE,FALSE,0.008495878,TRUE,FALSE
224237,1,1.24E+18,181.19626,10.62639,2572,39.3,2.3,0.08786695,0.04517047,0.3683167,224237,,181.191666,10.626111,181.196259,10.626389,2572,94,8.43,1,0.005047702,224237,68.38821655,7.8911066,0.14980632,8.342302119,0.051446449,-1.5895854,0.100870915,8.43,0.08,-9.480692,-0.031323745,FALSE,0.031323745,4.36E+08,FALSE,FALSE,FALSE,FALSE,FALSE,TRUE,FALSE,FALSE,FALSE,FALSE,FALSE,FALSE,FALSE,FALSE,0.00323701,91134.61947,FALSE,FALSE,0.008579269,TRUE,FALSE
224239,1,1.24E+18,182.08333,2.50528,2004,31.3,2.2,0.06748693,0.03469355,0.3853113,224239,,182.088745,2.510556,182.083328,2.505278,2004,76,8.28,1,0.010177473,224239,67.33698937,7.8144417,0.14779091,8.11369749,0.061523769,-2.493228,0.30862254,8.28,0.08,-10.30767,-0.08640548,FALSE,0.08640548,3.19E+08,FALSE,FALSE,FALSE,TRUE,FALSE,FALSE,FALSE,FALSE,FALSE,FALSE,FALSE,FALSE,FALSE,FALSE,0.005085305,36926.43455,FALSE,FALSE,0.006684624,TRUE,FALSE
224245,1,1.24E+18,183.61751,5.90861,1921,24.3,4.3,0.06252673,0.03214363,0.438159,224245,,183.611252,5.916945,183.617508,5.908611,1921,110,8.13,1,0.00801565,224245,64.0135771,7.835216,0.19319896,8.096728162,0.153854279,-2.6216247,0.33066434,8.12,0.16,-10.4568405,0.112853355,FALSE,0.112853355,2.48E+08,FALSE,FALSE,FALSE,TRUE,FALSE,FALSE,FALSE,FALSE,FALSE,FALSE,FALSE,FALSE,FALSE,FALSE,0.003839242,64785.90164,FALSE,FALSE,0.006407766,TRUE,FALSE
224248,1,1.24E+18,183.72292,9.66972,1693,28,2.3,0.050529,0.02597585,0.3284127,224248,,183.732498,9.6675,183.722916,9.669723,1693,31,7.8,1,0.01783675,224248,70.82759869,7.515749,0.1720344,7.577377148,0.07422446,-2.7928371,0.4341036,7.8,0.11,-10.308586,-0.376918643,TRUE,0.376918643,1.17E+08,FALSE,FALSE,FALSE,TRUE,FALSE,FALSE,FALSE,FALSE,FALSE,FALSE,TRUE,FALSE,FALSE,FALSE,0.007529255,16844.85828,TRUE,FALSE,0.00564724,FALSE,TRUE
224249,1,1.24E+18,183.86417,10.51222,1990,31.6,2.4,0.08718095,0.04481782,0.7438465,224249,,183.867508,10.520555,183.864166,10.512222,1990,59,7.73,1,0.015883884,224249,41.93991796,7.439608,0.08141841,7.771249795,0.06757168,-1.9922976,0.17487004,8.29,0.09,-9.431906,0.070714329,FALSE,0.070714329,9.89E+07,FALSE,FALSE,FALSE,FALSE,FALSE,TRUE,FALSE,FALSE,FALSE,FALSE,FALSE,FALSE,FALSE,FALSE,0.007881141,15374.2225,FALSE,FALSE,0.006637925,TRUE,FALSE
224258,1,1.24E+18,184.54834,4.64444,2073,24.2,4.3,0.06813521,0.03502682,0.596204,224258,,184.546249,4.636944,184.54834,4.644444,2073,37,7.73,2,0.0144,224258,53.4015349,7.9573126,0.17178294,8.107080672,0.154505096,-3.6137133,1.0565273,7.73,0.16,-11.571026,-0.265132416,FALSE,0.265132416,1.62E+08,TRUE,FALSE,FALSE,FALSE,FALSE,FALSE,FALSE,FALSE,FALSE,FALSE,FALSE,FALSE,FALSE,FALSE,0.007442882,17238.08985,TRUE,FALSE,0.006914784,TRUE,FALSE
224273,1,1.24E+18,185.20374,5.98167,1772,16.6,4.3,0.06783009,0.03486996,0.3961454,224273,,185.207077,5.983334,185.203735,5.981667,1772,46,7.32,2,0.020907449,224273,66.66262742,7.379088,0.26024896,7.614154032,0.225106264,-3.116377,0.4232379,7.32,0.24,-10.495465,-0.104887673,FALSE,0.104887673,5.17E+07,FALSE,FALSE,FALSE,TRUE,FALSE,FALSE,FALSE,FALSE,FALSE,FALSE,FALSE,FALSE,FALSE,FALSE,0.00923728,11191.36863,FALSE,FALSE,0.005910756,TRUE,FALSE
224277,1,1.24E+18,186.58043,1.01972,1547,25.8,2.2,0.07942672,0.04083154,0.4907932,224277,,186.577499,1.016944,186.580429,1.019722,1547,24,7.93,1,0.00804959,224277,60.60732154,7.8368835,0.12571868,8.166376639,0.074597181,-2.6898968,0.6617958,7.93,0.1,-10.52678,-0.501184101,TRUE,0.501184101,1.82E+08,FALSE,FALSE,TRUE,FALSE,FALSE,FALSE,FALSE,FALSE,FALSE,TRUE,FALSE,FALSE,FALSE,FALSE,0.00310487,99056.86522,TRUE,TRUE,0.005160237,FALSE,TRUE
224281,1,1.24E+18,187.67499,5.87861,2332,35.8,2.3,0.05751308,0.02956622,0.7331929,224281,,187.684998,5.869722,187.674988,5.878611,2332,52,7.57,1,0.008015996,224281,42.84529792,7.780758,0.07409073,8.161623342,0.056330059,-1.8131007,0.14310564,8.24,0.08,-9.593859,-0.00293256,FALSE,0.00293256,1.10E+08,FALSE,FALSE,FALSE,FALSE,TRUE,FALSE,FALSE,FALSE,FALSE,FALSE,FALSE,FALSE,FALSE,FALSE,0.004660853,43958.27611,FALSE,FALSE,0.007778715,TRUE,FALSE
224293,1,1.24E+18,190.61916,1.0975,966,16.9,2.3,0.0482174,0.02478751,0.6073029,224293,,190.615417,1.094722,190.619156,1.0975,966,55,7.64,1,0.014397358,224293,52.6053049,7.2136765,0.13891333,7.50860836,0.11858241,-2.8233826,0.25148228,7.64,0.13,-10.037059,-0.003914083,FALSE,0.003914083,7.44E+07,FALSE,FALSE,FALSE,TRUE,FALSE,FALSE,FALSE,FALSE,FALSE,FALSE,FALSE,FALSE,FALSE,FALSE,0.003467682,79413.23134,FALSE,FALSE,0.003222229,TRUE,FALSE
224304,1,1.24E+18,192.35709,4.3925,2642,39.9,2.2,0.1077188,0.05537587,0.7086748,224304,,192.356247,4.387222,192.357086,4.3925,2642,105,9.21,1,0.014357704,224304,44.87284245,8.468029,0.07188056,8.544258281,0.048796403,-2.0272186,0.26889288,9.2,0.06,-10.495248,-0.050943552,FALSE,0.050943552,2.45E+09,FALSE,FALSE,FALSE,TRUE,FALSE,FALSE,FALSE,FALSE,FALSE,FALSE,FALSE,FALSE,FALSE,FALSE,0.009457953,10675.2268,FALSE,FALSE,0.008812763,TRUE,FALSE
224312,1,1.24E+18,181.8775,18.68389,798,9.1,2.3,0.07455159,0.03832534,0.745379,224312,F572-4,181.876678,18.678055,181.877502,18.683887,798,39,7.17,1,0.012773413,224312,41.80837282,6.5688076,0.22542772,6.905023417,0.219947712,-3.2415302,0.28332466,7.17,0.23,-9.810338,0.048686494,FALSE,0.048686494,2.34E+07,FALSE,FALSE,FALSE,FALSE,TRUE,FALSE,FALSE,FALSE,FALSE,FALSE,FALSE,FALSE,FALSE,FALSE,0.002541494,147840.3687,FALSE,FALSE,0.002661841,TRUE,FALSE
224316,1,1.24E+18,184.51791,14.75306,1763,29,2.3,0.114004,0.05860698,0.7731022,224316,nrMinch,184.52124,14.754444,184.517914,14.753056,1763,47,7.98,1,0.0200318,224316,39.36674634,7.7447987,0.08374384,8.139808986,0.069262167,-2.1060174,0.15474786,7.98,0.09,-9.850816,-0.071834179,FALSE,0.071834179,1.83E+08,FALSE,FALSE,FALSE,FALSE,TRUE,FALSE,FALSE,FALSE,FALSE,FALSE,FALSE,FALSE,FALSE,FALSE,0.008805451,12315.95668,FALSE,FALSE,0.005880735,TRUE,FALSE
224385,1,1.24E+18,184.2079,13.50389,-86,16.7,1.2,0.108347,0.05569882,0.6764102,224385,,184.190002,13.5025,184.207901,13.503889,-86,49,7.47,2,0.005021287,224385,47.43628376,7.056881,0.086781606,7.067219309,0.067011995,-2.4672413,0.11946585,7.47,0.09,-9.524122,0.020575228,FALSE,0.020575228,5.07E+07,FALSE,FALSE,FALSE,FALSE,TRUE,FALSE,FALSE,FALSE,FALSE,FALSE,FALSE,FALSE,FALSE,FALSE,-1.08E-04,8.24E+07,FALSE,FALSE,-2.87E-04,TRUE,FALSE
224487,1,1.24E+18,183.55042,12.78278,613,24.7,4.1,0.1026245,0.05275701,0.4725887,224487,,183.548752,12.789167,183.550415,12.782778,613,90,7.99,1,0.018973111,224487,61.79758591,7.6092043,0.17939602,7.880796301,0.144467527,-2.723146,0.3636525,7.99,0.16,-10.33235,0.074821942,FALSE,0.074821942,1.71E+08,FALSE,FALSE,FALSE,TRUE,FALSE,FALSE,FALSE,FALSE,FALSE,FALSE,FALSE,FALSE,FALSE,FALSE,0.002899869,113557.2023,FALSE,FALSE,0.002044748,TRUE,FALSE
224489,1,1.24E+18,184.3671,12.93222,2056,32.6,2.3,0.1235454,0.06351198,0.3629413,224489,,184.362915,12.930278,184.367096,12.932222,2056,66,8.19,1,0.015773847,224489,68.71911646,7.73579,0.1554519,8.100560739,0.061934476,-2.4068637,0.29811862,8.19,0.08,-10.142653,-0.129988912,FALSE,0.129988912,2.60E+08,FALSE,FALSE,FALSE,TRUE,FALSE,FALSE,FALSE,FALSE,FALSE,FALSE,FALSE,FALSE,FALSE,FALSE,0.008086118,14604.65357,FALSE,FALSE,0.006858078,TRUE,FALSE
224507,1,1.24E+18,183.17792,12.76278,1740,35,4.4,0.09856889,0.05067211,0.2320128,224507,I3041,183.175842,12.748334,183.177917,12.762777,1740,115,8.03,2,0.015086006,224507,76.58446197,8.271844,0.23184042,8.454043244,0.109314803,-2.961775,0.7116027,8.2,0.13,-11.233619,0.066957616,FALSE,0.066957616,3.30E+08,FALSE,TRUE,FALSE,FALSE,FALSE,FALSE,FALSE,FALSE,FALSE,FALSE,FALSE,FALSE,FALSE,FALSE,0.006544898,22292.8544,FALSE,FALSE,0.005804015,TRUE,FALSE
224512,1,1.24E+18,180.34291,2.18556,978,10.7,2.4,0.08038925,0.04132636,0.7689499,224512,,180.346649,2.186389,180.342911,2.185556,978,30,7.46,1,0.014842545,224512,39.74034935,5.840443,0.20022056,7.060751065,0.195044675,-2.0743937,0.1958284,7.46,0.2,-7.914837,-0.10278279,FALSE,0.10278279,3.91E+07,FALSE,FALSE,FALSE,FALSE,FALSE,FALSE,TRUE,FALSE,FALSE,FALSE,FALSE,FALSE,FALSE,FALSE,0.003619316,72898.44596,FALSE,FALSE,0.003262257,TRUE,FALSE
224515,1,1.24E+18,188.19417,1.56889,1526,25.7,2.3,0.05983587,0.03076031,0.5172992,224515,,188.200836,1.569722,188.194168,1.568889,1526,45,8.31,1,0.008047431,224515,58.84878879,7.2912774,0.12346952,7.853372889,0.078726457,-4.703534,2.1156962,8.31,0.09,-11.994812,-0.271462875,FALSE,0.271462875,2.91E+08,TRUE,FALSE,FALSE,FALSE,FALSE,FALSE,FALSE,FALSE,FALSE,FALSE,FALSE,FALSE,FALSE,FALSE,0.003061901,101856.5912,TRUE,FALSE,0.005090188,TRUE,FALSE
224517,1,1.24E+18,192.09625,5.13778,2518,38.3,2.3,0.08434279,0.04335878,0.3931757,224517,,192.095001,5.139722,192.096252,5.137778,2518,105,8.54,1,0.010161903,224517,66.84781085,7.7951365,0.14540952,8.127469956,0.054208353,-1.9254873,0.18250397,8.54,0.07,-9.720624,0.001627203,FALSE,0.001627203,5.24E+08,FALSE,FALSE,FALSE,FALSE,TRUE,FALSE,FALSE,FALSE,FALSE,FALSE,FALSE,FALSE,FALSE,FALSE,0.006379845,23461.25213,FALSE,FALSE,0.008399144,TRUE,FALSE
224602,1,1.24E+18,182.51375,11.71361,2557,39.2,2.3,0.08801039,0.04524421,0.4932806,224602,,182.509171,11.711666,182.513748,11.713611,2557,41,8.08,1,0.007916016,224602,60.44361612,8.116759,0.11314611,8.388206218,0.051645547,-2.0138772,0.2116225,8.18,0.08,-10.130636,-0.318836849,TRUE,0.318836849,2.91E+08,FALSE,FALSE,FALSE,TRUE,FALSE,FALSE,FALSE,FALSE,FALSE,FALSE,TRUE,FALSE,FALSE,FALSE,0.005046807,37491.94279,TRUE,FALSE,0.008529234,FALSE,TRUE
224696,1,1.24E+18,182.65834,13.02194,2394,35,4.4,0.1288598,0.06624398,0.3750594,224696,,182.65918,13.022778,182.65834,13.021944,2394,34,8.26,1,0.0144,224696,67.97207325,7.2781315,0.17650677,8.04322171,0.110156647,-1.6296929,0.13626921,8.21,0.12,-8.9078245,-0.416045952,TRUE,0.416045952,2.61E+08,FALSE,FALSE,FALSE,FALSE,FALSE,FALSE,TRUE,FALSE,FALSE,FALSE,FALSE,FALSE,FALSE,TRUE,0.008595397,12925.26488,TRUE,TRUE,0.007985524,FALSE,TRUE
224902,1,1.24E+18,193.69292,15.59167,2651,40.6,2.2,0.06840258,0.03516427,0.6326751,224902,,193.703323,15.589444,193.692917,15.591666,2651,129,8.48,1,0.017764392,224902,50.75227938,8.133379,0.08237017,8.516423272,0.047228533,-1.891503,0.14946389,8.48,0.07,-10.024882,0.162711709,FALSE,0.162711709,5.38E+08,FALSE,FALSE,FALSE,TRUE,FALSE,FALSE,FALSE,FALSE,FALSE,FALSE,FALSE,FALSE,FALSE,FALSE,0.011741928,6926.160909,FALSE,FALSE,0.008842784,TRUE,FALSE
224978,1,1.24E+18,180.43791,8.68306,2192,34.1,2.1,0.06528717,0.0335627,0.676129,224978,,180.421249,8.702222,180.437912,8.683056,2192,68,8.3,1,0.016062954,224978,47.45815507,8.426621,0.07961546,8.674515888,0.053572116,-1.6208986,0.08945898,8.3,0.08,-10.04752,-0.092685543,FALSE,0.092685543,5.32E+08,FALSE,FALSE,FALSE,TRUE,FALSE,FALSE,FALSE,FALSE,FALSE,FALSE,FALSE,FALSE,FALSE,FALSE,0.008779005,12390.27077,FALSE,FALSE,0.007311725,TRUE,FALSE
225058,1,1.24E+18,184.57501,7.12806,2701,40.9,2.4,0.06969351,0.03582791,0.569056,225058,,184.575836,7.135278,184.575012,7.128056,2701,59,7.54,1,0.016074881,225058,55.31562276,8.26242,0.09624335,8.580834789,0.051115518,-1.836885,0.14504884,8.33,0.08,-10.099304,-0.11047271,FALSE,0.11047271,2.29E+08,FALSE,FALSE,FALSE,TRUE,FALSE,FALSE,FALSE,FALSE,FALSE,FALSE,FALSE,FALSE,FALSE,FALSE,0.010825593,8148.319073,FALSE,FALSE,0.009009566,TRUE,FALSE
225513,1,1.24E+18,187.06624,2.70083,2224,34.2,2.5,0.05824903,0.02994455,0.5850012,225513,,187.065826,2.7075,187.066238,2.700833,2224,121,8.41,1,0.01297555,225513,54.19697099,8.732641,0.10053005,8.931104448,0.063510373,-2.1932395,0.24276048,8.7,0.08,-10.92588,0.06107155,FALSE,0.06107155,8.82E+08,FALSE,FALSE,TRUE,FALSE,FALSE,FALSE,FALSE,FALSE,FALSE,FALSE,FALSE,FALSE,FALSE,FALSE,0.007195151,18445.55009,FALSE,FALSE,0.007418465,TRUE,FALSE
225756,1,1.24E+18,186.12874,0.07111,2057,31.8,2.3,0.09245872,0.047531,0.8500165,225756,KDG118,186.128738,0.07,186.128738,0.071111,2057,68,8.66,1,0.00804984,225756,31.78656279,7.58232,0.07222203,7.894178295,0.067633274,-2.5748484,0.4724839,8.66,0.08,-10.157168,0.032028592,FALSE,0.032028592,6.46E+08,FALSE,FALSE,FALSE,TRUE,FALSE,FALSE,FALSE,FALSE,FALSE,FALSE,FALSE,FALSE,FALSE,FALSE,0.004128582,56023.42401,FALSE,FALSE,0.006861413,TRUE,FALSE
225850,1,1.24E+18,193.50917,9.44722,1815,16.4,2.3,0.08099423,0.04163736,0.3184921,225850,,193.506653,9.447778,193.509171,9.447223,1815,122,8.22,1,0.011368854,225850,71.42830236,7.262752,0.2021477,7.515670077,0.122210447,-3.4648232,0.6052205,8.21,0.13,-10.727575,0.13868144,FALSE,0.13868144,2.39E+08,FALSE,FALSE,TRUE,FALSE,FALSE,FALSE,FALSE,FALSE,FALSE,FALSE,FALSE,FALSE,FALSE,FALSE,0.005144849,36076.6407,FALSE,FALSE,0.006054188,TRUE,FALSE
225851,1,1.24E+18,194.92751,11.07722,2792,42.4,2.3,0.0994257,0.05111257,0.5341301,225851,,194.922928,11.075556,194.927505,11.077222,2792,52,8.62,1,0.01907563,225851,57.7151126,8.287406,0.101750754,8.599992964,0.047371472,-2.0481064,0.2239782,8.62,0.07,-10.335512,-0.305860621,TRUE,0.305860621,7.48E+08,FALSE,FALSE,FALSE,TRUE,FALSE,FALSE,FALSE,FALSE,FALSE,FALSE,TRUE,FALSE,FALSE,FALSE,0.013279253,5415.319943,TRUE,FALSE,0.00931311,FALSE,TRUE
225857,1,1.24E+18,192.74792,9.0775,1115,16.6,4.3,0.07986347,0.04105606,0.5500176,225857,,192.75,9.081111,192.747925,9.0775,1115,41,7.76,1,0.017774565,225857,56.63182742,7.2656384,0.24096836,7.651816538,0.225296502,-2.682728,0.30776182,7.76,0.23,-9.948366,-0.179664438,FALSE,0.179664438,9.50E+07,FALSE,FALSE,FALSE,FALSE,TRUE,FALSE,FALSE,FALSE,FALSE,FALSE,FALSE,FALSE,FALSE,FALSE,0.004941436,39107.94823,FALSE,FALSE,0.00371924,TRUE,FALSE
225882,1,1.24E+18,180.85957,13.45944,1304,23.6,2.3,0.08699132,0.04472033,0.6676517,225882,,180.859161,13.465555,180.859573,13.459444,1304,24,8.15,1,0.017823606,225882,48.11396106,6.5482516,0.10910833,7.442099203,0.095121739,-2.1028743,0.28484544,8.15,0.09,-8.651126,-0.438411827,TRUE,0.438411827,1.91E+08,FALSE,FALSE,FALSE,FALSE,FALSE,FALSE,TRUE,FALSE,FALSE,FALSE,FALSE,FALSE,FALSE,TRUE,0.005794987,28435.86207,TRUE,TRUE,0.004349676,FALSE,TRUE
226127,1,1.24E+18,184.50125,8.16528,2000,31.6,2.5,0.07265224,0.03734893,0.249968,226127,,184.498764,8.163889,184.501251,8.165277,2000,98,7.75,1,0.011372712,226127,75.52444519,7.4853644,0.2068337,7.780759836,0.071763948,-1.5805216,0.0922476,8.31,0.09,-9.065886,0.123273853,FALSE,0.123273853,1.05E+08,FALSE,FALSE,FALSE,FALSE,FALSE,TRUE,FALSE,FALSE,FALSE,FALSE,FALSE,FALSE,FALSE,FALSE,0.005671179,29690.98834,FALSE,FALSE,0.006671282,TRUE,FALSE
226131,1,1.24E+18,185.30501,10.62583,2606,39.8,2.4,0.1043474,0.05364269,0.5690143,226131,,185.302917,10.621944,185.305008,10.625834,2606,37,7.52,1,0.016044855,226131,55.31852826,7.251438,0.1051194,7.379560323,0.099679281,-2.3292487,0.5364418,8.28,0.08,-9.580687,-0.171022115,FALSE,0.171022115,6.19E+07,FALSE,FALSE,FALSE,FALSE,TRUE,FALSE,FALSE,FALSE,FALSE,FALSE,FALSE,FALSE,FALSE,FALSE,0.010425323,8786.022524,FALSE,FALSE,0.00869268,TRUE,FALSE
226326,1,1.24E+18,185.99249,7.45056,1229,16.6,4.3,0.07166348,0.03684062,0.3494235,226326,,185.989578,7.449167,185.992493,7.450555,1229,55,7.63,1,0.020944659,226326,69.54800088,6.5761704,0.2696518,7.014575937,0.226283752,-3.0103362,0.37604728,7.63,0.23,-9.586507,-0.053093443,FALSE,0.053093443,6.05E+07,FALSE,FALSE,FALSE,FALSE,TRUE,FALSE,FALSE,FALSE,FALSE,FALSE,FALSE,FALSE,FALSE,FALSE,0.006418071,23182.61242,FALSE,FALSE,0.004099503,TRUE,FALSE
226593,1,1.24E+18,181.73793,0.66306,1330,23.1,2.3,0.08560047,0.04400532,0.6165388,226593,,181.74292,0.658333,181.73793,0.663056,1330,29,7.85,1,0.0144,226593,51.93622635,6.6748133,0.11691087,7.803858043,0.089802089,-1.7772952,0.17163195,7.85,0.1,-8.452108,-0.308827251,TRUE,0.308827251,9.89E+07,FALSE,FALSE,FALSE,FALSE,FALSE,FALSE,TRUE,FALSE,FALSE,FALSE,FALSE,FALSE,FALSE,TRUE,0.004775221,41877.85822,TRUE,FALSE,0.004436402,FALSE,TRUE
226652,1,1.24E+18,185.1075,33.24222,1050,18.9,2.1,0.04963442,0.02551597,0.6547383,226652,,185.104584,33.238613,185.107498,33.242222,1050,29,7.6,1,0.009386268,226652,49.10023202,6.819734,0.11569428,7.453925978,0.097322797,-2.5296519,0.16892478,7.6,0.12,-9.349386,-0.236050865,FALSE,0.236050865,5.96E+07,FALSE,FALSE,FALSE,FALSE,FALSE,TRUE,FALSE,FALSE,FALSE,FALSE,FALSE,FALSE,FALSE,FALSE,0.002457319,158142.3652,FALSE,FALSE,0.003502423,TRUE,FALSE
226684,1,1.24E+18,187.9025,36.0075,1723,28.3,2.3,0.04018535,0.02065841,0.7416572,226684,,187.90625,36.013889,187.902496,36.0075,1723,74,8.13,1,0.011648737,226684,42.12726002,8.294487,0.08497347,8.499436081,0.070645536,-1.9123276,0.11040275,8.13,0.09,-10.206815,0.022446089,FALSE,0.022446089,3.76E+08,FALSE,FALSE,FALSE,TRUE,FALSE,FALSE,FALSE,FALSE,FALSE,FALSE,FALSE,FALSE,FALSE,FALSE,0.005004301,38131.553,FALSE,FALSE,0.005747309,TRUE,FALSE
226688,1,1.24E+18,188.31332,35.73389,819,12.2,2.3,0.03342827,0.01718474,0.7123158,226688,,188.317505,35.730835,188.313324,35.733891,819,35,7.5,1,0.012230839,226688,44.57638874,7.025396,0.17198032,7.171237137,0.164144357,-2.9085083,0.21950853,7.5,0.17,-9.933905,-0.108840611,FALSE,0.108840611,5.27E+07,FALSE,FALSE,FALSE,FALSE,TRUE,FALSE,FALSE,FALSE,FALSE,FALSE,FALSE,FALSE,FALSE,FALSE,0.00249758,153084.9251,FALSE,FALSE,0.00273189,TRUE,FALSE
226695,1,1.24E+18,189.23416,0.69083,2543,38.3,2.2,0.07008623,0.03602979,0.4076918,226695,,189.237503,0.695,189.234161,0.690833,2543,73,8.1,1,0.011384117,226695,65.94013617,7.813289,0.13672125,8.015605484,0.053749498,-2.0024698,0.1991785,8.5,0.07,-9.815759,-0.065095,FALSE,0.065095,2.32E+08,FALSE,FALSE,FALSE,FALSE,TRUE,FALSE,FALSE,FALSE,FALSE,FALSE,FALSE,FALSE,FALSE,FALSE,0.007218136,18328.26295,FALSE,FALSE,0.008482535,TRUE,FALSE
226699,1,1.24E+18,190.14667,0.77028,1572,24.1,4.3,0.05639497,0.02899142,0.4281868,226699,,190.146667,0.771111,190.146667,0.770278,1572,34,7.81,2,0.012979173,226699,64.64750977,6.7802773,0.19771448,7.687593523,0.155768382,-2.2962866,0.21771555,7.74,0.17,-9.076564,-0.291658758,FALSE,0.291658758,9.19E+07,FALSE,FALSE,FALSE,FALSE,FALSE,TRUE,FALSE,FALSE,FALSE,FALSE,FALSE,FALSE,FALSE,FALSE,0.005087201,36898.91555,TRUE,FALSE,0.005243628,TRUE,FALSE
227861,1,1.24E+18,187.49792,8.43167,609,16.6,4.3,0.0684287,0.0351777,0.8182095,227861,,187.49292,8.434444,187.497925,8.431667,609,53,7.5,1,0.020824839,227861,35.09407223,7.8763576,0.22785103,8.102195719,0.225007765,-3.1005366,0.3859916,7.5,0.23,-10.976894,0.071072528,FALSE,0.071072528,1.17E+08,FALSE,FALSE,TRUE,FALSE,FALSE,FALSE,FALSE,FALSE,FALSE,FALSE,FALSE,FALSE,FALSE,FALSE,0.003162119,95502.52149,FALSE,FALSE,0.002031405,TRUE,FALSE
227894,1,1.24E+18,184.83376,6.40889,1969,16.6,4.3,0.06633555,0.03410165,0.1999828,227894,HITripp,184.828339,6.402778,184.833755,6.408889,1969,44,8.02,1,0.018246179,227894,78.46411305,7.239922,0.31835163,7.66060026,0.22504688,-2.5450988,0.2495952,8.02,0.23,-9.785021,-0.272699831,FALSE,0.272699831,1.57E+08,FALSE,FALSE,FALSE,FALSE,TRUE,FALSE,FALSE,FALSE,FALSE,FALSE,FALSE,FALSE,FALSE,FALSE,0.00895771,11900.835,TRUE,FALSE,0.006567877,TRUE,FALSE
227954,1,1.24E+18,185.16708,5.105,1691,16.6,4.3,0.05839799,0.03002113,0.4607969,227954,,185.168732,5.1025,185.167084,5.105,1691,74,7.66,1,0.014342879,227954,62.56151088,7.828527,0.2506378,7.931717661,0.225044792,-2.511334,0.26757184,7.66,0.23,-10.339861,0.017824756,FALSE,0.017824756,1.28E+08,FALSE,FALSE,FALSE,TRUE,FALSE,FALSE,FALSE,FALSE,FALSE,FALSE,FALSE,FALSE,FALSE,FALSE,0.006047269,26112.76401,FALSE,FALSE,0.005640569,TRUE,FALSE
227970,1,1.24E+18,191.50583,4.38111,642,16.6,4.3,0.08104828,0.04166514,0.396466,227970,,191.507492,4.379167,191.505829,4.381111,642,42,8.06,1,0.005083736,227970,66.64262015,6.82661,0.26102912,7.339660623,0.226859953,-2.863163,0.43193218,8.06,0.23,-9.689774,-0.266535084,FALSE,0.266535084,1.59E+08,FALSE,FALSE,FALSE,FALSE,TRUE,FALSE,FALSE,FALSE,FALSE,FALSE,FALSE,FALSE,FALSE,FALSE,8.14E-04,1442037.962,TRUE,FALSE,0.002141481,TRUE,FALSE
227991,1,1.24E+18,186.815,4.1275,2335,16.6,4.3,0.05808481,0.02986013,0.6276955,227991,,186.816238,4.116111,186.815002,4.1275,2335,54,7.45,1,0.007181326,227991,51.11973856,6.759397,0.23735535,6.817380503,0.232611071,-1.9995538,0.24046415,7.44,0.23,-8.758951,0.055921992,FALSE,0.055921992,4.32E+07,FALSE,FALSE,FALSE,FALSE,FALSE,FALSE,TRUE,FALSE,FALSE,FALSE,FALSE,FALSE,FALSE,FALSE,0.00418091,54629.808,FALSE,FALSE,0.007788722,TRUE,FALSE
229090,1,1.24E+18,189.20709,33.61333,530,7.1,2.3,0.05215608,0.0268123,0.5429285,229090,,189.20459,33.614445,189.207092,33.613331,530,36,7.13,1,0.006993803,229090,57.11683031,5.445512,0.2958846,6.194381341,0.281927197,-3.3054814,0.29518804,7.13,0.29,-8.750994,-0.059287963,FALSE,0.059287963,1.82E+07,FALSE,FALSE,FALSE,FALSE,FALSE,FALSE,TRUE,FALSE,FALSE,FALSE,FALSE,FALSE,FALSE,FALSE,9.24E-04,1117980.424,FALSE,FALSE,0.00176789,TRUE,FALSE
229180,1,1.24E+18,189.36043,1.66167,1411,24.5,2.3,0.07731252,0.03974468,0.8650982,229180,,189.35376,1.676111,189.360428,1.661667,1411,63,7.94,1,0.012978305,229180,30.10610513,6.4361844,0.09440598,,,-2.7308,0.2893808,7.94,0.1,-9.166985,0.204201174,FALSE,0.204201174,1.19E+08,FALSE,FALSE,FALSE,FALSE,FALSE,TRUE,FALSE,FALSE,FALSE,FALSE,FALSE,FALSE,FALSE,FALSE,0.004565878,45806.04005,FALSE,FALSE,0.004706589,TRUE,FALSE
229205,1,1.24E+18,194.19376,3.66583,2799,42,2.3,0.1001735,0.05149702,0.8552561,229205,,194.192505,3.669445,194.193756,3.665833,2799,45,8.38,1,0.017976438,229205,31.21198723,7.611817,0.06923252,7.855839879,0.05784345,-2.2714217,0.3567969,8.37,0.07,-9.883239,-0.076638703,FALSE,0.076638703,3.60E+08,FALSE,FALSE,FALSE,FALSE,TRUE,FALSE,FALSE,FALSE,FALSE,FALSE,FALSE,FALSE,FALSE,FALSE,0.012545439,6067.358392,FALSE,FALSE,0.009336459,TRUE,FALSE
229290,1,1.24E+18,186.71251,28.51306,2501,38.7,2.3,0.0642594,0.03303435,0.8952236,229290,,186.71875,28.52,186.712509,28.513056,2501,33,8.22,1,0.014743364,229290,26.46285738,7.479863,0.06346101,7.711048018,0.060276523,-2.163814,0.22730502,8.22,0.07,-9.643677,-0.106617261,FALSE,0.106617261,2.51E+08,FALSE,FALSE,FALSE,FALSE,TRUE,FALSE,FALSE,FALSE,FALSE,FALSE,FALSE,FALSE,FALSE,FALSE,0.009193685,11297.75543,FALSE,FALSE,0.008342438,TRUE,FALSE
229381,1,1.24E+18,190.49292,23.02528,1785,29.5,2.3,0.1038671,0.05339579,0.3827841,229381,,190.490417,23.026112,190.49292,23.025278,1785,91,8.42,1,0.0072,229381,67.49381381,7.1038184,0.15420075,7.229623452,0.089515571,-1.9319739,0.12061617,8.41,0.08,-9.035792,-0.022676673,FALSE,0.022676673,3.63E+08,FALSE,FALSE,FALSE,FALSE,FALSE,TRUE,FALSE,FALSE,FALSE,FALSE,FALSE,FALSE,FALSE,FALSE,0.003204425,92997.50445,FALSE,FALSE,0.005954119,TRUE,FALSE
230161,1,1.24E+18,198.07417,26.68555,790,10,2.2,0.0469203,0.0241207,0.5985775,230161,160-159,198.072083,26.683054,198.074173,26.685555,790,145,7.92,1,0.020423404,230161,53.23195859,8.24863,0.20523556,8.51379839,0.191090205,-2.0124757,0.1919788,7.92,0.2,-10.261106,0.266605297,FALSE,0.266605297,2.88E+08,FALSE,FALSE,FALSE,TRUE,FALSE,FALSE,FALSE,FALSE,FALSE,FALSE,FALSE,FALSE,FALSE,FALSE,0.004022857,59006.83072,TRUE,FALSE,0.002635156,TRUE,FALSE
230206,1,1.24E+18,198.98416,17.76056,969,16.6,2.4,0.05104528,0.02624126,0.6202478,230206,101-017,198.982498,17.758888,198.984161,17.760555,969,88,7.99,1,0.018323594,230206,51.66581124,7.772268,0.14385867,8.054203775,0.125611238,-3.1751263,0.38778794,7.99,0.13,-10.947394,0.104444033,FALSE,0.104444033,1.89E+08,FALSE,FALSE,TRUE,FALSE,FALSE,FALSE,FALSE,FALSE,FALSE,FALSE,FALSE,FALSE,FALSE,FALSE,0.004427043,48724.10309,FALSE,FALSE,0.003232236,TRUE,FALSE
230579,1,1.24E+18,205.48541,30.51944,964,17.8,2.2,0.06403613,0.03291957,0.6748652,230579,UA372,205.48291,30.518055,205.485413,30.519444,964,65,7.65,1,0.01714408,230579,47.55635708,7.3389373,0.122597985,8.003476591,0.107384294,-1.3460755,0.107645564,7.65,0.12,-8.685013,0.091170977,FALSE,0.091170977,8.12E+07,FALSE,FALSE,FALSE,FALSE,FALSE,FALSE,TRUE,FALSE,FALSE,FALSE,FALSE,FALSE,FALSE,FALSE,0.004120696,56238.0549,FALSE,FALSE,0.003215558,TRUE,FALSE
230880,1,1.24E+18,209.59915,25.55,2605,45.5,9.3,0.05196887,0.02671606,0.269449,230880,132-065,209.597504,25.551111,209.599152,25.549999,2605,178,9.37,1,0.007426763,230880,74.36858104,8.814207,0.25559968,9.195213487,0.177541797,-1.1015104,0.18075733,9.37,0.18,-9.915717,-0.003578894,FALSE,0.003578894,3.77E+09,FALSE,FALSE,FALSE,FALSE,TRUE,FALSE,FALSE,FALSE,FALSE,FALSE,FALSE,FALSE,FALSE,FALSE,0.00482377,41039.12976,FALSE,FALSE,0.008689345,TRUE,FALSE
231022,1,1.24E+18,204.01083,8.18472,1245,31.1,6.3,0.1131564,0.05817125,0.2146685,231022,FGC1642,204.010834,8.183333,204.010834,8.184722,1245,108,8.66,1,0.015968634,231022,77.60398589,8.044022,0.278135,8.545217606,0.17601325,-1.9581912,0.32431525,8.65,0.18,-10.002213,-0.046740175,FALSE,0.046740175,7.19E+08,FALSE,FALSE,FALSE,TRUE,FALSE,FALSE,FALSE,FALSE,FALSE,FALSE,FALSE,FALSE,FALSE,FALSE,0.004956972,38863.19408,FALSE,FALSE,0.004152873,TRUE,FALSE
231315,1,1.24E+18,198.89833,0.49194,3053,45.3,2.3,0.1047094,0.05382881,0.8882135,231315,016-033,198.900421,0.495,198.898331,0.491944,3053,93,9.3,1,0.014843148,231315,27.35041558,9.144153,0.052384797,9.343715589,0.044135047,-1.4867507,0.11393762,9.3,0.06,-10.630903,0.028182626,FALSE,0.028182626,4.05E+09,FALSE,FALSE,TRUE,FALSE,FALSE,FALSE,FALSE,FALSE,FALSE,FALSE,FALSE,FALSE,FALSE,FALSE,0.011298796,7480.094493,FALSE,FALSE,0.010183712,TRUE,FALSE
231584,1,1.24E+18,209.59583,22.88778,2781,43,2.2,0.07237123,0.03720446,0.3433508,231584,132-062,209.600006,22.90361,209.595825,22.887777,2781,107,9.17,1,0.019789651,231584,69.91890412,9.220002,0.156945,9.514569377,0.044443502,-0.8234464,0.04764051,9.17,0.06,-10.043448,-0.209546338,FALSE,0.209546338,3.63E+09,FALSE,FALSE,FALSE,TRUE,FALSE,FALSE,FALSE,FALSE,FALSE,FALSE,FALSE,FALSE,FALSE,FALSE,0.013722033,5071.477232,FALSE,FALSE,0.009276417,TRUE,FALSE
231868,1,1.24E+18,195.66917,1.07361,902,17.4,2.3,0.07013889,0.03605687,0.7708433,231868,UM538,195.664169,1.083333,195.669174,1.073611,902,18,7.43,2,0.014840728,231868,39.57035646,6.9156637,0.12262259,7.475338171,0.115370678,-2.3757467,0.14737192,7.44,0.14,-9.29141,-0.336114427,TRUE,0.336114427,4.40E+07,FALSE,FALSE,FALSE,FALSE,FALSE,TRUE,FALSE,FALSE,FALSE,FALSE,FALSE,FALSE,TRUE,FALSE,0.003337652,85721.39745,TRUE,FALSE,0.003008748,FALSE,TRUE
232016,1,1.24E+18,202.04999,2.28028,1017,16.7,2.2,0.08661025,0.04452443,0.6312373,232016,KKSG 64,202.049988,2.2825,202.049988,2.280278,1017,43,8.35,1,0.010178307,232016,50.85857557,7.423876,0.1382984,7.79210029,0.115460774,-2.4262013,0.38420272,8.35,0.12,-9.850077,-0.260184037,FALSE,0.260184037,3.24E+08,FALSE,FALSE,FALSE,FALSE,TRUE,FALSE,FALSE,FALSE,FALSE,FALSE,FALSE,FALSE,FALSE,FALSE,0.002580928,143357.2728,TRUE,FALSE,0.003392347,TRUE,FALSE
232136,1,1.24E+18,195.70502,3.97667,2895,43.3,2.4,0.09140113,0.04698732,0.501477,232136,,195.696259,3.98,195.705017,3.976667,2895,45,8.51,2,0.015255131,232136,59.90228486,7.777442,0.10982791,7.974340559,0.05052082,-2.010838,0.27013433,8.51,0.08,-9.7882805,-0.332788384,TRUE,0.332788384,4.90E+08,FALSE,FALSE,FALSE,FALSE,TRUE,FALSE,FALSE,FALSE,FALSE,FALSE,FALSE,TRUE,FALSE,FALSE,0.011011433,7875.601072,TRUE,FALSE,0.009656681,FALSE,TRUE
232137,1,1.24E+18,195.93417,2.03972,997,16.9,4.3,0.07812922,0.04016452,0.3999962,232137,,195.933334,2.030833,195.934174,2.039722,997,107,7.6,2,0.016091529,232137,66.42211518,7.757116,0.25615713,8.018348045,0.221348138,-2.035395,0.43671685,7.6,0.23,-9.792511,0.180497831,FALSE,0.180497831,1.10E+08,FALSE,FALSE,FALSE,FALSE,TRUE,FALSE,FALSE,FALSE,FALSE,FALSE,FALSE,FALSE,FALSE,FALSE,0.004000109,59679.85884,FALSE,FALSE,0.003325634,TRUE,FALSE
232141,1,1.24E+18,208.76875,5.18944,1398,24.1,2.4,0.09139746,0.04698543,0.8434795,232141,,208.76416,5.183611,208.768753,5.189445,1398,46,8.39,1,0.020968685,232141,32.49063644,7.619383,0.09419602,7.958490434,0.086823166,-2.147944,0.12702042,8.39,0.1,-9.767326,-0.085127151,FALSE,0.085127151,3.68E+08,FALSE,FALSE,FALSE,FALSE,TRUE,FALSE,FALSE,FALSE,FALSE,FALSE,FALSE,FALSE,FALSE,FALSE,0.007308995,17875.40928,FALSE,FALSE,0.004663226,TRUE,FALSE
233601,1,1.24E+18,204.71167,8.10806,1188,22.3,2.3,0.1383656,0.07113074,0.6141708,233601,,204.71167,8.110556,204.71167,8.108056,1188,100,8.43,1,0.0144,233601,52.10835019,7.4796977,0.11902226,7.510850621,0.091975478,-3.5505013,0.80385315,8.43,0.1,-11.030199,0.079289511,FALSE,0.079289511,3.88E+08,FALSE,TRUE,FALSE,FALSE,FALSE,FALSE,FALSE,FALSE,FALSE,FALSE,FALSE,FALSE,FALSE,FALSE,0.004265385,52487.37615,FALSE,FALSE,0.003962741,TRUE,FALSE
233718,1,1.24E+18,209.68082,14.26139,1277,23.1,2.1,0.06436529,0.03308879,0.5544182,233718,,209.679581,14.264722,209.680817,14.261389,1277,69,8.01,1,0.011068945,233718,56.32939639,7.644361,0.11610615,7.888905956,0.079195767,-2.4472668,0.20987539,8.01,0.09,-10.091628,-0.021618832,FALSE,0.021618832,1.80E+08,FALSE,FALSE,FALSE,TRUE,FALSE,FALSE,FALSE,FALSE,FALSE,FALSE,FALSE,FALSE,FALSE,FALSE,0.003524329,76880.90285,FALSE,FALSE,0.004259613,TRUE,FALSE
233783,1,1.24E+18,197.17416,9.19444,3124,46.9,2.3,0.09150661,0.04704154,0.7358452,233783,,197.179581,9.200556,197.174164,9.194445,3124,30,8.33,1,0.022936125,233783,42.62135327,8.43514,0.06518846,8.575852328,0.043212192,-1.6357524,0.13613811,8.33,0.08,-10.070892,-0.416257583,TRUE,0.416257583,5.57E+08,FALSE,FALSE,FALSE,TRUE,FALSE,FALSE,FALSE,FALSE,FALSE,FALSE,TRUE,FALSE,FALSE,FALSE,0.017865304,2991.924185,TRUE,TRUE,0.010420542,FALSE,TRUE
233925,1,1.24E+18,195.06541,29.48306,2477,38.6,2.4,0.03259292,0.01675531,0.4811763,233925,,195.070404,29.486111,195.065414,29.483055,2477,90,8.4,1,0.021934714,233925,61.23779549,7.5143766,0.11856262,7.907122993,0.05637011,-2.9226546,0.6648222,8.4,0.08,-10.437031,-0.005956042,FALSE,0.005956042,3.67E+08,FALSE,FALSE,FALSE,TRUE,FALSE,FALSE,FALSE,FALSE,FALSE,FALSE,FALSE,FALSE,FALSE,FALSE,0.013546818,5203.514426,FALSE,FALSE,0.008262383,TRUE,FALSE
233928,1,1.24E+18,195.67876,29.74944,2528,39.3,2.2,0.03765137,0.01935575,0.6475375,233928,,195.695847,29.736389,195.678757,29.749445,2528,68,8.21,2,0.020295828,233928,49.64384574,7.9592824,0.08177906,8.140247523,0.049607848,-1.8226726,0.12317673,8.21,0.08,-9.781955,-0.047449289,FALSE,0.047449289,3.07E+08,FALSE,FALSE,FALSE,FALSE,TRUE,FALSE,FALSE,FALSE,FALSE,FALSE,FALSE,FALSE,FALSE,FALSE,0.012792728,5835.056178,FALSE,FALSE,0.0084325,TRUE,FALSE
233931,1,1.24E+18,196.16417,32.68195,2348,36.9,2.3,0.03845426,0.01976849,0.4900228,233931,,196.169998,32.681667,196.164169,32.681946,2348,139,9.32,1,0.014715339,233931,60.65797107,8.379262,0.11526377,8.630957354,0.054257104,-2.6619241,0.4701552,9.32,0.07,-11.041186,-0.043582898,FALSE,0.043582898,3.02E+09,FALSE,TRUE,FALSE,FALSE,FALSE,FALSE,FALSE,FALSE,FALSE,FALSE,FALSE,FALSE,FALSE,FALSE,0.008614849,12866.96146,FALSE,FALSE,0.007832085,TRUE,FALSE
233950,1,1.24E+18,199.84332,30.36778,2522,39.4,2.3,0.039692,0.02040479,0.5171815,233950,,199.845001,30.361944,199.843323,30.367779,2522,67,8.25,1,0.009989455,233950,58.85666844,8.175613,0.10720466,8.562398103,0.050849881,-2.0558507,0.19799246,8.25,0.08,-10.231464,-0.129367575,FALSE,0.129367575,3.86E+08,FALSE,FALSE,FALSE,TRUE,FALSE,FALSE,FALSE,FALSE,FALSE,FALSE,FALSE,FALSE,FALSE,FALSE,0.006281541,24201.31555,FALSE,FALSE,0.008412486,TRUE,FALSE
233958,1,1.24E+18,201.14082,28.99278,2397,37.7,2.3,0.05105621,0.02624688,0.4988584,233958,,201.138733,29,201.140823,28.992779,2397,96,8.65,1,0.010109271,233958,60.07554969,7.9541907,0.114376515,8.235546948,0.053811292,-2.1442702,0.23240326,8.65,0.07,-10.098461,-0.040653186,FALSE,0.040653186,6.84E+08,FALSE,FALSE,FALSE,TRUE,FALSE,FALSE,FALSE,FALSE,FALSE,FALSE,FALSE,FALSE,FALSE,FALSE,0.006041812,26159.9544,FALSE,FALSE,0.007995531,TRUE,FALSE
233983,1,1.24E+18,203.55458,31.89194,2508,39.3,2.2,0.03210124,0.01650255,0.5293903,233983,,203.553741,31.893333,203.554581,31.891945,2508,134,8.61,1,0.018257672,233983,58.03577991,8.679853,0.10344388,8.826837336,0.048726501,-1.8081686,0.13683988,8.61,0.07,-10.488022,0.070047438,FALSE,0.070047438,1.02E+09,FALSE,FALSE,FALSE,TRUE,FALSE,FALSE,FALSE,FALSE,FALSE,FALSE,FALSE,FALSE,FALSE,FALSE,0.011417007,7325.999128,FALSE,FALSE,0.008365788,TRUE,FALSE
238643,1,1.24E+18,208.99292,8.99444,1220,22.3,2.4,0.0784414,0.040325,0.6405748,238643,F721-V2,209.006668,8.990556,208.99292,8.994445,1220,45,7.61,1,0.018,238643,50.16534812,7.725141,0.11729192,7.879092504,0.093759249,-3.4668636,0.71426356,7.61,0.11,-11.192005,-0.116014322,FALSE,0.116014322,1.07E+08,FALSE,TRUE,FALSE,FALSE,FALSE,FALSE,FALSE,FALSE,FALSE,FALSE,FALSE,FALSE,FALSE,FALSE,0.005475347,31852.83242,FALSE,FALSE,0.004069482,TRUE,FALSE
238737,1,1.24E+18,198.26833,6.28528,892,16.9,2.3,0.1391318,0.07152461,0.6769119,238737,,198.268753,6.2775,198.268326,6.285278,892,41,7.46,1,0.016022317,238737,47.39724325,6.842605,0.13466938,7.222506065,0.124283973,-2.1985948,0.19646527,7.46,0.13,-9.0412,-0.044485863,FALSE,0.044485863,4.53E+07,FALSE,FALSE,FALSE,FALSE,FALSE,TRUE,FALSE,FALSE,FALSE,FALSE,FALSE,FALSE,FALSE,FALSE,0.00356344,75202.51755,FALSE,FALSE,0.002975392,TRUE,FALSE
238829,1,1.24E+18,200.06332,27.60528,2423,38,2.3,0.05258104,0.02703076,0.8990588,238829,,200.064575,27.601667,200.063324,27.605278,2423,43,8.41,1,0.014651822,238829,25.96539677,7.6398144,0.06291304,7.974323072,0.053921391,-2.3561096,0.28327578,8.41,0.07,-9.995924,-0.03062729,FALSE,0.03062729,3.85E+08,FALSE,FALSE,FALSE,FALSE,TRUE,FALSE,FALSE,FALSE,FALSE,FALSE,FALSE,FALSE,FALSE,FALSE,0.008851653,12187.7246,FALSE,FALSE,0.008082258,TRUE,FALSE
238946,1,1.24E+18,222.78293,2.72417,1523,25.6,4.3,0.146453,0.07528827,0.7752015,238946,,222.782928,2.728333,222.782928,2.724167,1523,28,7.89,1,0.012975473,238946,39.17672826,6.781888,0.15338178,7.508797761,0.147268316,-2.6880288,0.30709478,7.89,0.16,-9.469917,-0.239297767,FALSE,0.239297767,1.09E+08,FALSE,FALSE,FALSE,FALSE,FALSE,TRUE,FALSE,FALSE,FALSE,FALSE,FALSE,FALSE,FALSE,FALSE,0.004927225,39333.85614,FALSE,FALSE,0.005080181,TRUE,FALSE
239138,1,1.24E+18,197.89708,35.08444,2331,36.7,2.4,0.03236442,0.01663784,0.696243,239138,rgmph,197.890839,35.083889,197.897079,35.084442,2331,37,8.29,1,0.007779353,239138,45.87368756,7.3251615,0.083731115,7.52264712,0.069736111,-1.8639771,0.12107131,8.29,0.08,-9.189138,-0.276065353,FALSE,0.276065353,2.80E+08,FALSE,FALSE,FALSE,FALSE,FALSE,TRUE,FALSE,FALSE,FALSE,FALSE,FALSE,FALSE,FALSE,FALSE,0.004521318,46713.37264,TRUE,FALSE,0.007775379,TRUE,FALSE
239140,1,1.24E+18,198.65083,35.84917,1138,20.7,2.3,0.02293451,0.01179013,0.7727603,239140,rgmph,198.650009,35.846386,198.650833,35.849167,1138,31,7.51,1,0.013902289,239140,39.39762067,6.0654645,0.10867976,6.858413794,0.102656708,-2.621995,0.22011232,7.51,0.12,-8.68746,-0.098850128,FALSE,0.098850128,4.42E+07,FALSE,FALSE,FALSE,FALSE,FALSE,FALSE,TRUE,FALSE,FALSE,FALSE,FALSE,FALSE,FALSE,FALSE,0.003944645,61369.92316,FALSE,FALSE,0.003795959,TRUE,FALSE
240021,1,1.24E+18,210.81,16.00556,2484,38.6,2.4,0.0558411,0.02870669,0.7981027,240021,,210.8125,16.0075,210.809998,16.005556,2484,93,8.72,1,0.015976819,240021,37.0507277,8.179596,0.068389304,,,-2.0274634,0.15375173,8.72,0.07,-10.20706,0.079969212,FALSE,0.079969212,8.49E+08,FALSE,FALSE,FALSE,TRUE,FALSE,FALSE,FALSE,FALSE,FALSE,FALSE,FALSE,FALSE,FALSE,FALSE,0.009895124,9752.790946,FALSE,FALSE,0.008285732,TRUE,FALSE
240313,1,1.24E+18,215.87083,14.28361,2197,36.2,4.2,0.07539428,0.03875855,0.3837653,240313,104-013,215.867081,14.278889,215.870834,14.283611,2197,85,9,1,0.014411719,240313,67.43294701,8.958097,0.16865408,9.492635209,0.100776557,-0.21379848,0.10080775,9.04,0.11,-9.171896,-0.24973906,FALSE,0.24973906,2.24E+09,FALSE,FALSE,FALSE,FALSE,FALSE,TRUE,FALSE,FALSE,FALSE,FALSE,FALSE,FALSE,FALSE,FALSE,0.00789451,15322.19705,FALSE,FALSE,0.007328403,TRUE,FALSE
240431,1,1.24E+18,217.96834,8.93278,2191,52,10.6,0.1014619,0.05215936,0.4620037,240431,075-061,217.96666,8.933889,217.968338,8.932778,2191,187,9.57,1,0.010120776,240431,62.48357441,9.172735,0.20839237,9.397150903,0.177064036,-2.1764798,0.42756274,9.56,0.18,-11.349215,-0.004360289,FALSE,0.004360289,6.43E+09,FALSE,TRUE,FALSE,FALSE,FALSE,FALSE,FALSE,FALSE,FALSE,FALSE,FALSE,FALSE,FALSE,FALSE,0.005528859,31239.23193,FALSE,FALSE,0.007308389,TRUE,FALSE
240441,1,1.24E+18,218.08626,9.93333,1369,23.6,2.3,0.08883944,0.04567041,0.8442027,240441,075-063,218.093338,9.931111,218.086258,9.933333,1369,179,8.81,1,0.012920426,240441,32.41341523,8.567415,0.0907756,8.791017355,0.084657918,-1.7846915,0.095101215,8.81,0.09,-10.352107,0.3750771,TRUE,0.3750771,1.23E+09,FALSE,FALSE,FALSE,TRUE,FALSE,FALSE,FALSE,FALSE,FALSE,FALSE,TRUE,FALSE,FALSE,FALSE,0.004410213,49096.68459,TRUE,FALSE,0.004566492,FALSE,TRUE
240444,1,1.24E+18,218.1875,2.91472,1531,27.6,4.1,0.1124826,0.05782485,0.6720455,240444,047-085,218.187088,2.915,218.1875,2.914722,1531,146,9.02,1,0.0072,240444,47.77490591,8.667708,0.14224581,8.939574837,0.129036384,-1.4097222,0.13175778,9.1,0.14,-10.077431,0.101275661,FALSE,0.101275661,1.86E+09,FALSE,FALSE,FALSE,TRUE,FALSE,FALSE,FALSE,FALSE,FALSE,FALSE,FALSE,FALSE,FALSE,FALSE,0.002748445,126414.6347,FALSE,FALSE,0.005106866,TRUE,FALSE
240610,1,1.24E+18,220.62334,1.50028,1916,30,2.2,0.1343666,0.06907491,0.6207461,240610,020-001,220.621246,1.503056,220.623337,1.500278,1916,113,8.59,1,0.012976904,240610,51.62940447,8.895118,0.09484389,9.167956976,0.063699915,-1.4467707,0.06974894,8.58,0.08,-10.341888,0.003742424,FALSE,0.003742424,1.30E+09,FALSE,FALSE,FALSE,TRUE,FALSE,FALSE,FALSE,FALSE,FALSE,FALSE,FALSE,FALSE,FALSE,FALSE,0.006199347,24847.31897,FALSE,FALSE,0.006391088,TRUE,FALSE
240700,1,1.24E+18,221.86833,12.76472,1825,29.8,2.3,0.07508557,0.03859985,0.6359113,240700,076-047,221.87001,12.763333,221.868332,12.764722,1825,108,8.41,1,0.0100573,240700,50.51243597,8.145719,0.094739236,8.605790946,0.067062381,-1.5156119,0.07282028,8.41,0.08,-9.66133,0.098951729,FALSE,0.098951729,4.82E+08,FALSE,FALSE,FALSE,FALSE,TRUE,FALSE,FALSE,FALSE,FALSE,FALSE,FALSE,FALSE,FALSE,FALSE,0.004576396,45595.7308,FALSE,FALSE,0.006087545,TRUE,FALSE
241013,1,1.24E+18,214.83333,1.16528,2433,36.8,2.2,0.1318241,0.06776787,0.3409725,241013,019-003,214.825836,1.161389,214.833328,1.165278,2433,127,8.66,1,0.010181285,241013,70.06392409,8.40896,0.16010928,8.680047555,0.052012437,-2.026533,0.17141739,8.65,0.07,-10.435493,0.020181853,FALSE,0.020181853,8.64E+08,FALSE,FALSE,FALSE,TRUE,FALSE,FALSE,FALSE,FALSE,FALSE,FALSE,FALSE,FALSE,FALSE,FALSE,0.006176238,25033.60073,FALSE,FALSE,0.008115614,TRUE,FALSE
241022,1,1.24E+18,225.11417,1.62278,1519,25.4,4.2,0.1829318,0.09404124,0.7744197,241022,N5811E,225.119156,1.621389,225.114166,1.622778,1519,56,8.34,1,0.016094524,241022,39.24758299,9.147128,0.14986156,9.429848956,0.14362637,-1.1189955,0.14443912,8.34,0.15,-10.266124,-0.236519394,FALSE,0.236519394,1.69E+09,FALSE,FALSE,FALSE,TRUE,FALSE,FALSE,FALSE,FALSE,FALSE,FALSE,FALSE,FALSE,FALSE,FALSE,0.006095583,25700.46061,FALSE,FALSE,0.005066839,TRUE,FALSE
241031,1,1.24E+18,225.26291,0.7075,1766,28,2.4,0.1598154,0.0821576,0.5405928,241031,020-044,225.260406,0.706667,225.262909,0.7075,1766,154,8.24,1,0.003599726,241031,57.27604595,8.927127,0.115818925,9.022469159,0.074456872,-2.238766,0.1586733,8.33,0.09,-11.165893,0.128271434,FALSE,0.128271434,1.08E+09,FALSE,TRUE,FALSE,FALSE,FALSE,FALSE,FALSE,FALSE,FALSE,FALSE,FALSE,FALSE,FALSE,FALSE,0.001585037,380095.2481,FALSE,FALSE,0.005890742,TRUE,FALSE
241156,1,1.24E+18,218.22,5.99889,2275,35.2,2.3,0.107051,0.05503258,0.8588094,241156,MK1384,218.218765,5.998611,218.220001,5.998889,2275,153,9.06,1,0.005077248,241156,30.81686195,7.6511493,0.06476703,8.471947194,0.056828101,-1.7253735,0.081678554,9.06,0.07,-9.376523,0.299782047,FALSE,0.299782047,1.57E+09,FALSE,FALSE,FALSE,FALSE,FALSE,TRUE,FALSE,FALSE,FALSE,FALSE,FALSE,FALSE,FALSE,FALSE,0.002879978,115131.2373,TRUE,FALSE,0.007588583,TRUE,FALSE
241261,1,1.24E+18,212.59958,16.18278,2389,37.4,2.4,0.05456249,0.02804938,0.499936,241261,103-102,212.605011,16.1775,212.599579,16.182777,2389,168,9.31,1,0.0113399,241261,60.0042848,8.674513,0.11366623,8.988084685,0.05577085,-1.9926413,0.16009013,9.31,0.07,-10.667154,0.035588454,FALSE,0.035588454,3.19E+09,FALSE,FALSE,TRUE,FALSE,FALSE,FALSE,FALSE,FALSE,FALSE,FALSE,FALSE,FALSE,FALSE,FALSE,0.006754679,20929.65065,FALSE,FALSE,0.007968846,TRUE,FALSE
241411,1,1.24E+18,212.60126,16.1125,2297,36.2,2.1,0.06368195,0.0327375,0.6928025,241411,103-101,212.595413,16.112778,212.601257,16.112501,2297,177,8.93,1,0.010982551,241411,46.14767648,9.070822,0.07524612,9.364382798,0.050391299,-1.2377124,0.05576395,8.93,0.07,-10.308535,0.172811355,FALSE,0.172811355,2.31E+09,FALSE,FALSE,FALSE,TRUE,FALSE,FALSE,FALSE,FALSE,FALSE,FALSE,FALSE,FALSE,FALSE,FALSE,0.006289897,24137.05503,FALSE,FALSE,0.007661967,TRUE,FALSE
241548,1,1.24E+18,217.15749,0.55306,1560,25.9,4.2,0.1232138,0.06334152,0.3100266,241548,019-041,217.158737,0.553333,217.157486,0.553056,1560,176,8.78,1,0.020364201,241548,71.93922723,8.82174,0.21659294,8.97901181,0.140854922,-1.5846976,0.14422736,8.8,0.15,-10.406438,0.099728079,FALSE,0.099728079,1.46E+09,FALSE,FALSE,FALSE,TRUE,FALSE,FALSE,FALSE,FALSE,FALSE,FALSE,FALSE,FALSE,FALSE,FALSE,0.007920841,15220.49517,FALSE,FALSE,0.0052036,TRUE,FALSE
241727,1,1.24E+18,224.65749,6.775,1673,27.3,2.1,0.1020847,0.05247951,0.7699108,241727,048-085,224.658325,6.775833,224.657486,6.775,1673,118,8.98,1,0.014299446,241727,39.65415405,8.327668,0.07944129,8.618067959,0.06683959,-2.0501509,0.10748535,8.98,0.08,-10.377819,0.097900781,FALSE,0.097900781,1.48E+09,FALSE,FALSE,FALSE,TRUE,FALSE,FALSE,FALSE,FALSE,FALSE,FALSE,FALSE,FALSE,FALSE,FALSE,0.005964781,26839.99449,FALSE,FALSE,0.005580527,TRUE,FALSE
241893,1,1.24E+18,219.93542,5.35333,1762,28.4,2.4,0.1364407,0.0701412,0.9049991,241893,,219.932495,5.358889,219.935425,5.353333,1762,28,7.68,2,0.020924143,241893,25.17685942,8.055527,0.078218594,8.28512547,0.073561438,-3.1594284,0.6469289,7.68,0.11,-11.214955,-0.120115813,FALSE,0.120115813,1.77E+08,FALSE,TRUE,FALSE,FALSE,FALSE,FALSE,FALSE,FALSE,FALSE,FALSE,FALSE,FALSE,FALSE,FALSE,0.009192485,11300.70561,FALSE,FALSE,0.005877399,TRUE,FALSE
241950,1,1.24E+18,212.47292,20.30972,2294,36.3,2.4,0.1468577,0.07549632,0.179504,241950,FGC1717,212.472916,20.314999,212.472916,20.309721,2294,135,8.99,1,0.01397635,241950,79.65919674,7.9578147,0.2474512,8.133059272,0.058379721,-1.9948248,0.13998623,8.99,0.07,-9.95264,-0.02463193,FALSE,0.02463193,1.39E+09,FALSE,FALSE,FALSE,FALSE,TRUE,FALSE,FALSE,FALSE,FALSE,FALSE,FALSE,FALSE,FALSE,FALSE,0.007994044,14943.01958,FALSE,FALSE,0.00765196,TRUE,FALSE
241992,1,1.24E+18,217.6725,3.42556,1758,28.2,2.2,0.09845667,0.05061442,0.7332579,241992,047-069,217.669586,3.435278,217.672501,3.425556,1758,62,8.16,1,0.014841622,241992,42.83982099,9.025225,0.08353459,9.202842597,0.067765608,-1.6289696,0.08170788,8.16,0.09,-10.654194,-0.190778193,FALSE,0.190778193,1.25E+09,FALSE,FALSE,TRUE,FALSE,FALSE,FALSE,FALSE,FALSE,FALSE,FALSE,FALSE,FALSE,FALSE,FALSE,0.006505483,22563.80065,FALSE,FALSE,0.005864057,TRUE,FALSE
242017,1,1.24E+18,223.67958,1.16167,1835,28.9,2.3,0.1685041,0.08662428,0.72515,242017,KKR14,223.672913,1.169167,223.679581,1.161667,1835,69,7.91,2,0.011383966,242017,43.51870927,7.8805428,0.08822975,8.095236105,0.07035722,-1.8435464,0.107436016,8.03,0.09,-9.724089,0.058361006,FALSE,0.058361006,1.84E+08,FALSE,FALSE,FALSE,FALSE,TRUE,FALSE,FALSE,FALSE,FALSE,FALSE,FALSE,FALSE,FALSE,FALSE,0.005208456,35200.87112,FALSE,FALSE,0.006120901,TRUE,FALSE
242019,1,1.24E+18,218.47168,1.485,1830,28.9,2.3,0.1531134,0.07871222,0.347538,242019,KKSG 66,218.470825,1.486389,218.47168,1.485,1830,71,8.83,1,0,242019,69.66325691,8.230384,0.16749291,7.988957113,0.071929022,-1.9714822,0.15967734,8.83,0.08,-10.201866,-0.254338425,FALSE,0.254338425,1.07E+09,FALSE,FALSE,FALSE,TRUE,FALSE,FALSE,FALSE,FALSE,FALSE,FALSE,FALSE,FALSE,FALSE,FALSE,0,Infinity,TRUE,FALSE,0.006104223,TRUE,FALSE
242151,1,1.24E+18,212.40666,5.09611,1809,29,2.3,0.08335266,0.04284978,0.8107178,242151,,212.403748,5.100278,212.406662,5.096111,1809,24,7.85,1,0.008024399,242151,35.83390845,8.322295,0.07820093,8.529480311,0.06899671,-1.9589576,0.11993044,7.85,0.09,-10.281253,-0.384343998,TRUE,0.384343998,3.04E+08,FALSE,FALSE,FALSE,TRUE,FALSE,FALSE,FALSE,FALSE,FALSE,FALSE,TRUE,FALSE,FALSE,FALSE,0.003619349,72897.15252,TRUE,FALSE,0.006034174,FALSE,TRUE
242152,1,1.24E+18,214.28127,4.83694,1625,26.6,2.3,0.1081086,0.05557627,0.5354307,242152,,214.286255,4.833611,214.281265,4.836945,1625,133,7.84,2,0.025410557,242152,57.62692353,7.2945743,0.11750946,7.589040789,0.075892345,-2.8051271,0.26978475,7.87,0.1,-10.099701,0.308892555,TRUE,0.308892555,1.12E+08,FALSE,FALSE,FALSE,TRUE,FALSE,FALSE,FALSE,FALSE,FALSE,FALSE,TRUE,FALSE,FALSE,FALSE,0.010295487,9009.021595,TRUE,FALSE,0.005420417,FALSE,TRUE
242625,1,1.24E+18,221.58417,4.73306,1522,25.1,2.2,0.1282327,0.06592164,0.3859551,242625,,221.579163,4.736667,221.584167,4.733056,1522,35,7.99,1,0.017977927,242625,67.29701,7.061302,0.15520999,7.489638143,0.078247868,-2.8920171,0.47362587,7.99,0.09,-9.95332,-0.334874377,TRUE,0.334874377,1.41E+08,FALSE,FALSE,FALSE,FALSE,TRUE,FALSE,FALSE,FALSE,FALSE,FALSE,FALSE,TRUE,FALSE,FALSE,0.006822344,20516.54364,TRUE,FALSE,0.005076846,FALSE,TRUE
242846,1,1.24E+18,219.28708,3.04722,1755,28.1,2.3,0.1126498,0.05791081,0.6369828,242846,,219.292923,3.047778,219.287079,3.047222,1755,62,8.58,1,0.00804757,242846,50.43284194,7.4470267,0.097635396,8.038322846,0.071988681,-2.0848417,0.2594119,8.58,0.08,-9.531868,-0.152694239,FALSE,0.152694239,5.34E+08,FALSE,FALSE,FALSE,FALSE,TRUE,FALSE,FALSE,FALSE,FALSE,FALSE,FALSE,FALSE,FALSE,FALSE,0.003521447,77006.77944,FALSE,FALSE,0.00585405,TRUE,FALSE
242866,1,1.24E+18,219.81416,3.27278,1601,26.1,2.4,0.1041251,0.05352844,0.5405357,242866,,219.812912,3.271389,219.814163,3.272778,1601,100,8.43,1,0.012965332,242866,57.27993467,8.023773,0.11927896,8.221574339,0.079959502,-2.536976,0.22096641,8.43,0.09,-10.560749,0.032214655,FALSE,0.032214655,4.64E+08,FALSE,FALSE,TRUE,FALSE,FALSE,FALSE,FALSE,FALSE,FALSE,FALSE,FALSE,FALSE,FALSE,FALSE,0.005175524,35650.26646,FALSE,FALSE,0.005340361,TRUE,FALSE
242986,1,1.24E+18,222.59541,2.95861,1713,27.5,2.3,0.1363294,0.07008393,0.5592741,242986,,222.590836,2.945556,222.595413,2.958611,1713,26,7.77,2,0.011370544,242986,55.99443552,8.145058,0.11112944,8.34591379,0.072774238,-2.0783832,0.12643139,7.83,0.1,-10.223441,-0.464459636,TRUE,0.464459636,2.18E+08,FALSE,FALSE,FALSE,TRUE,FALSE,FALSE,FALSE,FALSE,FALSE,FALSE,TRUE,FALSE,FALSE,FALSE,0.004856439,40488.85695,TRUE,TRUE,0.005713953,FALSE,TRUE
243026,1,1.24E+18,224.69208,2.96889,1662,26.8,2.3,0.1788104,0.09192249,0.9169332,243026,,224.689163,2.973056,224.692078,2.968889,1662,87,8.42,1,0.008041202,243026,23.51824363,8.423018,0.0791347,8.650535965,0.074558996,-3.357037,0.7024019,8.42,0.09,-11.780056,0.265051026,FALSE,0.265051026,6.15E+08,TRUE,FALSE,FALSE,FALSE,FALSE,FALSE,FALSE,FALSE,FALSE,FALSE,FALSE,FALSE,FALSE,FALSE,0.003332202,86002.03851,TRUE,FALSE,0.005543835,TRUE,FALSE
243216,1,1.24E+18,219.99249,2.74778,1741,27.8,2.4,0.1226741,0.06306409,0.7918289,243216,,219.98999,2.740833,219.992493,2.747778,1741,47,7.91,1,0.012969655,243216,37.64327679,7.7131743,0.08687542,7.865395062,0.075939887,-2.162164,0.22860438,7.91,0.1,-9.875339,-0.040921112,FALSE,0.040921112,1.60E+08,FALSE,FALSE,FALSE,FALSE,TRUE,FALSE,FALSE,FALSE,FALSE,FALSE,FALSE,FALSE,FALSE,FALSE,0.005629976,30127.17004,FALSE,FALSE,0.005807351,TRUE,FALSE
243220,1,1.24E+18,220.69165,2.12389,1607,26,2.3,0.1280988,0.0658528,0.3903053,243220,,220.685425,2.117222,220.69165,2.123889,1607,62,8.25,1,0.0036,243220,67.02655922,8.070059,0.15351462,8.309399078,0.076892723,-2.447803,0.18621433,8.25,0.09,-10.517862,-0.185263082,FALSE,0.185263082,3.54E+08,FALSE,FALSE,TRUE,FALSE,FALSE,FALSE,FALSE,FALSE,FALSE,FALSE,FALSE,FALSE,FALSE,FALSE,0.00144244,458961.201,FALSE,FALSE,0.005360375,TRUE,FALSE
243743,1,1.24E+18,220.06375,0.20667,1874,29.3,2.3,0.149942,0.0770819,0.5921162,243743,,220.06459,0.215833,220.063751,0.206667,1874,100,8.68,1,0.011384192,243743,53.69272093,8.059046,0.102505855,8.326769471,0.068302503,-2.288999,0.17264153,8.68,0.08,-10.348045,-0.001473592,FALSE,0.001473592,7.51E+08,FALSE,FALSE,FALSE,TRUE,FALSE,FALSE,FALSE,FALSE,FALSE,FALSE,FALSE,FALSE,FALSE,FALSE,0.005319259,33749.639,FALSE,FALSE,0.006250991,TRUE,FALSE
243852,1,1.24E+18,211.76875,10.7125,1178,21.5,2.3,0.07630223,0.03922531,0.463389,243852,,211.770416,10.711945,211.768753,10.7125,1178,55,7.9,1,0.01061178,243852,62.39404207,7.0616794,0.14355022,7.691950457,0.093322009,-2.4865444,0.16824867,7.9,0.11,-9.5482235,-0.100640165,FALSE,0.100640165,1.17E+08,FALSE,FALSE,FALSE,FALSE,TRUE,FALSE,FALSE,FALSE,FALSE,FALSE,FALSE,FALSE,FALSE,FALSE,0.003116828,98298.22415,FALSE,FALSE,0.003929385,TRUE,FALSE
243914,1,1.24E+18,218.92082,6.55167,2504,38.4,2.5,0.1116781,0.05741125,0.3650972,243914,,218.927902,6.5525,218.920822,6.551667,2504,94,8.62,1,0.012953961,243914,68.58649325,7.62617,0.15473321,7.951870019,0.058929111,-2.1216085,0.18757376,8.62,0.08,-9.747779,-0.066037618,FALSE,0.066037618,5.97E+08,FALSE,FALSE,FALSE,FALSE,TRUE,FALSE,FALSE,FALSE,FALSE,FALSE,FALSE,FALSE,FALSE,FALSE,0.008087536,14599.53114,FALSE,FALSE,0.008352445,TRUE,FALSE
244252,1,1.24E+18,215.93208,5.87694,1401,23.8,2.1,0.09967433,0.05124039,0.4175431,244252,,215.930832,5.873889,215.932083,5.876945,1401,23,7.73,2,0.020962279,244252,65.32048516,7.8193173,0.14548992,7.969399814,0.0768232,-3.410083,0.6610727,7.73,0.1,-11.229401,-0.507449109,TRUE,0.507449109,1.37E+08,FALSE,TRUE,FALSE,FALSE,FALSE,FALSE,FALSE,FALSE,TRUE,FALSE,FALSE,FALSE,FALSE,FALSE,0.007322442,17809.81728,TRUE,TRUE,0.004673233,FALSE,TRUE
244562,1,1.24E+18,218.78374,13.14917,1924,31.1,2.4,0.07128402,0.03664555,0.6971387,244562,,218.780823,13.147223,218.783737,13.149166,1924,56,8.07,1,0.017831541,244562,45.80214878,7.5843363,0.08980528,7.450195023,0.074967965,-2.8579986,0.46198952,8.07,0.09,-10.442335,-0.055900162,FALSE,0.055900162,1.95E+08,FALSE,FALSE,FALSE,TRUE,FALSE,FALSE,FALSE,FALSE,FALSE,FALSE,FALSE,FALSE,FALSE,FALSE,0.008554079,13050.43055,FALSE,FALSE,0.006417773,TRUE,FALSE
245076,1,1.24E+18,223.18124,11.67222,1803,29.4,2.2,0.08726418,0.04486061,0.248202,245076,,223.179169,11.672778,223.181244,11.672222,1803,127,8.7,1,0.015833909,245076,75.6289226,7.8456364,0.20577013,8.107754709,0.065354029,-2.7080224,0.34829742,8.7,0.08,-10.5536585,0.024505616,FALSE,0.024505616,7.37E+08,FALSE,FALSE,TRUE,FALSE,FALSE,FALSE,FALSE,FALSE,FALSE,FALSE,FALSE,FALSE,FALSE,FALSE,0.007118085,18847.11956,FALSE,FALSE,0.006014161,TRUE,FALSE
245256,1,1.24E+18,221.33417,34.33,1663,28.3,2.3,0.05099351,0.02621465,0.6401594,245256,,221.332077,34.329998,221.334167,34.329998,1663,36,8.17,1,0.011462231,245256,50.19633582,7.7042637,0.097260326,8.005737961,0.070815015,-2.1717982,0.11445294,8.17,0.09,-9.876062,-0.303804339,TRUE,0.303804339,2.47E+08,FALSE,FALSE,FALSE,FALSE,TRUE,FALSE,FALSE,FALSE,FALSE,FALSE,FALSE,TRUE,FALSE,FALSE,0.004752704,42275.6133,TRUE,FALSE,0.005547171,FALSE,TRUE
245262,1,1.24E+18,221.54791,32.145,2049,33.6,2.3,0.0452577,0.02326599,0.4116412,245262,,221.54541,32.144726,221.547913,32.145,2049,124,8.52,1,0.009144406,245262,65.6920813,7.5770097,0.13913666,7.913856248,0.060009456,-3.1167,0.5633818,8.52,0.08,-10.693709,0.087556928,FALSE,0.087556928,4.78E+08,FALSE,FALSE,TRUE,FALSE,FALSE,FALSE,FALSE,FALSE,FALSE,FALSE,FALSE,FALSE,FALSE,FALSE,0.00467172,43754.00496,FALSE,FALSE,0.006834728,TRUE,FALSE
245268,1,1.24E+18,222.24583,33.19306,1692,28.7,2.5,0.06147474,0.03160281,0.9195549,245268,193-002,222.248749,33.185833,222.245834,33.193058,1692,69,8.07,1,0.014037493,245268,23.13892169,8.521859,0.079832114,8.737862965,0.075678199,-2.016476,0.11384149,8.07,0.09,-10.538335,0.195925851,FALSE,0.195925851,4.89E+08,FALSE,FALSE,TRUE,FALSE,FALSE,FALSE,FALSE,FALSE,FALSE,FALSE,FALSE,FALSE,FALSE,FALSE,0.005922011,27229.07609,FALSE,FALSE,0.005643904,TRUE,FALSE
245270,1,1.24E+18,222.3175,31.68444,2063,33.8,2.3,0.04616059,0.02373015,0.6801663,245270,,222.324585,31.681389,222.317505,31.684444,2063,49,8.67,1,0.021023216,245270,47.14340014,7.5906453,0.08353201,8.072673966,0.059644602,-2.196323,0.15117182,8.67,0.07,-9.786968,-0.256288273,FALSE,0.256288273,6.61E+08,FALSE,FALSE,FALSE,FALSE,TRUE,FALSE,FALSE,FALSE,FALSE,FALSE,FALSE,FALSE,FALSE,FALSE,0.010813784,8166.123949,TRUE,FALSE,0.006881427,TRUE,FALSE
245286,1,1.24E+18,224.96001,32.80333,2694,42.7,2.2,0.05482581,0.02818475,0.7247756,245286,M+633015,224.966248,32.816666,224.960007,32.803333,2694,146,9.05,1,0.014108369,245286,43.54985319,8.721346,0.0672269,8.985935726,0.044787115,-3.3382728,0.9922168,9.05,0.06,-12.059619,0.123586488,FALSE,0.123586488,2.02E+09,TRUE,FALSE,FALSE,FALSE,FALSE,FALSE,FALSE,FALSE,FALSE,FALSE,FALSE,FALSE,FALSE,FALSE,0.009476626,10633.1986,FALSE,FALSE,0.008986217,TRUE,FALSE
248932,1,1.24E+18,215.91083,14.42472,2284,36,2.2,0.07250365,0.03727254,0.5530019,248932,,215.907913,14.426667,215.910828,14.424723,2284,83,8.17,1,0.012855469,248932,56.42684706,7.417117,0.10257952,7.584554637,0.060780473,-1.9520048,0.12043287,8.17,0.08,-9.369122,0.035048553,FALSE,0.035048553,2.23E+08,FALSE,FALSE,FALSE,FALSE,FALSE,TRUE,FALSE,FALSE,FALSE,FALSE,FALSE,FALSE,FALSE,FALSE,0.007320881,17817.41429,FALSE,FALSE,0.007618604,TRUE,FALSE
249197,1,1.24E+18,222.46124,9.94167,1809,29.4,2.3,0.09129541,0.04693297,0.8859231,249197,,222.467072,9.945,222.461243,9.941667,1809,81,8.06,1,0.015159267,249197,27.63469012,7.056731,0.074384905,7.432298471,0.069825874,-2.333451,0.1547749,8.06,0.09,-9.3901825,0.312059519,TRUE,0.312059519,1.64E+08,FALSE,FALSE,FALSE,FALSE,FALSE,TRUE,FALSE,FALSE,FALSE,FALSE,FALSE,FALSE,TRUE,FALSE,0.00683748,20425.80541,TRUE,FALSE,0.006034174,FALSE,TRUE
249224,1,1.24E+18,218.12627,8.13583,2093,33,2.3,0.0832931,0.04281916,0.6274501,249224,,218.12709,8.126945,218.126266,8.135833,2093,45,8.23,2,0.017884267,249224,51.1377981,6.9691467,0.095584944,7.680104072,0.062809774,-2.428087,0.2231402,8.23,0.08,-9.397234,-0.207271325,FALSE,0.207271325,2.35E+08,FALSE,FALSE,FALSE,FALSE,FALSE,TRUE,FALSE,FALSE,FALSE,FALSE,FALSE,FALSE,FALSE,FALSE,0.009332966,10963.06482,FALSE,FALSE,0.006981497,TRUE,FALSE
249264,1,1.24E+18,223.18001,4.60472,1589,25.8,4.4,0.1342249,0.06900208,0.390858,249264,,223.184174,4.609722,223.180008,4.604722,1589,34,7.83,1,0.010165918,249264,66.99215938,7.290985,0.20150104,7.422844077,0.150668758,-2.409671,0.22490084,7.83,0.16,-9.700656,-0.318624838,TRUE,0.318624838,1.09E+08,FALSE,FALSE,FALSE,FALSE,TRUE,FALSE,FALSE,FALSE,FALSE,FALSE,FALSE,TRUE,FALSE,FALSE,0.004027632,58866.97637,TRUE,FALSE,0.005300333,FALSE,TRUE
249303,1,1.24E+18,220.33,7.79306,1766,28.6,2.3,0.1131752,0.0581809,0.6242629,249303,,220.336655,7.789722,220.330002,7.793056,1766,91,8.28,1,0.016070061,249303,51.37193669,8.051663,0.09850494,8.452814484,0.069890716,-2.3651536,0.17582484,8.28,0.09,-10.416817,0.049096061,FALSE,0.049096061,3.66E+08,FALSE,FALSE,FALSE,TRUE,FALSE,FALSE,FALSE,FALSE,FALSE,FALSE,FALSE,FALSE,FALSE,FALSE,0.007075996,19072.00181,FALSE,FALSE,0.005890742,TRUE,FALSE
249448,1,1.24E+18,217.68124,3.345,1526,25.1,2.4,0.09896538,0.05087593,0.3500016,249448,,217.681656,3.341389,217.681244,3.345,1526,84,8.07,1,0.014375467,249448,69.51264574,7.824459,0.17002785,7.973525624,0.083607126,-2.495529,0.22762154,8.06,0.1,-10.319988,-0.010713778,FALSE,0.010713778,2.23E+08,FALSE,FALSE,FALSE,TRUE,FALSE,FALSE,FALSE,FALSE,FALSE,FALSE,FALSE,FALSE,FALSE,FALSE,0.005469603,31919.7688,FALSE,FALSE,0.005090188,TRUE,FALSE
249541,1,1.24E+18,220.2675,19.71389,1831,30.3,2.3,0.07765948,0.03992304,0.7685072,249541,,220.265015,19.719444,220.267502,19.71389,1831,84,8.73,1,0.006777999,249541,39.78000828,7.758325,0.0787714,7.980791313,0.066284865,-4.8301907,2.0923085,8.73,0.08,-12.588516,0.020075231,FALSE,0.020075231,7.72E+08,TRUE,FALSE,FALSE,FALSE,FALSE,FALSE,FALSE,FALSE,FALSE,FALSE,FALSE,FALSE,FALSE,FALSE,0.003094348,99731.65796,FALSE,FALSE,0.006107559,TRUE,FALSE
249563,1,1.24E+18,223.98543,32.12167,2120,34.7,2.2,0.05543597,0.02849842,0.3303471,249563,,223.996246,32.112221,223.985428,32.121666,2120,110,8.4,1,0.015637888,249563,70.71021533,7.829813,0.1658692,7.877943515,0.057063009,-1.8020837,0.08862067,8.4,0.07,-9.631897,0.039233239,FALSE,0.039233239,4.02E+08,FALSE,FALSE,FALSE,FALSE,TRUE,FALSE,FALSE,FALSE,FALSE,FALSE,FALSE,FALSE,FALSE,FALSE,0.00826596,13976.06172,FALSE,FALSE,0.007071559,TRUE,FALSE
249590,1,1.24E+18,220.13167,34.26694,1489,25.9,2.2,0.04046579,0.02080258,0.7780032,249590,rgmph,220.125412,34.280556,220.131668,34.266945,1489,61,8.05,1,0.018957992,249590,38.92192076,6.9713044,0.091778755,7.251254547,0.080061164,-2.5539405,0.1958791,8.05,0.09,-9.525245,0.060834356,FALSE,0.060834356,1.59E+08,FALSE,FALSE,FALSE,FALSE,TRUE,FALSE,FALSE,FALSE,FALSE,FALSE,FALSE,FALSE,FALSE,FALSE,0.007038277,19276.96512,FALSE,FALSE,0.004966769,TRUE,FALSE
251077,1,1.24E+18,234.08084,30.68222,1728,29.5,2.1,0.1082925,0.05567079,0.6665617,251077,166-019,234.077515,30.681389,234.080841,30.682222,1728,162,9.17,1,0.007837439,251077,48.19779413,7.090443,0.08679232,8.330644265,0.061914121,-0.6348472,0.06192887,9.17,0.08,-7.7252903,0.136668572,FALSE,0.136668572,1.98E+09,FALSE,FALSE,FALSE,FALSE,FALSE,FALSE,TRUE,FALSE,FALSE,FALSE,FALSE,FALSE,FALSE,FALSE,0.003376737,83748.47445,FALSE,FALSE,0.005763988,TRUE,FALSE
251262,1,1.24E+18,237.25708,27.61,2177,64.3,13.5,0.1021833,0.05253022,0.4833727,251262,166-060,237.260406,27.615557,237.25708,27.610001,2177,205,9.78,1,0.0036,251262,61.09414055,9.333057,0.20983258,9.649302978,0.182365019,-0.8051853,0.18355055,9.78,0.19,-10.138243,-0.008546765,FALSE,0.008546765,1.02E+10,FALSE,FALSE,FALSE,TRUE,FALSE,FALSE,FALSE,FALSE,FALSE,FALSE,FALSE,FALSE,FALSE,FALSE,0.001954071,250086.8571,FALSE,FALSE,0.00726169,TRUE,FALSE
251419,1,1.24E+18,226.03459,1.52444,1854,25.5,4.2,0.1791766,0.09211077,0.4932837,251419,MTT-124,226.047073,1.534444,226.034592,1.524444,1854,21,7.63,2,0.01609855,251419,60.44341194,8.202092,0.17518792,8.558052457,0.143083185,-2.5398734,0.2474843,7.63,0.17,-10.741965,-0.577130089,TRUE,0.577130089,2.16E+08,FALSE,FALSE,TRUE,FALSE,FALSE,FALSE,FALSE,FALSE,FALSE,TRUE,FALSE,FALSE,FALSE,FALSE,0.007441763,17243.27471,TRUE,TRUE,0.006184278,FALSE,TRUE
251558,1,1.24E+18,230.56084,31.47528,2192,35.9,2.1,0.06821717,0.03506896,0.6126193,251558,MK 850,230.56459,31.493612,230.560837,31.475279,2192,51,8.26,1,0.009889467,251558,52.22090678,7.378276,0.08798828,8.16198625,0.051036566,-1.5154955,0.06089126,8.26,0.08,-8.893771,-0.172737383,FALSE,0.172737383,2.66E+08,FALSE,FALSE,FALSE,FALSE,FALSE,FALSE,TRUE,FALSE,FALSE,FALSE,FALSE,FALSE,FALSE,FALSE,0.005404963,32687.81245,FALSE,FALSE,0.007311725,TRUE,FALSE
251585,1,1.24E+18,231.93542,9.69917,1813,29.5,2.4,0.1252687,0.06439792,0.382444,251585,,231.942917,9.691389,231.935425,9.699166,1813,40,7.96,1,0.0228509,251585,67.51490499,8.170056,0.1529839,8.325744668,0.07074948,-2.6924663,0.31445903,7.96,0.09,-10.862522,-0.347419297,TRUE,0.347419297,2.69E+08,FALSE,FALSE,TRUE,FALSE,FALSE,FALSE,FALSE,FALSE,FALSE,TRUE,FALSE,FALSE,FALSE,FALSE,0.010329527,8949.741688,TRUE,FALSE,0.006047517,FALSE,TRUE
252399,1,1.24E+18,226.54666,2.09528,1811,25.6,4.3,0.1741274,0.0895151,0.2670996,252399,MTT-192,226.543335,2.095833,226.546661,2.095278,1811,147,8.83,1,0.008048769,252399,74.50831415,7.822274,0.23572835,8.108388062,0.146063907,-2.397862,0.22264983,8.83,0.15,-10.220137,0.060901947,FALSE,0.060901947,9.66E+08,FALSE,FALSE,FALSE,TRUE,FALSE,FALSE,FALSE,FALSE,FALSE,FALSE,FALSE,FALSE,FALSE,FALSE,0.003634354,72296.43812,FALSE,FALSE,0.006040846,TRUE,FALSE
252478,1,1.24E+18,229.47585,16.31139,720,12.5,2.3,0.1009202,0.05188088,0.5675042,252478,106-029,229.474167,16.309444,229.475845,16.311388,720,34,7.75,1,0.018715838,252478,55.42367805,7.0434017,0.17971717,7.549987496,0.165383632,-3.2983854,0.6071187,7.75,0.17,-10.341787,-0.243829344,FALSE,0.243829344,8.58E+07,FALSE,FALSE,FALSE,TRUE,FALSE,FALSE,FALSE,FALSE,FALSE,FALSE,FALSE,FALSE,FALSE,FALSE,0.003359859,84591.97812,FALSE,FALSE,0.002401661,TRUE,FALSE
252481,1,1.24E+18,237.4525,27.13778,2170,35.8,2.2,0.1090468,0.05605856,0.6887921,252481,166-061,237.454163,27.137501,237.452499,27.137777,2170,72,8.36,1,0.011265149,252481,46.46547023,8.56043,0.077878736,8.793927725,0.053411097,-1.7518343,0.076918215,8.35,0.08,-10.3122635,-0.085482427,FALSE,0.085482427,6.68E+08,FALSE,FALSE,FALSE,TRUE,FALSE,FALSE,FALSE,FALSE,FALSE,FALSE,FALSE,FALSE,FALSE,FALSE,0.006095032,25705.10487,FALSE,FALSE,0.007238341,TRUE,FALSE
252519,1,1.24E+18,225.98209,0.42889,1593,25.6,2.3,0.2020052,0.1038464,0.7039042,252519,KKR15,225.981674,0.420833,225.982086,0.428889,1593,40,8.26,1,0.014842789,252519,45.25895435,7.3203444,0.09573512,8.071258851,0.079787222,-2.1752887,0.31387788,8.27,0.09,-9.495633,-0.230626199,FALSE,0.230626199,2.63E+08,FALSE,FALSE,FALSE,FALSE,FALSE,TRUE,FALSE,FALSE,FALSE,FALSE,FALSE,FALSE,FALSE,FALSE,0.005895364,27475.78753,FALSE,FALSE,0.005313676,TRUE,FALSE
252550,1,1.24E+18,226.47166,2.0075,1290,25.6,4.3,0.1803629,0.09272063,0.4010239,252550,MTT-180,226.480408,2.007222,226.471664,2.0075,1290,51,7.97,1,0.014391162,252550,66.35785302,7.2235794,0.19852726,7.638247986,0.146886012,-2.400836,0.20890303,7.97,0.16,-9.624415,-0.167838658,FALSE,0.167838658,1.41E+08,FALSE,FALSE,FALSE,FALSE,TRUE,FALSE,FALSE,FALSE,FALSE,FALSE,FALSE,FALSE,FALSE,FALSE,0.004628763,44569.8922,FALSE,FALSE,0.004302977,TRUE,FALSE
252555,1,1.24E+18,226.51375,2.18472,1652,25.6,4.1,0.1742645,0.08958557,0.8644605,252555,MTT-187,226.516678,2.181667,226.513748,2.184722,1652,100,8.25,1,0.010178638,252555,30.1788671,8.317426,0.1458895,8.611133118,0.1391353,-2.0824103,0.16608675,8.25,0.15,-10.399836,0.260506864,FALSE,0.260506864,4.44E+08,FALSE,FALSE,FALSE,TRUE,FALSE,FALSE,FALSE,FALSE,FALSE,FALSE,FALSE,FALSE,FALSE,FALSE,0.004192558,54326.69737,TRUE,FALSE,0.005510479,TRUE,FALSE
252647,1,1.24E+18,227.98625,32.59805,2236,36.4,2.2,0.06869014,0.0353121,0.7228845,252647,,227.980835,32.60083,227.986252,32.598053,2236,112,8.75,1,0.01238684,252647,43.70689042,8.289573,0.07285417,8.583054685,0.052537849,-1.8951987,0.094032615,8.75,0.07,-10.184772,0.089877891,FALSE,0.089877891,9.43E+08,FALSE,FALSE,FALSE,TRUE,FALSE,FALSE,FALSE,FALSE,FALSE,FALSE,FALSE,FALSE,FALSE,FALSE,0.006905763,20023.87263,FALSE,FALSE,0.007458493,TRUE,FALSE
252652,1,1.24E+18,232.605,27.26889,2023,33.5,2.2,0.1512325,0.07774531,0.480087,252652,F514-2,232.604584,27.27,232.604996,27.268888,2023,23,8.72,1,0.014685762,252652,61.30896751,7.22424,0.12457201,7.402319553,0.097965733,-2.0372624,0.29171863,8.71,0.07,-9.261502,-0.671207621,TRUE,0.671207621,7.15E+08,FALSE,FALSE,FALSE,FALSE,FALSE,TRUE,FALSE,FALSE,FALSE,FALSE,FALSE,FALSE,TRUE,FALSE,0.007407501,17403.15513,TRUE,TRUE,0.006748002,FALSE,TRUE
253363,1,1.24E+18,232.56958,3.28917,1792,28.6,2.2,0.1789154,0.09197649,0.5772639,253363,,232.587097,3.282222,232.56958,3.289167,1792,35,8.04,1,0.0108,253363,54.74171709,7.6286435,0.10433992,7.87592926,0.067708847,-2.3742154,0.2090499,8.04,0.09,-10.002859,-0.312951458,TRUE,0.312951458,1.88E+08,FALSE,FALSE,FALSE,TRUE,FALSE,FALSE,FALSE,FALSE,FALSE,FALSE,TRUE,FALSE,FALSE,FALSE,0.004825486,41009.94688,TRUE,FALSE,0.005977469,FALSE,TRUE
253747,1,1.24E+18,227.2825,0.72472,1652,26.4,2.3,0.1899046,0.0976258,0.3677897,253747,MTT-287,227.276245,0.724722,227.282501,0.724722,1652,130,8.19,1,0.008049716,253747,68.42069101,7.832514,0.16058184,7.942292194,0.076391704,-2.2838247,0.152814,8.22,0.1,-10.116339,0.159780472,FALSE,0.159780472,2.74E+08,FALSE,FALSE,FALSE,TRUE,FALSE,FALSE,FALSE,FALSE,FALSE,FALSE,FALSE,FALSE,FALSE,FALSE,0.00331566,86862.34017,FALSE,FALSE,0.005510479,TRUE,FALSE
253770,1,1.24E+18,228.13208,0.8125,1898,29.8,2.3,0.1585355,0.08149961,0.5005381,253770,,228.119995,0.822778,228.13208,0.8125,1898,227,8.25,2,0,253770,59.96444385,8.648847,0.119630575,8.711512992,0.06710505,-2.282769,0.21018574,8.25,0.09,-10.931616,0.333915973,TRUE,0.333915973,6.82E+08,FALSE,FALSE,TRUE,FALSE,FALSE,FALSE,FALSE,FALSE,FALSE,TRUE,FALSE,FALSE,FALSE,FALSE,0,Infinity,TRUE,FALSE,0.006331047,FALSE,TRUE
253845,1,1.24E+18,233.90042,0.37528,2040,31.8,2.2,0.2380696,0.1223864,0.7223575,253845,,233.902496,0.379722,233.900421,0.375278,2040,38,8.42,1,0.00804981,253845,43.75057237,7.6547184,0.07987692,8.379776287,0.060516777,-2.7573206,0.5867806,8.42,0.08,-10.412039,-0.28545285,FALSE,0.28545285,3.95E+08,FALSE,FALSE,FALSE,TRUE,FALSE,FALSE,FALSE,FALSE,FALSE,FALSE,FALSE,FALSE,FALSE,FALSE,0.004094446,56961.46283,TRUE,FALSE,0.006804708,TRUE,FALSE
253923,1,1.24E+18,233.49501,12.06361,2646,41.3,2.1,0.1380208,0.07095347,0.9146914,253923,,233.503326,12.053056,233.49501,12.063611,2646,17,8.08,1,0.0036,253923,23.83808042,7.6606345,0.06433168,7.991418403,0.046633517,-1.784336,0.102600604,8.08,0.08,-9.44497,-0.330680696,TRUE,0.330680696,2.06E+08,FALSE,FALSE,FALSE,FALSE,FALSE,TRUE,FALSE,FALSE,FALSE,FALSE,FALSE,FALSE,TRUE,FALSE,0.002375044,169288.7301,TRUE,FALSE,0.008826106,FALSE,TRUE
254132,1,1.24E+18,239.00708,26.28389,2618,42.1,2.3,0.2094211,0.1076588,0.7281774,254132,,239.008347,26.284445,239.00708,26.283888,2618,56,8.32,1,0.0072,254132,43.26622065,7.505672,0.07000309,7.965654666,0.04880424,-2.9097917,0.5558751,8.32,0.07,-10.415463,-0.086846945,FALSE,0.086846945,3.10E+08,FALSE,FALSE,FALSE,TRUE,FALSE,FALSE,FALSE,FALSE,FALSE,FALSE,FALSE,FALSE,FALSE,FALSE,0.004699823,43232.31095,FALSE,FALSE,0.008732708,TRUE,FALSE
254134,1,1.24E+18,239.25667,30.09139,1716,29.5,2.2,0.1234408,0.06345823,0.6825595,254134,,239.253326,30.091389,239.256668,30.091389,1716,38,7.98,1,0.007195021,254134,46.95606304,7.1929893,0.0871174,7.727194253,0.065626989,-2.7873836,0.28039107,7.98,0.09,-9.980373,-0.198857138,FALSE,0.198857138,1.43E+08,FALSE,FALSE,FALSE,FALSE,TRUE,FALSE,FALSE,FALSE,FALSE,FALSE,FALSE,FALSE,FALSE,FALSE,0.003078426,100766.0024,FALSE,FALSE,0.00572396,TRUE,FALSE
257920,1,1.24E+18,233.69417,12.44722,2687,41.9,2.2,0.1200553,0.06171779,0.5043009,257920,Tol1532,233.68959,12.446111,233.694168,12.447223,2687,136,8.67,1,0.012886879,257920,59.7150949,8.125041,0.108071536,8.557555049,0.045731677,-1.872209,0.11213316,8.67,0.07,-9.99725,0.101423188,FALSE,0.101423188,7.55E+08,FALSE,FALSE,FALSE,FALSE,TRUE,FALSE,FALSE,FALSE,FALSE,FALSE,FALSE,FALSE,FALSE,FALSE,0.008633656,12810.96645,FALSE,FALSE,0.008962867,TRUE,FALSE
257927,1,1.24E+18,234.65292,13.5175,2404,38.1,2.4,0.149967,0.07709476,0.5540565,257927,,234.653748,13.519444,234.652924,13.5175,2404,46,8.4,1,0.0140011,257927,56.35429419,7.8674035,0.10210565,8.204875789,0.059614839,-2.4775188,0.7123796,8.4,0.08,-10.344922,-0.286506734,FALSE,0.286506734,4.08E+08,FALSE,FALSE,FALSE,TRUE,FALSE,FALSE,FALSE,FALSE,FALSE,FALSE,FALSE,FALSE,FALSE,FALSE,0.008392202,13558.7448,TRUE,FALSE,0.008018881,TRUE,FALSE
257929,1,1.24E+18,234.73958,12.54889,1773,29.3,2.3,0.14973,0.0769729,0.6666583,257929,,234.737488,12.549723,234.739578,12.548889,1773,84,8.63,1,0.007896377,257929,48.19036895,8.4228525,0.09151196,8.640493226,0.068224998,-2.0230343,0.12398719,8.63,0.08,-10.445887,-0.054421632,FALSE,0.054421632,8.32E+08,FALSE,FALSE,FALSE,TRUE,FALSE,FALSE,FALSE,FALSE,FALSE,FALSE,FALSE,FALSE,FALSE,FALSE,0.003490727,78368.13425,FALSE,FALSE,0.005914091,TRUE,FALSE
257943,1,1.24E+18,236.91376,16.28278,2097,34.1,2.3,0.100987,0.05191522,0.6952062,257943,,236.915009,16.284166,236.913757,16.282778,2097,102,8.72,1,0.012621834,257943,45.95638786,8.008163,0.08073457,8.470198414,0.058752489,-2.487579,0.3697902,8.72,0.07,-10.495743,0.049940531,FALSE,0.049940531,8.00E+08,FALSE,FALSE,FALSE,TRUE,FALSE,FALSE,FALSE,FALSE,FALSE,FALSE,FALSE,FALSE,FALSE,FALSE,0.006599336,21926.58209,FALSE,FALSE,0.006994839,TRUE,FALSE
258126,1,1.24E+18,231.05333,11.69333,2839,43.9,2.3,0.1167813,0.0600347,0.6671448,258126,,231.054169,11.692778,231.053329,11.693334,2839,111,9.28,1,0.014825237,258126,48.15296095,8.332776,0.07596608,8.748126997,0.045682239,-1.8686371,0.13864568,9.27,0.06,-10.201413,-0.062889453,FALSE,0.062889453,2.75E+09,FALSE,FALSE,FALSE,TRUE,FALSE,FALSE,FALSE,FALSE,FALSE,FALSE,FALSE,FALSE,FALSE,FALSE,0.010494128,8671.189026,FALSE,FALSE,0.009469885,TRUE,FALSE
258136,1,1.24E+18,233.82291,9.44667,2836,43.8,2.3,0.1201055,0.06174361,0.3829243,258136,,233.824585,9.445556,233.822906,9.446667,2836,59,8.66,1,0.01784416,258136,67.48511843,8.881538,0.14371492,8.443926787,0.046016542,-1.5271945,0.108346306,8.65,0.07,-10.408733,-0.355120355,TRUE,0.355120355,1.37E+09,FALSE,FALSE,FALSE,TRUE,FALSE,FALSE,FALSE,FALSE,FALSE,FALSE,TRUE,FALSE,FALSE,FALSE,0.012617743,5998.022049,TRUE,FALSE,0.009459878,FALSE,TRUE
258151,1,1.24E+18,235.71375,9.15306,2151,34.3,2.3,0.1474577,0.0758048,0.264644,258151,,235.707077,9.149722,235.713745,9.153055,2151,125,8.66,1,0.025294298,258151,74.65426276,8.006228,0.19660565,7.870548435,0.06142313,-2.5691466,0.43707713,8.66,0.08,-10.575375,0.02367111,FALSE,0.02367111,7.09E+08,FALSE,FALSE,TRUE,FALSE,FALSE,FALSE,FALSE,FALSE,FALSE,FALSE,FALSE,FALSE,FALSE,FALSE,0.013565705,5189.035549,FALSE,FALSE,0.007174964,TRUE,FALSE
258278,1,1.24E+18,228.1875,6.16417,1487,24.7,2.3,0.1193404,0.0613503,0.6303802,258278,,228.191238,6.161389,228.1875,6.164167,1487,44,7.91,1,0.0108,258278,50.92186444,6.754625,0.109942436,7.297255193,0.086202658,-2.8094358,0.29400468,7.91,0.1,-9.56406,-0.136882939,FALSE,0.136882939,1.14E+08,FALSE,FALSE,FALSE,FALSE,TRUE,FALSE,FALSE,FALSE,FALSE,FALSE,FALSE,FALSE,FALSE,FALSE,0.004004184,59558.4354,FALSE,FALSE,0.004960098,TRUE,FALSE
258331,1,1.24E+18,235.27625,4.75278,1977,31.4,2.3,0.1909224,0.09814904,0.5992985,258331,,235.275009,4.753056,235.276245,4.752778,1977,15,7.76,1,0.01932914,258331,53.18037201,7.7769885,0.10045745,7.9409928,0.064734643,-2.1753862,0.18285023,7.76,0.1,-9.952374,-0.637253685,TRUE,0.637253685,1.36E+08,FALSE,FALSE,FALSE,FALSE,TRUE,FALSE,FALSE,FALSE,FALSE,FALSE,FALSE,TRUE,FALSE,FALSE,0.009527929,10518.99688,TRUE,TRUE,0.006594562,FALSE,TRUE
258430,1,1.24E+18,239.98126,6.88417,1558,25.9,2.2,0.133671,0.06871735,0.4255607,258430,,239.978348,6.886111,239.981262,6.884167,1558,51,8.01,1,0.012951263,258430,64.81389569,7.329517,0.14220262,7.32768811,0.0801521,-3.0139906,0.548854,8,0.09,-10.343508,-0.174620597,FALSE,0.174620597,1.57E+08,FALSE,FALSE,FALSE,TRUE,FALSE,FALSE,FALSE,FALSE,FALSE,FALSE,FALSE,FALSE,FALSE,FALSE,0.005031053,37727.11331,FALSE,FALSE,0.005196929,TRUE,FALSE
258598,1,1.24E+18,231.72417,2.98278,1780,28.4,2.3,0.1537686,0.07904906,0.7725527,258598,,231.72876,2.990833,231.724167,2.982778,1780,55,8.04,1,0.012967813,258598,39.41635753,7.1155806,0.087952025,6.299135327,0.307053036,-2.4792736,0.21336783,8.04,0.09,-9.594854,0.011067447,FALSE,0.011067447,1.59E+08,FALSE,FALSE,FALSE,FALSE,TRUE,FALSE,FALSE,FALSE,FALSE,FALSE,FALSE,FALSE,FALSE,FALSE,0.005755275,28829.64172,FALSE,FALSE,0.005937441,TRUE,FALSE
258664,1,1.24E+18,237.26083,16.71334,2055,33.6,2.3,0.1242331,0.06386552,0.7128875,258664,,237.263336,16.717501,237.260834,16.713335,2055,101,9.16,1,0.022676209,258664,44.52969905,7.9572916,0.07974307,8.192790727,0.063238756,-1.799145,0.33285767,9.16,0.07,-9.756436,-0.04382122,FALSE,0.04382122,2.01E+09,FALSE,FALSE,FALSE,FALSE,TRUE,FALSE,FALSE,FALSE,FALSE,FALSE,FALSE,FALSE,FALSE,FALSE,0.011618809,7073.725027,FALSE,FALSE,0.006854742,TRUE,FALSE
258665,1,1.24E+18,238.66,16.61056,2368,38,2.4,0.1137929,0.05849842,0.5732552,258665,,238.658325,16.612223,238.660004,16.610556,2368,199,9.12,1,0.019944292,258665,55.02251234,8.00963,0.0976152,8.416405287,0.055017339,-2.1145306,0.19590011,9.12,0.07,-10.124161,0.191965278,FALSE,0.191965278,1.86E+09,FALSE,FALSE,FALSE,TRUE,FALSE,FALSE,FALSE,FALSE,FALSE,FALSE,FALSE,FALSE,FALSE,FALSE,0.011775508,6886.714585,FALSE,FALSE,0.007898798,TRUE,FALSE
261313,1,1.24E+18,241.67084,6.58083,1755,28.7,2.2,0.2088187,0.1073491,0.5754722,261313,051-043,241.671265,6.581389,241.670837,6.580833,1755,48,8.64,1,0.015223272,261313,54.86733899,8.472826,0.10450708,8.810540577,0.066594127,-1.6661323,0.085219055,8.64,0.08,-10.138958,-0.343530593,TRUE,0.343530593,8.78E+08,FALSE,FALSE,FALSE,TRUE,FALSE,FALSE,FALSE,FALSE,FALSE,FALSE,TRUE,FALSE,FALSE,FALSE,0.006661384,21520.01018,TRUE,FALSE,0.00585405,FALSE,TRUE
262533,1,1.24E+18,241.71249,8.15806,2812,43.7,2.3,0.1589624,0.08171907,0.6259841,262533,,241.709579,8.158889,241.712494,8.158055,2812,71,8.6,1,0.022960497,262533,51.245589,8.362681,0.08297561,8.794204318,0.045772909,-1.557823,0.10051915,8.6,0.07,-9.920505,-0.137234088,FALSE,0.137234088,7.60E+08,FALSE,FALSE,FALSE,FALSE,TRUE,FALSE,FALSE,FALSE,FALSE,FALSE,FALSE,FALSE,FALSE,FALSE,0.016098148,3684.847565,FALSE,FALSE,0.009379822,TRUE,FALSE
262734,1,1.24E+18,248.60292,24.96139,1007,19.1,2.2,0.1364226,0.07013188,0.8377888,262734,,248.59877,24.972223,248.602921,24.96139,1007,24,7.35,2,0.003263733,262734,33.09267424,7.034007,0.10610777,7.243594312,0.100971992,-3.1712174,0.38590026,7.35,0.13,-10.205225,-0.135367898,FALSE,0.135367898,4.06E+07,FALSE,FALSE,FALSE,TRUE,FALSE,FALSE,FALSE,FALSE,FALSE,FALSE,FALSE,FALSE,FALSE,FALSE,8.19E-04,1422081.681,FALSE,FALSE,0.00335899,TRUE,FALSE
262737,1,1.24E+18,250.08917,28.76556,963,18.6,2.2,0.1112695,0.0572012,0.928887,262737,,250.092911,28.764166,250.089172,28.765556,963,80,8.54,1,0.015722434,262737,21.73804031,7.3922405,0.10618481,7.574033995,0.103506421,-2.7811134,0.25924167,8.54,0.11,-10.173354,0.286552617,FALSE,0.286552617,4.86E+08,FALSE,FALSE,FALSE,TRUE,FALSE,FALSE,FALSE,FALSE,FALSE,FALSE,FALSE,FALSE,FALSE,FALSE,0.003775073,67007.06466,TRUE,FALSE,0.003212222,TRUE,FALSE
268216,1,1.24E+18,243.08545,6.54361,1723,28.3,2.3,0.1797018,0.09238077,0.5160084,268216,,243.085449,6.538333,243.085449,6.543611,1723,46,8.34,1,0.005074612,268216,58.93516809,7.0108466,0.12050683,7.783666122,0.076638066,-1.8750762,0.24976219,8.34,0.09,-8.885922,-0.266022239,FALSE,0.266022239,3.01E+08,FALSE,FALSE,FALSE,FALSE,FALSE,FALSE,TRUE,FALSE,FALSE,FALSE,FALSE,FALSE,FALSE,FALSE,0.002180055,200926.1623,TRUE,FALSE,0.005747309,TRUE,FALSE
310823,1,1.24E+18,328.57498,0.94222,2972,44.6,2.3,0.2296942,0.1180808,0.7599967,310823,,328.575409,0.948333,328.574982,0.942222,2972,190,8.82,1,0.010181649,310823,40.53612727,8.493708,0.063717544,8.96314102,0.044839295,-1.3590363,0.075024635,8.81,0.07,-9.852744,0.320678275,TRUE,0.320678275,1.19E+09,FALSE,FALSE,FALSE,FALSE,TRUE,FALSE,FALSE,FALSE,FALSE,FALSE,FALSE,TRUE,FALSE,FALSE,0.007544774,16775.63143,TRUE,FALSE,0.009913525,FALSE,TRUE
320215,1,1.24E+18,336.68832,16.18389,1902,29.1,2.3,0.1836702,0.09442083,0.6998173,320215,452-012,336.688721,16.184721,336.688324,16.183887,1902,115,8.9,1,0.017546827,320215,45.58769071,8.72565,0.0903999,8.938902636,0.068787781,-1.4893581,0.092823535,8.9,0.08,-10.215008,0.030294538,FALSE,0.030294538,1.59E+09,FALSE,FALSE,FALSE,TRUE,FALSE,FALSE,FALSE,FALSE,FALSE,FALSE,FALSE,FALSE,FALSE,FALSE,0.008321247,13790.9605,FALSE,FALSE,0.006344389,TRUE,FALSE
320342,1,1.24E+18,341.07834,5.36222,1928,28.7,2.2,0.2435138,0.1251851,0.5635158,320342,405-007,341.081268,5.363889,341.078339,5.362222,1928,93,8.81,1,0.008042812,320342,55.70075788,8.042878,0.10679682,8.696941182,0.066600714,-0.96148473,0.067523874,8.81,0.08,-9.004363,-0.071431854,FALSE,0.071431854,9.69E+08,FALSE,FALSE,FALSE,FALSE,FALSE,TRUE,FALSE,FALSE,FALSE,FALSE,FALSE,FALSE,FALSE,FALSE,0.003866289,63882.63697,FALSE,FALSE,0.006431116,TRUE,FALSE
320366,1,1.24E+18,341.75165,21.89556,1406,21.7,2.4,0.1604803,0.08249938,0.3355861,320366,474-028,341.749603,21.897778,341.751648,21.895555,1403,72,8.54,1,0.019199761,320366,70.39187714,8.005207,0.18124284,8.698841729,0.096074106,-1.8581825,0.1137514,8.55,0.1,-9.86339,-0.180515093,FALSE,0.180515093,5.62E+08,FALSE,FALSE,FALSE,FALSE,TRUE,FALSE,FALSE,FALSE,FALSE,FALSE,FALSE,FALSE,FALSE,FALSE,0.006730704,21079.02126,FALSE,FALSE,0.004689911,TRUE,FALSE
320881,1,1.24E+18,344.78043,13.72139,2650,39,2.4,0.2245855,0.1154545,0.3273701,320881,,344.78418,13.7175,344.780426,13.721389,2650,118,9.12,1,0.014444828,320881,70.89083111,8.102459,0.16606803,8.460924705,0.053771781,-2.5150309,0.42444122,9.11,0.07,-10.61749,-0.098322602,FALSE,0.098322602,1.88E+09,FALSE,FALSE,TRUE,FALSE,FALSE,FALSE,FALSE,FALSE,FALSE,FALSE,FALSE,FALSE,FALSE,FALSE,0.009544157,10483.25695,FALSE,FALSE,0.008839449,TRUE,FALSE
320901,1,1.24E+18,337.02792,23.37722,1278,20.2,2.3,0.1746989,0.08980886,0.8726001,320901,KKR70,337.021271,23.373611,337.027924,23.377222,1278,57,8.45,1,0.015051708,320901,29.23781643,7.2157464,0.107095,7.36312265,0.108303707,-2.4615993,0.38008854,8.45,0.11,-9.677345,0.042658694,FALSE,0.042658694,3.91E+08,FALSE,FALSE,FALSE,FALSE,TRUE,FALSE,FALSE,FALSE,FALSE,FALSE,FALSE,FALSE,FALSE,FALSE,0.004796185,41512.55382,FALSE,FALSE,0.004262949,TRUE,FALSE
321191,1,1.24E+18,344.95999,13.73611,2638,38.8,2.2,0.2539549,0.1305526,0.4456603,321191,,344.958344,13.742223,344.959991,13.736112,2638,118,8.8,1,0.008004329,321191,63.53446136,7.948463,0.12541172,8.238548939,0.049880415,-1.8378106,0.13257393,8.8,0.07,-9.786274,0.001788288,FALSE,0.001788288,9.28E+08,FALSE,FALSE,FALSE,FALSE,TRUE,FALSE,FALSE,FALSE,FALSE,FALSE,FALSE,FALSE,FALSE,FALSE,0.005264766,34451.9084,FALSE,FALSE,0.008799421,TRUE,FALSE
321194,1,1.24E+18,344.26669,25.725,1050,16.5,2.2,0.5259669,0.2703881,0.2321162,321194,FGC274A,344.27002,25.725279,344.266693,25.725,1050,95,8.49,1,0.009729587,321194,76.57837131,7.560935,0.2363893,7.750212812,0.115987909,-2.1720707,0.13454811,8.48,0.12,-9.733006,-0.04921029,FALSE,0.04921029,4.47E+08,FALSE,FALSE,FALSE,FALSE,TRUE,FALSE,FALSE,FALSE,FALSE,FALSE,FALSE,FALSE,FALSE,FALSE,0.0025472,147178.8207,FALSE,FALSE,0.003502423,TRUE,FALSE
321304,1,1.24E+18,330.96289,25.44222,2692,41.3,2.4,0.2222745,0.1142665,0.7721756,321304,,330.962891,25.44972,330.962891,25.442221,2692,142,8.87,1,0.004850582,321304,39.45037349,8.088747,0.06656446,8.487129158,0.050592178,-1.8672045,0.13130179,8.87,0.07,-9.955952,0.211752187,FALSE,0.211752187,1.11E+09,FALSE,FALSE,FALSE,FALSE,TRUE,FALSE,FALSE,FALSE,FALSE,FALSE,FALSE,FALSE,FALSE,FALSE,0.003255729,90089.65331,FALSE,FALSE,0.008979545,TRUE,FALSE
321307,1,1.24E+18,333.51956,25.68111,1152,18.7,2.2,0.2795725,0.1437221,0.6373327,321307,,333.518341,25.685555,333.519562,25.68111,1152,60,7.96,1,0.006488784,321307,50.4068306,6.822932,0.12572296,7.427643804,0.102682926,-2.657577,0.23205633,7.96,0.11,-9.480509,-0.011718253,FALSE,0.011718253,1.28E+08,FALSE,FALSE,FALSE,FALSE,FALSE,TRUE,FALSE,FALSE,FALSE,FALSE,FALSE,FALSE,FALSE,FALSE,0.001863782,274904.0481,FALSE,FALSE,0.003842658,TRUE,FALSE
321380,1,1.24E+18,339.62375,23.85861,1404,21.8,2.2,0.1397436,0.0718391,0.7338957,321380,AGES,339.622498,23.855,339.623749,23.858612,1404,51,7.76,1,0.00791705,321380,42.78604976,6.4195347,0.103908956,6.773076795,0.104188068,-2.8052902,0.34270835,7.76,0.1,-9.224825,0.024617428,FALSE,0.024617428,7.92E+07,FALSE,FALSE,FALSE,FALSE,FALSE,TRUE,FALSE,FALSE,FALSE,FALSE,FALSE,FALSE,FALSE,FALSE,0.002771468,124323.0733,FALSE,FALSE,0.00468324,TRUE,FALSE
321434,1,1.24E+18,341.93332,30.75333,861,14.1,2.4,0.1660246,0.0853496,0.8209234,321434,,341.93042,30.758055,341.933319,30.753334,861,64,7.62,1,0.014728589,321434,34.82269267,7.5879717,0.15219803,7.789259931,0.147870376,-3.1635733,0.31039563,7.62,0.16,-10.751545,0.179752706,FALSE,0.179752706,9.42E+07,FALSE,FALSE,TRUE,FALSE,FALSE,FALSE,FALSE,FALSE,FALSE,FALSE,FALSE,FALSE,FALSE,FALSE,0.003161867,95517.76208,FALSE,FALSE,0.002871987,TRUE,FALSE
321647,1,1.24E+18,343.80331,11.03611,2060,30.6,2.3,0.3468373,0.1783015,0.5790489,321647,,343.803741,11.039167,343.803314,11.036112,2060,140,9.17,1,0.015861948,321647,54.61637103,8.240934,0.10367515,8.413235781,0.065446039,-2.0957112,0.1678486,9.16,0.08,-10.336645,0.025854056,FALSE,0.025854056,2.14E+09,FALSE,FALSE,FALSE,TRUE,FALSE,FALSE,FALSE,FALSE,FALSE,FALSE,FALSE,FALSE,FALSE,FALSE,0.0081471,14386.83438,FALSE,FALSE,0.00687142,TRUE,FALSE
322006,1,1.24E+18,333.53668,2.13139,2900,43.2,2.3,0.1566492,0.08052991,0.9904867,322006,,333.550842,2.133333,333.536682,2.131389,2881,126,8.56,1,0.00804539,322006,7.909490215,7.419483,0.053464342,7.77099559,0.052721397,-2.340597,0.3589442,8.53,0.07,-9.76008,0.908723034,TRUE,0.908723034,5.09E+08,FALSE,FALSE,FALSE,FALSE,TRUE,FALSE,FALSE,FALSE,FALSE,FALSE,FALSE,TRUE,FALSE,FALSE,0.00581734,28217.75964,TRUE,TRUE,0.009673359,FALSE,TRUE
322008,1,1.24E+18,333.77457,1.77361,2155,32.5,2.2,0.1387848,0.07134622,0.6957669,322008,,333.776276,1.781389,333.774567,1.773611,2155,49,8.41,1,0.011379291,322008,45.91167801,7.5790844,0.08149566,7.898488879,0.059891946,-3.8299675,1.3597869,8.41,0.08,-11.409052,-0.18726686,FALSE,0.18726686,3.80E+08,FALSE,TRUE,FALSE,FALSE,FALSE,FALSE,FALSE,FALSE,FALSE,FALSE,FALSE,FALSE,FALSE,FALSE,0.00611423,25543.93333,FALSE,FALSE,0.007188306,TRUE,FALSE
322013,1,1.24E+18,337.69376,1.39528,1574,23.7,2.2,0.2992177,0.1538213,0.5785071,322013,,337.695007,1.4025,337.693756,1.395278,1574,72,8.39,1,0.016095871,322013,54.65443779,7.8781376,0.11382002,8.108020882,0.080763639,-2.7129898,0.3256233,8.39,0.09,-10.591127,-0.081532531,FALSE,0.081532531,4.02E+08,FALSE,FALSE,TRUE,FALSE,FALSE,FALSE,FALSE,FALSE,FALSE,FALSE,FALSE,FALSE,FALSE,FALSE,0.006316821,23931.7417,FALSE,FALSE,0.005250299,TRUE,FALSE
322178,1,1.24E+18,340.66336,9.91889,2106,31.5,2.2,0.253831,0.1304889,0.4478005,322178,,340.663757,9.9175,340.663361,9.918889,2106,107,8.7,1,0.005053262,322178,63.3973999,7.466485,0.12955981,8.121894107,0.060964571,-3.4642537,1.0164983,8.7,0.08,-10.930738,-0.008935447,FALSE,0.008935447,6.96E+08,FALSE,FALSE,TRUE,FALSE,FALSE,FALSE,FALSE,FALSE,FALSE,FALSE,FALSE,FALSE,FALSE,FALSE,0.002653441,135628.9385,FALSE,FALSE,0.00702486,TRUE,FALSE
322463,1,1.24E+18,344.89835,16.76583,355,6.5,2.3,0.2183227,0.1122349,0.7113948,322463,AGES,344.899567,16.77389,344.898346,16.765833,355,37,6.96,1,0.017514156,322463,44.65152402,6.213047,0.31212118,6.487320263,0.307745527,-3.919693,0.46377248,6.96,0.31,-10.13274,0.060408977,FALSE,0.060408977,1.38E+07,FALSE,FALSE,FALSE,TRUE,FALSE,FALSE,FALSE,FALSE,FALSE,FALSE,FALSE,FALSE,FALSE,FALSE,0.001550233,397354.0052,FALSE,FALSE,0.001184153,TRUE,FALSE
322468,1,1.24E+18,338.13876,12.15722,2014,30.5,2.2,0.2225676,0.1144171,0.6238487,322468,rgmph,338.136658,12.155,338.138763,12.157222,2014,98,8.8,1,0.012779162,322468,51.40230852,8.184469,0.09398816,8.163455808,0.063399756,-2.963454,0.74937314,8.8,0.08,-11.147923,-0.02715384,FALSE,0.02715384,9.92E+08,FALSE,TRUE,FALSE,FALSE,FALSE,FALSE,FALSE,FALSE,FALSE,FALSE,FALSE,FALSE,FALSE,FALSE,0.006417135,23189.37505,FALSE,FALSE,0.006717981,TRUE,FALSE
322469,1,1.24E+18,339.11002,5.13167,1967,29.5,2.2,0.3694092,0.1899052,0.6848328,322469,rgmph,339.107086,5.138055,339.110016,5.131667,1967,24,8.33,1,0.017953859,322469,46.77758028,7.9923964,0.087785445,8.2297501,0.065086436,-1.7613326,0.099437155,8.33,0.08,-9.753729,-0.504315191,TRUE,0.504315191,3.83E+08,FALSE,FALSE,FALSE,FALSE,TRUE,FALSE,FALSE,FALSE,FALSE,FALSE,FALSE,TRUE,FALSE,FALSE,0.008805246,12316.53054,TRUE,TRUE,0.006561206,FALSE,TRUE
322470,1,1.24E+18,339.55499,11.57389,2183,32.8,2.4,0.174716,0.08981765,0.2771301,322470,rgmph,339.557495,11.575833,339.554993,11.573889,2183,154,8.6,1,0.011176086,322470,73.91106791,8.265626,0.1909571,8.532503628,0.063638281,-2.9030273,0.5814483,8.6,0.08,-11.1686535,0.115187539,FALSE,0.115187539,7.14E+08,FALSE,TRUE,FALSE,FALSE,FALSE,FALSE,FALSE,FALSE,FALSE,FALSE,FALSE,FALSE,FALSE,FALSE,0.00608307,25806.30269,FALSE,FALSE,0.007281704,TRUE,FALSE
322475,1,1.24E+18,343.41626,10.45472,2141,31.7,2.2,0.2417372,0.1242718,0.3402867,322475,rgmph,343.419556,10.4475,343.41626,10.454722,2141,55,8.04,1,0.0072,322475,70.10571688,7.1870465,0.16503328,7.491434188,0.069897776,-2.6842,0.4173161,8.04,0.08,-9.871246,-0.161052494,FALSE,0.161052494,1.61E+08,FALSE,FALSE,FALSE,FALSE,TRUE,FALSE,FALSE,FALSE,FALSE,FALSE,FALSE,FALSE,FALSE,FALSE,0.003843514,64641.94285,FALSE,FALSE,0.007141607,TRUE,FALSE
322486,1,1.24E+18,339.24377,35.46278,833,13.9,2.4,0.3082076,0.1584428,0.6707262,322486,,339.262512,35.464169,339.243774,35.46278,833,59,7.42,1,0.011728693,322486,47.87690241,8.058515,0.16200373,8.236046252,0.149977672,-2.9630957,0.25323647,7.42,0.16,-11.02161,-0.019258652,FALSE,0.019258652,1.49E+08,FALSE,TRUE,FALSE,FALSE,FALSE,FALSE,FALSE,FALSE,FALSE,FALSE,FALSE,FALSE,FALSE,FALSE,0.002435981,160924.989,FALSE,FALSE,0.002778589,TRUE,FALSE
322764,1,1.24E+18,337.14502,32.44972,817,13.8,2.2,0.2728713,0.1402772,0.8547953,322764,,337.142914,32.448612,337.14502,32.449722,817,61,7.59,1,0.0072,322764,31.26289864,7.4503784,0.14241637,7.71422917,0.138511205,-3.080039,0.2592343,7.58,0.15,-10.530417,0.218197465,FALSE,0.218197465,8.00E+07,FALSE,FALSE,TRUE,FALSE,FALSE,FALSE,FALSE,FALSE,FALSE,FALSE,FALSE,FALSE,FALSE,FALSE,0.001466675,443918.8865,FALSE,FALSE,0.002725219,TRUE,FALSE
330083,1,1.24E+18,347.49915,18.44806,1788,24.8,4.3,0.6967888,0.3582039,0.5829011,330083,UA436,347.498718,18.446943,347.499146,18.448055,1788,62,8.96,1,0.022596361,330083,54.34519557,8.640847,0.17224683,8.617070954,0.150632712,-2.5408845,0.36859605,8.91,0.16,-11.181732,-0.298135754,FALSE,0.298135754,1.65E+09,FALSE,TRUE,FALSE,FALSE,FALSE,FALSE,FALSE,FALSE,FALSE,FALSE,FALSE,FALSE,FALSE,FALSE,0.010073615,9410.239799,TRUE,FALSE,0.005964126,TRUE,FALSE
330229,1,1.24E+18,349.84085,16.56695,2918,42.3,2.3,0.09804383,0.05040218,0.426097,330229,454-038,349.845428,16.564444,349.840851,16.566946,2918,144,8.44,2,0.014807644,330229,64.77993501,8.918362,0.1297756,9.165397277,0.047254436,-2.03006,0.2617469,8.44,0.08,-10.9484215,0.056244329,FALSE,0.056244329,1.19E+09,FALSE,FALSE,TRUE,FALSE,FALSE,FALSE,FALSE,FALSE,FALSE,FALSE,FALSE,FALSE,FALSE,FALSE,0.010773345,8227.544195,FALSE,FALSE,0.0097334,TRUE,FALSE
330283,1,1.24E+18,350.50082,1.69278,2904,41.7,2.5,0.1350578,0.06943027,0.7691494,330283,380-045,350.505402,1.692222,350.500824,1.692778,2904,140,9.47,1,0.016094069,330283,39.72246651,9.043142,0.067710616,9.279764775,0.052093084,-1.3484885,0.085979335,9.47,0.07,-10.391631,0.038910475,FALSE,0.038910475,5.03E+09,FALSE,FALSE,FALSE,TRUE,FALSE,FALSE,FALSE,FALSE,FALSE,FALSE,FALSE,FALSE,FALSE,FALSE,0.011653109,7032.144503,FALSE,FALSE,0.009686701,TRUE,FALSE
330287,1,1.24E+18,350.52499,27.52194,2922,42.3,2.3,0.3538272,0.1818948,0.8290282,330287,476-022,350.522919,27.517778,350.524994,27.521944,2922,158,8.96,1,0.019246905,330287,34.00098903,9.031702,0.06025569,9.26424829,0.047241902,-1.3092359,0.06544624,8.96,0.07,-10.340938,0.234899863,FALSE,0.234899863,2.29E+09,FALSE,FALSE,FALSE,TRUE,FALSE,FALSE,FALSE,FALSE,FALSE,FALSE,FALSE,FALSE,FALSE,FALSE,0.014022338,4856.579471,FALSE,FALSE,0.009746743,TRUE,FALSE
330444,1,1.24E+18,351.63666,18.26639,1609,23.6,2.2,0.1650509,0.08484904,0.9431894,330444,UA439,351.643738,18.279722,351.636658,18.266388,1609,104,8.49,1,0.009929106,330444,19.40575237,8.132084,0.084702075,8.459607137,0.08098832,-2.0822225,0.11499771,8.49,0.09,-10.214306,0.434865282,TRUE,0.434865282,5.47E+08,FALSE,FALSE,FALSE,TRUE,FALSE,FALSE,FALSE,FALSE,FALSE,FALSE,TRUE,FALSE,FALSE,FALSE,0.003983323,60183.9026,TRUE,TRUE,0.005367046,FALSE,TRUE
330516,1,1.24E+18,352.95624,19.67917,2637,38,2.1,0.2869053,0.1474917,0.6684321,330516,455-007,352.95752,19.683332,352.956238,19.679167,2637,74,8.87,1,0.012751518,330516,48.05387202,8.839334,0.07805127,9.121858015,0.048017294,-0.9723581,0.05234388,8.87,0.07,-9.811691,-0.184610931,FALSE,0.184610931,1.68E+09,FALSE,FALSE,FALSE,FALSE,TRUE,FALSE,FALSE,FALSE,FALSE,FALSE,FALSE,FALSE,FALSE,FALSE,0.008384001,13585.28308,FALSE,FALSE,0.008796085,TRUE,FALSE
330560,1,1.24E+18,353.88129,18.30917,2530,36.8,4.4,0.206313,0.106061,0.5344253,330560,455-022,353.887939,18.315556,353.881287,18.309166,2530,44,8.74,1,0.017677364,330560,57.69510367,8.300039,0.13804024,8.85856318,0.103912594,-1.491897,0.13052501,8.75,0.12,-9.791936,-0.401973686,TRUE,0.401973686,9.30E+08,FALSE,FALSE,FALSE,FALSE,TRUE,FALSE,FALSE,FALSE,FALSE,FALSE,FALSE,TRUE,FALSE,FALSE,0.011151091,7679.56599,TRUE,TRUE,0.008439172,FALSE,TRUE
330607,1,1.24E+18,354.41501,30.12944,1369,20.2,2.3,0.3110344,0.159896,0.7162227,330607,497-042,354.411255,30.132778,354.415009,30.129444,1369,112,7.86,1,0.014732773,330607,44.2565437,8.629597,0.112278596,8.907971283,0.098900012,-1.3256369,0.099604055,7.86,0.12,-9.955234,0.149626328,FALSE,0.149626328,5.23E+08,FALSE,FALSE,FALSE,FALSE,TRUE,FALSE,FALSE,FALSE,FALSE,FALSE,FALSE,FALSE,FALSE,FALSE,0.005028834,37760.42184,FALSE,FALSE,0.004566492,TRUE,FALSE
330782,1,1.24E+18,355.68628,27.84889,2724,39,2.2,0.3053732,0.1569857,0.758167,330782,498-002,355.678345,27.84639,355.686279,27.84889,2724,157,9.29,1,0.003183058,330782,40.69716433,8.466819,0.06744282,8.855972465,0.049033273,-1.4055461,0.06667587,9.29,0.07,-9.872365,0.140240445,FALSE,0.140240445,2.89E+09,FALSE,FALSE,FALSE,FALSE,TRUE,FALSE,FALSE,FALSE,FALSE,FALSE,FALSE,FALSE,FALSE,FALSE,0.002161877,204319.312,FALSE,FALSE,0.009086286,TRUE,FALSE
331290,1,1.24E+18,355.60501,27.78194,2753,39.4,2.4,0.2790336,0.1434451,0.4532589,331290,,355.610016,27.7925,355.605011,27.781944,2753,96,9.06,1,0.014748029,331290,63.04708862,8.089134,0.124715224,8.399351839,0.053345971,-1.7732717,0.12409833,9.06,0.07,-9.862406,-0.148438263,FALSE,0.148438263,1.65E+09,FALSE,FALSE,FALSE,FALSE,TRUE,FALSE,FALSE,FALSE,FALSE,FALSE,FALSE,FALSE,FALSE,FALSE,0.01012324,9318.206697,FALSE,FALSE,0.00918302,TRUE,FALSE
331625,1,1.24E+18,356.08456,10.11806,1503,24,4.3,0.1671908,0.08594915,0.3999814,331625,F750-4,356.086273,10.120556,356.084564,10.118055,1504,116,8.57,1,0.022912014,331625,66.4230404,7.860189,0.20253529,8.164160754,0.155807267,-2.4823213,0.29315367,8.66,0.16,-10.34251,0.037704676,FALSE,0.037704676,5.67E+08,FALSE,FALSE,FALSE,TRUE,FALSE,FALSE,FALSE,FALSE,FALSE,FALSE,FALSE,FALSE,FALSE,FALSE,0.008586211,12952.93646,FALSE,FALSE,0.005013468,TRUE,FALSE
332098,1,1.24E+18,350.03293,8.61833,2956,48.4,4.1,0.2291163,0.1177837,0.3317555,332098,,350.020447,8.604167,350.032928,8.618334,2956,114,8.61,2,0.016063496,332098,70.62469778,8.26675,0.1719848,8.516364175,0.074081725,-1.9109567,0.25382015,8.61,0.1,-10.177707,-0.009391806,FALSE,0.009391806,7.27E+08,FALSE,FALSE,FALSE,TRUE,FALSE,FALSE,FALSE,FALSE,FALSE,FALSE,FALSE,FALSE,FALSE,FALSE,0.01183924,6812.770041,FALSE,FALSE,0.009860155,TRUE,FALSE
332395,1,1.24E+18,346.10254,13.41472,2180,32.1,2,0.516897,0.2657254,0.7261033,332395,,346.126282,13.395555,346.102539,13.414721,2180,85,7.92,2,0.005022196,332395,43.43932976,7.322532,0.078307174,7.755236342,0.056237451,-2.3007476,0.22834587,7.92,0.09,-9.62328,0.185957889,FALSE,0.185957889,1.32E+08,FALSE,FALSE,FALSE,FALSE,TRUE,FALSE,FALSE,FALSE,FALSE,FALSE,FALSE,FALSE,FALSE,FALSE,0.002729792,128148.175,FALSE,FALSE,0.007271697,TRUE,FALSE
332399,1,1.24E+18,346.29666,14.06278,1558,23.3,2.3,0.6438454,0.3309868,0.7282426,332399,,346.301666,14.063611,346.296661,14.062778,1565,68,8.14,1,0.008002176,332399,43.26076991,7.7286344,0.10362666,8.146583047,0.085843291,-2.3482265,0.17210118,8.14,0.1,-10.07686,0.026583661,FALSE,0.026583661,2.37E+08,FALSE,FALSE,FALSE,TRUE,FALSE,FALSE,FALSE,FALSE,FALSE,FALSE,FALSE,FALSE,FALSE,FALSE,0.003108529,98823.81687,FALSE,FALSE,0.005196929,TRUE,FALSE
332425,1,1.24E+18,346.83417,13.09972,2390,35,2.3,0.3754628,0.1930172,0.3984529,332425,,346.834991,13.097222,346.834167,13.099722,2390,116,8.89,1,0.012747092,332425,66.51855883,7.643712,0.14504594,7.8954823,0.058762917,-1.4920353,0.07498752,8.89,0.07,-9.135747,-0.032285276,FALSE,0.032285276,1.08E+09,FALSE,FALSE,FALSE,FALSE,FALSE,TRUE,FALSE,FALSE,FALSE,FALSE,FALSE,FALSE,FALSE,FALSE,0.007596059,16549.87378,FALSE,FALSE,0.007972182,TRUE,FALSE
332525,1,1.24E+18,349.63959,13.43833,2598,37.7,2.4,0.1848314,0.09501777,0.6011422,332525,,349.635834,13.441667,349.639587,13.438334,2598,157,9.14,1,0.017824151,332525,53.04829924,8.930957,0.09292985,9.155903698,0.055307027,-1.342491,0.073334225,9.14,0.07,-10.273448,0.059593373,FALSE,0.059593373,2.69E+09,FALSE,FALSE,FALSE,TRUE,FALSE,FALSE,FALSE,FALSE,FALSE,FALSE,FALSE,FALSE,FALSE,FALSE,0.011545888,7163.359208,FALSE,FALSE,0.008665995,TRUE,FALSE
332912,1,1.24E+18,348.00418,27.29472,794,12.7,2.3,0.3399739,0.1747732,0.9028618,332912,,347.994141,27.289999,348.004181,27.294722,794,27,7.31,1,0.007878751,332912,25.46319583,6.3741474,0.16377763,6.673791544,0.162356148,-3.2257333,0.3132979,7.31,0.17,-9.59988,0.054141786,FALSE,0.054141786,2.95E+07,FALSE,FALSE,FALSE,FALSE,TRUE,FALSE,FALSE,FALSE,FALSE,FALSE,FALSE,FALSE,FALSE,FALSE,0.001559758,392515.6462,FALSE,FALSE,0.002648499,TRUE,FALSE
332939,1,1.24E+18,347.06958,31.90167,692,11.4,2.2,0.2258777,0.1161188,0.9415685,332939,,347.065826,31.89889,347.06958,31.901667,692,41,7.74,1,0.0108,332939,19.68336051,6.385587,0.17042205,6.977582153,0.170398426,-2.467148,0.23787774,7.74,0.17,-8.8527355,0.239582729,FALSE,0.239582729,7.55E+07,FALSE,FALSE,FALSE,FALSE,FALSE,FALSE,TRUE,FALSE,FALSE,FALSE,FALSE,FALSE,FALSE,FALSE,0.001863413,275012.8764,FALSE,FALSE,0.002308264,TRUE,FALSE
333185,1,1.24E+18,356.02292,10.05722,1611,23.1,2.3,0.1762362,0.09059916,0.4363948,333185,,356.021667,10.056945,356.022919,10.057222,1611,38,7.77,1,0.008025258,333185,64.12597374,8.020426,0.14609477,8.283005382,0.086573553,-3.3654716,0.73949933,7.77,0.1,-11.385898,-0.31631923,TRUE,0.31631923,1.83E+08,FALSE,TRUE,FALSE,FALSE,FALSE,FALSE,FALSE,FALSE,TRUE,FALSE,FALSE,FALSE,FALSE,FALSE,0.003223546,91897.48819,TRUE,FALSE,0.005373718,FALSE,TRUE
333310,1,1.24E+18,357.44458,24.13333,1649,23.8,2.3,0.2022401,0.1039672,0.8932238,333310,,357.447113,24.130556,357.44458,24.133333,1649,52,8.27,1,0.0108,333310,26.71883644,7.611839,0.08870018,7.889983921,0.084273267,-2.9242203,0.39948776,8.27,0.1,-10.536059,0.071815324,FALSE,0.071815324,2.89E+08,FALSE,FALSE,TRUE,FALSE,FALSE,FALSE,FALSE,FALSE,FALSE,FALSE,FALSE,FALSE,FALSE,FALSE,0.004440417,48431.05238,FALSE,FALSE,0.005500472,TRUE,FALSE
333629,1,1.24E+18,358.7775,13.34028,1700,24.2,2.3,0.1512419,0.07775014,0.7641979,333629,,358.775818,13.344444,358.777496,13.340278,1700,66,8.45,1,0.015753112,333629,40.16434758,7.0790625,0.099764824,7.27550032,0.10248158,-2.9892435,0.5870391,8.45,0.09,-10.068306,-0.013174304,FALSE,0.013174304,3.87E+08,FALSE,FALSE,FALSE,TRUE,FALSE,FALSE,FALSE,FALSE,FALSE,FALSE,FALSE,FALSE,FALSE,FALSE,0.006677203,21418.16028,FALSE,FALSE,0.00567059,TRUE,FALSE
334621,1,1.24E+18,347.21457,17.20889,1766,26.2,2.4,0.4346168,0.223427,0.3523156,334621,HIPASS,347.214569,17.207224,347.214569,17.208889,1766,141,9.48,1,0.004978514,334621,69.37104547,10.015908,0.1694888,8.975586367,0.079964763,-1.189895,0.20233358,9.48,0.09,-11.205803,-0.23780149,FALSE,0.23780149,1.44E+10,FALSE,TRUE,FALSE,FALSE,FALSE,FALSE,FALSE,FALSE,FALSE,FALSE,FALSE,FALSE,FALSE,FALSE,0.002192147,198715.5552,FALSE,FALSE,0.005890742,TRUE,FALSE
334623,1,1.24E+18,346.14374,17.305,1980,29.3,2.3,0.272096,0.1398786,0.3499843,334623,mph,346.143738,17.306389,346.143738,17.304998,1980,84,8.5,1,0.009954553,334623,69.51370388,7.5988355,0.16729403,7.892237305,0.070971523,-1.8959769,0.13703617,8.49,0.08,-9.494812,-0.089391677,FALSE,0.089391677,4.60E+08,FALSE,FALSE,FALSE,FALSE,FALSE,TRUE,FALSE,FALSE,FALSE,FALSE,FALSE,FALSE,FALSE,FALSE,0.004914352,39540.19633,FALSE,FALSE,0.006604569,TRUE,FALSE
334635,1,1.24E+18,353.12625,17.55667,1414,20.8,2.5,0.209213,0.1075518,0.4046149,334635,,353.128326,17.559444,353.126251,17.556665,1414,185,8.79,1,0.018324321,334635,66.13305881,8.003552,0.1652937,8.197453136,0.10444028,-2.556653,0.21524148,8.79,0.11,-10.560205,0.18865437,FALSE,0.18865437,9.21E+08,FALSE,FALSE,TRUE,FALSE,FALSE,FALSE,FALSE,FALSE,FALSE,FALSE,FALSE,FALSE,FALSE,FALSE,0.006460359,22880.11102,FALSE,FALSE,0.004716596,TRUE,FALSE
335190,1,1.24E+18,345.54749,3.56944,1922,28.2,2.4,0.187181,0.09622566,0.4653822,335190,rgmph,345.54248,3.573889,345.547485,3.569444,1922,74,8.28,1,0.023023991,335190,62.26509241,7.418789,0.13264772,7.568418769,0.079726012,-2.3429465,0.24474116,8.28,0.1,-9.761736,-0.0657088,FALSE,0.0657088,2.80E+08,FALSE,FALSE,FALSE,FALSE,TRUE,FALSE,FALSE,FALSE,FALSE,FALSE,FALSE,FALSE,FALSE,FALSE,0.0110335,7844.129376,FALSE,FALSE,0.006411102,TRUE,FALSE
335191,1,1.24E+18,345.59375,12.54583,2829,41.4,2.3,0.8689826,0.4467249,0.679213,335191,rgmph,345.592499,12.539167,345.59375,12.545834,2829,60,8.5,1,0.0144,335191,47.21786523,8.266119,0.08428287,8.476149903,0.048676291,-2.0756185,0.24070649,8.5,0.07,-10.341738,-0.159260592,FALSE,0.159260592,6.05E+08,FALSE,FALSE,FALSE,TRUE,FALSE,FALSE,FALSE,FALSE,FALSE,FALSE,FALSE,FALSE,FALSE,FALSE,0.010157218,9255.968102,FALSE,FALSE,0.009436528,TRUE,FALSE
335192,1,1.24E+18,345.75125,16.67833,2097,31,2.4,0.2709265,0.1392774,0.2451425,335192,rgmph,345.758301,16.684166,345.751251,16.678333,2097,251,8.84,1,0.011337218,335192,75.80980884,7.980458,0.20833458,8.175100727,0.067600584,-2.4114628,0.2823495,8.83,0.08,-10.39192,0.285149054,FALSE,0.285149054,1.02E+09,FALSE,FALSE,FALSE,TRUE,FALSE,FALSE,FALSE,FALSE,FALSE,FALSE,FALSE,FALSE,FALSE,FALSE,0.005927673,27177.08497,TRUE,FALSE,0.006994839,TRUE,FALSE
335193,1,1.24E+18,345.95416,4.52028,1225,18.3,2.2,0.214803,0.1104255,0.5391093,335193,rgmph,345.953735,4.518333,345.954163,4.520278,1225,37,7.65,1,0.012952047,335193,57.37702286,7.41307,0.1373849,7.727666939,0.104628097,-3.0930278,0.40689167,7.65,0.12,-10.506098,-0.216250678,FALSE,0.216250678,8.53E+07,FALSE,FALSE,TRUE,FALSE,FALSE,FALSE,FALSE,FALSE,FALSE,FALSE,FALSE,FALSE,FALSE,FALSE,0.003955978,61018.80914,FALSE,FALSE,0.00408616,TRUE,FALSE
335195,1,1.24E+18,347.05789,17.16833,1762,26.2,2.3,0.4550956,0.2339547,0.4598291,335195,rgmph,347.059601,17.171944,347.057892,17.168333,1762,62,8.03,1,0.012804808,335195,62.62397271,7.62678,0.135464,7.872408724,0.076647574,-2.5571315,0.24514462,8.03,0.09,-10.183911,-0.099020103,FALSE,0.099020103,1.85E+08,FALSE,FALSE,FALSE,TRUE,FALSE,FALSE,FALSE,FALSE,FALSE,FALSE,FALSE,FALSE,FALSE,FALSE,0.005625463,30175.52109,FALSE,FALSE,0.005877399,TRUE,FALSE
335198,1,1.24E+18,347.47583,17.55278,1706,25.3,2.2,0.5839616,0.3002019,0.6032829,335198,rgmph,347.480408,17.553055,347.47583,17.552776,1706,35,8.33,1,0.0144,335198,52.89466304,7.459922,0.1148617,7.677307194,0.078229039,-2.4823377,0.27545014,8.33,0.09,-9.94226,-0.357914894,TRUE,0.357914894,3.13E+08,FALSE,FALSE,FALSE,FALSE,TRUE,FALSE,FALSE,FALSE,FALSE,FALSE,FALSE,TRUE,FALSE,FALSE,0.006125208,25452.45572,TRUE,FALSE,0.005690603,FALSE,TRUE
335202,1,1.24E+18,349.85626,17.26139,1636,24.1,2.3,0.09480076,0.04873499,0.6422927,335202,rgmph,349.862518,17.258333,349.856262,17.261389,1636,49,7.83,1,0.007761154,335202,50.03704868,7.607829,0.10595394,7.867084947,0.083286422,-1.4065671,0.085665226,7.83,0.1,-9.014397,-0.09944488,FALSE,0.09944488,1.30E+08,FALSE,FALSE,FALSE,FALSE,FALSE,TRUE,FALSE,FALSE,FALSE,FALSE,FALSE,FALSE,FALSE,FALSE,0.00316584,95278.19647,FALSE,FALSE,0.005457109,TRUE,FALSE
335203,1,1.24E+18,350.01501,3.065,2929,42.1,2.2,0.1718913,0.08836554,0.500004,335203,rgmph,350.007935,3.070833,350.015015,3.065,2934,102,8.53,1,0.017974251,335203,59.99978604,7.9625735,0.114508234,8.110931307,0.050669754,-1.7498434,0.1797745,8.57,0.07,-9.712417,0.011202167,FALSE,0.011202167,5.42E+08,FALSE,FALSE,FALSE,FALSE,TRUE,FALSE,FALSE,FALSE,FALSE,FALSE,FALSE,FALSE,FALSE,FALSE,0.013126517,5542.074772,FALSE,FALSE,0.009770092,TRUE,FALSE
335210,1,1.24E+18,359.80542,2.72361,2614,36.8,2.2,0.08725532,0.04485605,0.4294614,335210,KAZ701,359.801239,2.725556,359.80542,2.723611,2614,145,9.22,1,0.0036,335210,64.56667045,8.126671,0.13053752,8.387908884,0.052304034,-1.6728052,0.10241877,9.22,0.07,-9.799476,-0.013004056,FALSE,0.013004056,2.34E+09,FALSE,FALSE,FALSE,FALSE,TRUE,FALSE,FALSE,FALSE,FALSE,FALSE,FALSE,FALSE,FALSE,FALSE,0.002346321,173458.889,FALSE,FALSE,0.008719365,TRUE,FALSE
335237,1,1.24E+18,354.60168,20.48694,2180,31.4,2.3,0.1722288,0.08853903,0.8998967,335237,mph,354.598755,20.487778,354.601685,20.486944,2180,83,8.51,1,0.022173664,335237,25.85552961,7.439396,0.078806624,7.633258883,0.073004225,-1.8025358,0.11613907,8.51,0.08,-9.241932,0.238012588,FALSE,0.238012588,4.58E+08,FALSE,FALSE,FALSE,FALSE,FALSE,TRUE,FALSE,FALSE,FALSE,FALSE,FALSE,FALSE,FALSE,FALSE,0.012052393,6573.926082,FALSE,FALSE,0.007271697,TRUE,FALSE
335240,1,1.24E+18,349.13794,18.66556,2007,29.5,2.5,0.258453,0.132865,0.477664,335240,,349.13501,18.655277,349.137939,18.665556,2007,92,8.63,1,0.014798396,335240,61.46710692,7.5683303,0.12892063,7.86401066,0.074420198,-3.414918,0.9069703,8.63,0.09,-10.983248,-0.051586756,FALSE,0.051586756,6.04E+08,FALSE,FALSE,TRUE,FALSE,FALSE,FALSE,FALSE,FALSE,FALSE,FALSE,FALSE,FALSE,FALSE,FALSE,0.007405278,17413.6052,FALSE,FALSE,0.006694631,TRUE,FALSE
335247,1,1.24E+18,357.56711,18.15139,2688,38.2,2.3,0.1862198,0.09573152,0.6297407,335247,,357.567932,18.151112,357.567108,18.151388,2688,40,8.75,1,0.009932216,335247,50.96904861,7.8469334,0.08847031,8.133585364,0.054259393,-2.587243,0.709339,8.75,0.07,-10.434176,-0.392755997,TRUE,0.392755997,8.18E+08,FALSE,FALSE,FALSE,TRUE,FALSE,FALSE,FALSE,FALSE,FALSE,FALSE,TRUE,FALSE,FALSE,FALSE,0.006656635,21550.72515,TRUE,FALSE,0.008966203,FALSE,TRUE
335248,1,1.24E+18,354.92209,21.27833,2601,37.3,2.1,0.1369123,0.07038362,0.3967728,335248,,354.926666,21.2875,354.922089,21.278334,2601,61,8.36,1,0.014785575,335248,66.62347126,7.75177,0.14304554,7.783654958,0.055387304,-2.3237772,0.3103923,8.36,0.07,-10.075547,-0.19318259,FALSE,0.19318259,3.61E+08,FALSE,FALSE,FALSE,TRUE,FALSE,FALSE,FALSE,FALSE,FALSE,FALSE,FALSE,FALSE,FALSE,FALSE,0.00958866,10386.17383,FALSE,FALSE,0.008676002,TRUE,FALSE
421098,1,1.24E+18,39.17708,-0.01694,1115,14.9,2.3,0.09500069,0.04883778,0.2500001,421098,,39.18,-0.013333,39.177082,-0.016944,1115,86,8.47,1,0.016099689,421098,75.52254569,7.4423275,0.23807944,7.608160582,0.134681942,-3.0057833,0.36275715,8.47,0.14,-10.448111,-0.083639033,FALSE,0.083639033,4.20E+08,FALSE,FALSE,FALSE,TRUE,FALSE,FALSE,FALSE,FALSE,FALSE,FALSE,FALSE,FALSE,FALSE,FALSE,0.00447581,47668.11957,FALSE,FALSE,0.00371924,TRUE,FALSE
540925,1,1.24E+18,219.69374,-0.0275,1832,28.8,2.3,0.1421517,0.0730771,0.2880161,540925,,219.692093,-0.021667,219.693741,-0.0275,1832,83,8.28,1,0.0036,540925,73.26084184,7.0877724,0.18911743,7.197669731,0.094620507,-2.4760602,0.43883836,8.28,0.08,-9.563832,-0.044489073,FALSE,0.044489073,2.66E+08,FALSE,FALSE,FALSE,FALSE,TRUE,FALSE,FALSE,FALSE,FALSE,FALSE,FALSE,FALSE,FALSE,FALSE,0.001644399,353148.0302,FALSE,FALSE,0.006110894,TRUE,FALSE
620085,1,1.24E+18,337.65332,-0.11028,1594,24,2.4,0.232908,0.1197329,0.887172,620085,,337.64917,-0.125833,337.65332,-0.110278,1594,57,7.85,2,0.0072,620085,27.48001822,6.89001,0.091758184,7.634290149,0.087713385,-2.5251899,0.23500946,7.85,0.11,-9.415199,0.213408942,FALSE,0.213408942,1.02E+08,FALSE,FALSE,FALSE,FALSE,FALSE,TRUE,FALSE,FALSE,FALSE,FALSE,FALSE,FALSE,FALSE,FALSE,0.002861542,116619.4802,FALSE,FALSE,0.005317012,TRUE,FALSE
620676,1,1.24E+18,337.77499,-0.19556,1557,23.4,2.3,0.2228542,0.1145645,0.6414458,620676,,337.767914,-0.168611,337.774994,-0.195556,1557,23,7.87,1,0.020364616,620676,50.10032848,7.36962,0.11028954,7.833941683,0.085754043,-2.632689,0.26151443,7.87,0.11,-10.002309,-0.421054547,TRUE,0.421054547,1.22E+08,FALSE,FALSE,FALSE,TRUE,FALSE,FALSE,FALSE,FALSE,FALSE,FALSE,TRUE,FALSE,FALSE,FALSE,0.00790577,15278.58211,TRUE,TRUE,0.005193593,FALSE,TRUE
712516,1,1.24E+18,121.91167,10.98056,1788,27.7,2.3,0.08282584,0.04257895,0.5845776,712516,,121.905838,10.983055,121.911667,10.980556,1788,24,7.79,1,0.017882063,712516,54.22689081,7.8497753,0.106285736,8.159580987,0.072309741,-2.696004,0.34361923,7.79,0.1,-10.545779,-0.451283994,TRUE,0.451283994,1.53E+08,FALSE,FALSE,TRUE,FALSE,FALSE,FALSE,FALSE,FALSE,FALSE,TRUE,FALSE,FALSE,FALSE,FALSE,0.007971948,15025.96795,TRUE,TRUE,0.005964126,FALSE,TRUE
713655,1,1.24E+18,207.095,8.21139,1160,21.7,2.4,0.08523085,0.04381531,0.7267687,713655,,207.086243,8.201944,207.095001,8.211389,1160,39,7.55,1,0.005065138,713655,43.38385427,6.7236705,0.109411165,7.471325554,0.096906981,-2.865375,0.29934642,7.55,0.11,-9.589046,-0.052109484,FALSE,0.052109484,5.25E+07,FALSE,FALSE,FALSE,FALSE,TRUE,FALSE,FALSE,FALSE,FALSE,FALSE,FALSE,FALSE,FALSE,FALSE,0.00146497,444953.0473,FALSE,FALSE,0.003869344,TRUE,FALSE
714055,1,1.24E+18,215.18542,8.62639,1300,22.7,2.3,0.08864678,0.04557137,0.4499765,714055,,215.188751,8.624166,215.185425,8.626389,1300,90,8.57,1,0.018156842,714055,63.25787721,7.8247724,0.14473768,8.127029609,0.088149854,-2.4482064,0.17714432,8.57,0.1,-10.272979,-0.060145362,FALSE,0.060145362,5.61E+08,FALSE,FALSE,FALSE,TRUE,FALSE,FALSE,FALSE,FALSE,FALSE,FALSE,FALSE,FALSE,FALSE,FALSE,0.005885224,27570.54779,FALSE,FALSE,0.004336333,TRUE,FALSE
714204,1,1.24E+18,219.80167,9.13472,1759,28.6,2.3,0.1067501,0.05487789,0.588405,714204,,219.802078,9.131111,219.801666,9.134722,1759,106,8.61,1,0.015936555,714204,53.9561419,8.146781,0.10425762,8.352073669,0.069970026,-2.2191803,0.1463166,8.61,0.08,-10.365961,0.032852473,FALSE,0.032852473,6.82E+08,FALSE,FALSE,FALSE,TRUE,FALSE,FALSE,FALSE,FALSE,FALSE,FALSE,FALSE,FALSE,FALSE,FALSE,0.006989395,19547.54212,FALSE,FALSE,0.005867392,TRUE,FALSE
716680,1,1.24E+18,124.01457,16.90083,2875,43.3,2.1,0.1355124,0.06966398,0.6671674,716680,,124.007492,16.899721,124.014572,16.900833,2875,161,8.58,1,0.012810101,716680,48.15122265,7.8600707,0.074035704,8.396227003,0.042512921,-1.7028841,0.119532645,8.58,0.07,-9.562955,0.267933753,FALSE,0.267933753,5.78E+08,FALSE,FALSE,FALSE,FALSE,TRUE,FALSE,FALSE,FALSE,FALSE,FALSE,FALSE,FALSE,FALSE,FALSE,0.009182686,11324.83603,TRUE,FALSE,0.009589968,TRUE,FALSE
717889,1,1.24E+18,143.76457,18.49417,2490,38.1,2.4,0.08903691,0.04577193,0.6437964,717889,,143.766663,18.495277,143.764572,18.494167,2490,191,8.79,1,0.012777473,717889,49.92454862,8.358478,0.08524269,8.906612239,0.054736626,-1.2373397,0.06533551,8.79,0.07,-9.595818,0.265845471,FALSE,0.265845471,1.05E+09,FALSE,FALSE,FALSE,FALSE,TRUE,FALSE,FALSE,FALSE,FALSE,FALSE,FALSE,FALSE,FALSE,FALSE,0.007932748,15174.83894,TRUE,FALSE,0.008305746,TRUE,FALSE
718245,1,1.24E+18,149.5675,21.08889,651,9.5,2.2,0.07762161,0.03990357,0.7762555,718245,,149.567078,21.087223,149.567505,21.08889,651,15,7.01,1,0.01679442,718245,39.08103341,7.451721,0.2068533,7.512328029,0.201315176,-3.5442107,0.5648713,7.01,0.21,-10.995932,-0.405393031,TRUE,0.405393031,4.19E+07,FALSE,FALSE,TRUE,FALSE,FALSE,FALSE,FALSE,FALSE,FALSE,TRUE,FALSE,FALSE,FALSE,FALSE,0.002725997,128505.2087,TRUE,TRUE,0.002171502,FALSE,TRUE
721331,1,1.24E+18,132.88335,30.9675,1999,30.2,2.4,0.1040289,0.05347896,0.5871901,721331,,132.902084,30.960279,132.883347,30.967501,1999,84,8.15,2,0.009935692,721331,54.04218396,8.5351715,0.103799626,8.600426656,0.069085825,-1.7526906,0.10784815,8.15,0.09,-10.287862,-0.041424429,FALSE,0.041424429,5.31E+08,FALSE,FALSE,FALSE,TRUE,FALSE,FALSE,FALSE,FALSE,FALSE,FALSE,FALSE,FALSE,FALSE,FALSE,0.00495211,38939.54744,FALSE,FALSE,0.006667946,TRUE,FALSE
721352,1,1.24E+18,136.78459,25.34222,2784,41.8,2.1,0.1153026,0.05927452,0.528163,721352,,136.786255,25.341389,136.784592,25.342222,2784,95,8.53,1,0.009704776,721352,58.11862913,9.561916,0.101683855,9.870507185,0.043639351,-0.28036943,0.044210326,8.53,0.07,-9.842286,-0.230674452,FALSE,0.230674452,4.10E+09,FALSE,FALSE,FALSE,FALSE,TRUE,FALSE,FALSE,FALSE,FALSE,FALSE,FALSE,FALSE,FALSE,FALSE,0.006736496,21042.78583,FALSE,FALSE,0.009286424,TRUE,FALSE
721856,1,1.24E+18,150.59666,29.72583,819,13,2.3,0.07830101,0.04025283,0.6446421,721856,,150.593765,29.730001,150.596664,29.725834,819,41,7.54,1,0.019071888,721856,49.86119546,6.873489,0.1687694,7.221947851,0.154101518,-3.241495,0.34825638,7.54,0.16,-10.114984,-0.079141022,FALSE,0.079141022,5.36E+07,FALSE,FALSE,FALSE,TRUE,FALSE,FALSE,FALSE,FALSE,FALSE,FALSE,FALSE,FALSE,FALSE,FALSE,0.003894547,62958.96059,FALSE,FALSE,0.00273189,TRUE,FALSE
721972,1,1.24E+18,152.8175,24.06556,1356,22.1,2.4,0.1183339,0.06083287,0.4000006,721972,,152.817078,24.071945,152.817505,24.065556,1356,36,7.72,1,0.021851393,721972,66.42184012,7.105317,0.16411515,7.544263083,0.095840568,-1.9053776,0.108983085,7.73,0.11,-9.0106945,-0.261295485,FALSE,0.261295485,8.25E+07,FALSE,FALSE,FALSE,FALSE,FALSE,TRUE,FALSE,FALSE,FALSE,FALSE,FALSE,FALSE,FALSE,FALSE,0.007387851,17495.85188,TRUE,FALSE,0.004523129,TRUE,FALSE
722062,1,1.24E+18,154.86874,29.38389,888,14.3,2.2,0.1048412,0.05389656,0.3617806,722062,,154.871246,29.387222,154.868744,29.383888,888,58,7.67,1,0.014466475,722062,68.79046901,6.7884283,0.19729176,7.239106696,0.134251033,-3.978117,0.8885383,7.67,0.14,-10.766545,-0.041086612,FALSE,0.041086612,6.84E+07,FALSE,FALSE,TRUE,FALSE,FALSE,FALSE,FALSE,FALSE,FALSE,FALSE,FALSE,FALSE,FALSE,FALSE,0.003202986,93081.06745,FALSE,FALSE,0.002962049,TRUE,FALSE
722198,1,1.24E+18,156.41335,28.68028,1475,23.8,2.2,0.08568925,0.04405097,0.7855683,722198,,156.42334,28.683054,156.413345,28.680277,1475,19,7.67,1,0.019131513,722198,38.22676264,7.6389256,0.091902524,7.926312809,0.080905923,-3.3236878,0.7449283,7.67,0.1,-10.962613,-0.39513929,TRUE,0.39513929,1.06E+08,FALSE,FALSE,TRUE,FALSE,FALSE,FALSE,FALSE,FALSE,FALSE,TRUE,FALSE,FALSE,FALSE,FALSE,0.007035916,19289.90342,TRUE,FALSE,0.00492007,FALSE,TRUE
724701,1,1.24E+18,184.98541,28.55528,2571,39.7,2.3,0.07588381,0.0390102,0.6116356,724701,,184.989166,28.554443,184.985413,28.555277,2571,137,9.13,1,0.014374593,724701,52.29218249,8.094918,0.08789218,8.567646188,0.050456243,-1.6640701,0.10387686,9.13,0.07,-9.758988,0.041436708,FALSE,0.041436708,1.92E+09,FALSE,FALSE,FALSE,FALSE,TRUE,FALSE,FALSE,FALSE,FALSE,FALSE,FALSE,FALSE,FALSE,FALSE,0.00921461,11246.5019,FALSE,FALSE,0.008575933,TRUE,FALSE
725161,1,1.24E+18,193.49666,29.78861,2095,33.5,2.4,0.04805147,0.02470221,0.5817396,725161,,193.498337,29.789165,193.496658,29.78861,2095,93,8.62,1,0.006248622,725161,54.42705589,8.225704,0.10030613,8.552364567,0.062298548,-2.159759,0.1757062,8.62,0.08,-10.385464,-0.032818246,FALSE,0.032818246,7.23E+08,FALSE,FALSE,FALSE,TRUE,FALSE,FALSE,FALSE,FALSE,FALSE,FALSE,FALSE,FALSE,FALSE,FALSE,0.003263981,89634.69946,FALSE,FALSE,0.006988168,TRUE,FALSE
726778,1,1.24E+18,220.47209,30.42417,2442,39,2.4,0.04148406,0.02132605,0.8736093,726778,,220.464157,30.426388,220.472092,30.424166,2442,130,8.3,2,0.015681398,726778,29.11921299,7.737439,0.060986124,8.064268669,0.053857488,-2.6427774,0.33608657,8.3,0.08,-10.380217,0.424170946,TRUE,0.424170946,3.20E+08,FALSE,FALSE,FALSE,TRUE,FALSE,FALSE,FALSE,FALSE,FALSE,FALSE,TRUE,FALSE,FALSE,FALSE,0.009547942,10474.94748,TRUE,TRUE,0.008145635,FALSE,TRUE
727732,1,1.24E+18,163.09541,32.63722,1530,26,4.2,0.06153412,0.03163334,0.4505873,727732,,163.091248,32.633053,163.095413,32.637222,1530,123,8.27,1,0.011599726,727732,63.21868265,8.084138,0.18027204,8.471763275,0.140326108,-2.0045214,0.16011994,8.31,0.15,-10.088659,0.121129364,FALSE,0.121129364,3.69E+08,FALSE,FALSE,FALSE,TRUE,FALSE,FALSE,FALSE,FALSE,FALSE,FALSE,FALSE,FALSE,FALSE,FALSE,0.004425053,48767.93935,FALSE,FALSE,0.005103531,TRUE,FALSE
728909,1,1.24E+18,200.61501,35.20528,699,10.2,2.3,0.03034973,0.01560213,0.5850754,728909,,200.609161,35.212223,200.615005,35.20528,699,33,7.13,1,0.014707652,728909,54.19172892,6.291388,0.2128543,6.7071996,0.196414029,-3.903539,0.46632072,7.13,0.2,-10.194927,-0.091481633,FALSE,0.091481633,1.99E+07,FALSE,FALSE,FALSE,TRUE,FALSE,FALSE,FALSE,FALSE,FALSE,FALSE,FALSE,FALSE,FALSE,FALSE,0.002563302,145335.4923,FALSE,FALSE,0.002331613,TRUE,FALSE
729579,1,1.24E+18,171.07208,25.71056,1523,25.4,2.4,0.05609936,0.02883945,0.1845496,729579,,171.071243,25.710835,171.072083,25.710556,1523,85,8.5,1,0.017379524,729579,79.3651928,6.830673,0.25189787,7.194435977,0.102712303,-2.7804613,0.44130096,8.5,0.09,-9.611135,-0.097040975,FALSE,0.097040975,4.27E+08,FALSE,FALSE,FALSE,FALSE,TRUE,FALSE,FALSE,FALSE,FALSE,FALSE,FALSE,FALSE,FALSE,FALSE,0.006599592,21924.87705,FALSE,FALSE,0.005080181,TRUE,FALSE
731452,1,1.24E+18,156.92291,24.27139,1226,20.3,2.3,0.05370916,0.0276107,0.8721415,731452,,156.926254,24.268888,156.922913,24.271389,1226,62,8.44,1,0.010482909,731452,29.29156739,8.096378,0.10275156,8.375662414,0.098449909,-2.4760954,0.20911463,8.44,0.11,-10.572474,0.053764503,FALSE,0.053764503,4.91E+08,FALSE,FALSE,TRUE,FALSE,FALSE,FALSE,FALSE,FALSE,FALSE,FALSE,FALSE,FALSE,FALSE,FALSE,0.003204436,92996.83246,FALSE,FALSE,0.004089496,TRUE,FALSE
731454,1,1.24E+18,157.24416,25.28694,1253,20.7,2.4,0.05740099,0.02950859,0.4816799,731454,,157.259583,25.284166,157.244156,25.286943,1253,18,7.31,2,0.016916423,731454,61.20487518,7.4108305,0.146186,7.670412543,0.101229357,-2.3821878,0.15861627,7.31,0.13,-9.793018,-0.494572099,TRUE,0.494572099,5.29E+07,FALSE,FALSE,FALSE,FALSE,TRUE,FALSE,FALSE,FALSE,FALSE,FALSE,FALSE,TRUE,FALSE,FALSE,0.005284926,34189.56017,TRUE,TRUE,0.004179558,FALSE,TRUE
731457,1,1.24E+18,157.9825,28.02583,454,11.1,1.1,0.09186173,0.0472241,0.8723706,731457,,157.994995,28.030277,157.982498,28.025833,454,36,7.26,1,0.012531357,731457,29.2647266,6.9671865,0.09105051,7.251333081,0.086838445,-3.0625286,0.36765793,7.26,0.1,-10.029715,0.10966582,FALSE,0.10966582,3.35E+07,FALSE,FALSE,FALSE,TRUE,FALSE,FALSE,FALSE,FALSE,FALSE,FALSE,FALSE,FALSE,FALSE,FALSE,0.001418513,474574.9575,FALSE,FALSE,0.001514381,TRUE,FALSE
731524,1,1.24E+18,163.67416,28.12528,1607,23.4,4.3,0.05768793,0.0296561,0.5312437,731524,,163.684982,28.117779,163.674164,28.125278,1607,35,7.47,2,0.014598653,731524,57.91052372,7.2040477,0.1844492,7.538658175,0.160930325,-2.6654344,0.3288399,7.47,0.18,-9.869482,-0.195795093,FALSE,0.195795093,5.52E+07,FALSE,FALSE,FALSE,FALSE,TRUE,FALSE,FALSE,FALSE,FALSE,FALSE,FALSE,FALSE,FALSE,FALSE,0.005849355,27909.7151,FALSE,FALSE,0.005360375,TRUE,FALSE
731533,1,1.24E+18,164.19876,26.86528,2530,38.7,2.2,0.06091111,0.03131307,0.4762927,731533,,164.198761,26.866112,164.198761,26.865278,2530,147,8.74,1,0.007883747,731533,61.55650098,7.7243514,0.11660484,7.95183705,0.050469097,-2.7877307,0.47208932,8.74,0.07,-10.512082,0.123334374,FALSE,0.123334374,7.84E+08,FALSE,FALSE,TRUE,FALSE,FALSE,FALSE,FALSE,FALSE,FALSE,FALSE,FALSE,FALSE,FALSE,FALSE,0.004973161,38610.58026,FALSE,FALSE,0.008439172,TRUE,FALSE
731538,1,1.24E+18,165.44083,27.28,2501,38.3,2.5,0.08155222,0.04192421,0.6219193,731538,,165.437912,27.277222,165.440826,27.280001,2501,99,8.64,1,0.013295069,731538,51.54361575,8.347673,0.09000052,8.547325455,0.057016723,-1.560652,0.123666115,8.64,0.07,-9.908325,-6.71E-04,FALSE,6.71E-04,8.03E+08,FALSE,FALSE,FALSE,FALSE,TRUE,FALSE,FALSE,FALSE,FALSE,FALSE,FALSE,FALSE,FALSE,FALSE,0.008290555,13893.25969,FALSE,FALSE,0.008342438,TRUE,FALSE
731550,1,1.24E+18,166.78209,28.05639,1487,24.6,2.2,0.07544345,0.03878382,0.8228863,731550,,166.790833,28.049444,166.782089,28.056389,1487,25,7.53,1,0.004801353,731550,34.62525327,7.61815,0.08613388,7.759496882,0.078975523,-2.3459034,0.22075994,7.53,0.1,-9.964054,-0.217202803,FALSE,0.217202803,8.66E+07,FALSE,FALSE,FALSE,FALSE,TRUE,FALSE,FALSE,FALSE,FALSE,FALSE,FALSE,FALSE,FALSE,FALSE,0.001780139,301344.6722,FALSE,FALSE,0.004960098,TRUE,FALSE
731551,1,1.24E+18,166.79126,28.37528,1011,17,2.2,0.07475595,0.0384304,0.7356842,731551,,166.800415,28.377777,166.79126,28.375278,1011,31,7.44,1,0.0072,731551,42.63497424,7.25462,0.12247848,7.428825261,0.112929915,-3.0686748,0.36112717,7.43,0.13,-10.323295,-0.150029282,FALSE,0.150029282,5.46E+07,FALSE,FALSE,FALSE,TRUE,FALSE,FALSE,FALSE,FALSE,FALSE,FALSE,FALSE,FALSE,FALSE,FALSE,0.001814943,289898.1369,FALSE,FALSE,0.003372333,TRUE,FALSE
731615,1,1.24E+18,169.54709,26.38583,2817,42.8,2.2,0.05379098,0.02765276,0.4505409,731615,,169.547928,26.375555,169.547089,26.385834,2817,14,8.52,1,0.014756705,731615,63.22166057,8.242272,0.12189509,8.539274429,0.045000348,-2.244212,0.29040742,8.52,0.07,-10.486485,-0.878127965,TRUE,0.878127965,6.15E+08,FALSE,FALSE,FALSE,TRUE,FALSE,FALSE,FALSE,FALSE,FALSE,FALSE,TRUE,FALSE,FALSE,FALSE,0.010364672,8889.15018,TRUE,TRUE,0.009396501,FALSE,TRUE
731823,1,1.24E+18,178.84377,28.34167,558,7.1,2.5,0.09317926,0.04790141,0.4666381,731823,,178.847092,28.344444,178.843765,28.341667,558,81,7.4,1,0.019173447,731823,62.18376384,7.409001,0.3245024,7.605096826,0.305849901,-3.2263484,0.33499596,7.15,0.31,-10.635349,0.142714577,FALSE,0.142714577,5.91E+07,FALSE,FALSE,TRUE,FALSE,FALSE,FALSE,FALSE,FALSE,FALSE,FALSE,FALSE,FALSE,FALSE,FALSE,0.002667557,134197.3488,FALSE,FALSE,0.001861288,TRUE,FALSE
731974,1,1.24E+18,182.52083,26.28028,2640,40.6,2.4,0.07905069,0.04063823,0.6153653,731974,,182.528763,26.285276,182.520828,26.280277,2640,62,8.23,1,0.012582422,731974,52.02157551,7.950206,0.088150874,8.265682458,0.052414278,-1.3728362,0.07709385,8.23,0.08,-9.323042,-0.105144597,FALSE,0.105144597,3.15E+08,FALSE,FALSE,FALSE,FALSE,FALSE,TRUE,FALSE,FALSE,FALSE,FALSE,FALSE,FALSE,FALSE,FALSE,0.008282234,13921.19064,FALSE,FALSE,0.008806092,TRUE,FALSE
732042,1,1.24E+18,184.42876,28.20167,2547,39.3,2.3,0.07124227,0.03662409,0.8342232,732042,,184.431259,28.200834,184.428757,28.201668,2547,63,8.96,1,0.011934445,732042,33.46498936,7.6799345,0.06293639,8.835278498,0.051913804,-1.5059445,0.41881293,8.96,0.07,-9.185879,-0.093599073,FALSE,0.093599073,1.26E+09,FALSE,FALSE,FALSE,FALSE,FALSE,TRUE,FALSE,FALSE,FALSE,FALSE,FALSE,FALSE,FALSE,FALSE,0.007578975,16624.56857,FALSE,FALSE,0.008495878,TRUE,FALSE
732129,1,1.24E+18,186.855,27.84083,1051,19.9,2.4,0.0616396,0.03168757,0.4725877,732129,,186.852081,27.837223,186.854996,27.840834,1051,29,7.03,1,0.019222221,732129,61.79765092,7.133465,0.14977275,7.605430019,0.105397626,-2.9806824,0.36422393,7.69,0.12,-10.114147,-0.220207194,FALSE,0.220207194,2.78E+07,FALSE,FALSE,FALSE,TRUE,FALSE,FALSE,FALSE,FALSE,FALSE,FALSE,FALSE,FALSE,FALSE,FALSE,0.005037158,37635.71439,FALSE,FALSE,0.003505759,TRUE,FALSE
732245,1,1.24E+18,190.77457,24.45083,1825,30,2.3,0.05220188,0.02683584,0.8076981,732245,,190.773331,24.453056,190.774567,24.450834,1825,113,9.06,1,0.017436079,732245,36.12839511,8.458322,0.07633988,8.669257025,0.066628263,-1.9357419,0.12079808,9.06,0.08,-10.394064,0.091556751,FALSE,0.091556751,1.81E+09,FALSE,FALSE,FALSE,TRUE,FALSE,FALSE,FALSE,FALSE,FALSE,FALSE,FALSE,FALSE,FALSE,FALSE,0.007933979,15170.13112,FALSE,FALSE,0.006087545,TRUE,FALSE
732250,1,1.24E+18,190.85083,24.525,1194,22.5,2.3,0.05213787,0.02680294,0.5985848,732250,,190.840424,24.5275,190.85083,24.525,1194,88,7.95,1,0,732250,53.23143646,7.4492435,0.11747965,7.97926801,0.089111591,-2.0407171,0.11819443,7.95,0.1,-9.489961,0.122944291,FALSE,0.122944291,1.47E+08,FALSE,FALSE,FALSE,FALSE,FALSE,TRUE,FALSE,FALSE,FALSE,FALSE,FALSE,FALSE,FALSE,FALSE,0,Infinity,FALSE,FALSE,0.003982755,TRUE,FALSE
732257,1,1.24E+18,191.10376,24.90361,1816,29.9,2.2,0.05538399,0.0284717,0.3224299,732257,,191.100433,24.900833,191.10376,24.90361,1816,124,8.71,1,0,732257,71.19012137,7.6733403,0.17199421,7.963950581,0.065121026,-2.4226089,0.27880064,8.71,0.08,-10.095949,0.025253071,FALSE,0.025253071,7.29E+08,FALSE,FALSE,FALSE,TRUE,FALSE,FALSE,FALSE,FALSE,FALSE,FALSE,FALSE,FALSE,FALSE,FALSE,0,Infinity,FALSE,FALSE,0.006057524,TRUE,FALSE
732281,1,1.24E+18,191.545,26.25,1878,30.6,2.3,0.03772711,0.01939468,0.4948209,732281,,191.54126,26.254723,191.544998,26.25,1878,54,8.39,1,0.006457484,732281,60.34210999,7.6259,0.11978991,8.129431459,0.065638969,-1.5802909,0.080504745,8.39,0.08,-9.206191,-0.224589197,FALSE,0.224589197,3.69E+08,FALSE,FALSE,FALSE,FALSE,FALSE,TRUE,FALSE,FALSE,FALSE,FALSE,FALSE,FALSE,FALSE,FALSE,0.003023697,104446.7366,FALSE,FALSE,0.006264334,TRUE,FALSE
732593,1,1.24E+18,199.53168,24.74222,2791,42.9,2.4,0.04244567,0.02182039,0.4216982,732593,,199.53334,24.741112,199.531677,24.742222,2791,135,9.03,1,0.012167492,732593,65.05820649,8.031022,0.13245258,8.264767204,0.050390841,-2.3165977,0.3915788,9.03,0.07,-10.34762,2.13E-04,FALSE,2.13E-04,1.53E+09,FALSE,FALSE,FALSE,TRUE,FALSE,FALSE,FALSE,FALSE,FALSE,FALSE,FALSE,FALSE,FALSE,FALSE,0.008467208,13319.59184,FALSE,FALSE,0.009309774,TRUE,FALSE
732602,1,1.24E+18,200.27,24.14333,925,11.6,2.2,0.0324035,0.01665793,0.4885323,732602,,200.276672,24.144722,200.270004,24.143333,925,27,7.41,1,0.017009089,732602,60.75589183,7.101404,0.19433978,7.496904432,0.16485258,-2.898056,0.22226298,7.41,0.17,-9.99946,-0.303311185,TRUE,0.303311185,4.68E+07,FALSE,FALSE,FALSE,FALSE,TRUE,FALSE,FALSE,FALSE,FALSE,FALSE,FALSE,TRUE,FALSE,FALSE,0.003922854,62053.62483,TRUE,FALSE,0.003085468,FALSE,TRUE
732832,1,1.24E+18,209.68748,24.15139,978,18.4,2.4,0.055842,0.02870715,0.6689881,732832,,209.70166,24.158611,209.687485,24.151388,978,44,7.58,1,0.01793325,732832,48.01102671,7.675535,0.12835097,7.84626149,0.113359693,-2.7198896,0.20184137,7.58,0.13,-10.395425,-0.101721772,FALSE,0.101721772,9.79E+07,FALSE,FALSE,FALSE,TRUE,FALSE,FALSE,FALSE,FALSE,FALSE,FALSE,FALSE,FALSE,FALSE,FALSE,0.004372977,49936.37505,FALSE,FALSE,0.003262257,TRUE,FALSE
732861,1,1.24E+18,210.72708,24.85083,2308,36.7,2.2,0.05975097,0.03071667,0.2499645,732861,,210.726257,24.852777,210.727081,24.850834,2308,135,8.64,1,0.014765875,732861,75.5246523,8.139433,0.20104924,8.42449496,0.052421458,-1.6524979,0.094419375,8.64,0.07,-9.791931,0.053961194,FALSE,0.053961194,7.18E+08,FALSE,FALSE,FALSE,FALSE,TRUE,FALSE,FALSE,FALSE,FALSE,FALSE,FALSE,FALSE,FALSE,FALSE,0.00849717,13225.82415,FALSE,FALSE,0.007698659,TRUE,FALSE
732931,1,1.24E+18,216.08998,26.33639,2159,34.8,2.4,0.06002321,0.03085662,0.6191173,732931,,216.090836,26.335278,216.089981,26.33639,2159,58,8.36,1,0.003226337,732931,51.74834005,7.9849553,0.09246085,8.317795043,0.060109059,-2.6122391,0.32107857,8.36,0.08,-10.597195,-0.158756242,FALSE,0.158756242,4.01E+08,FALSE,FALSE,TRUE,FALSE,FALSE,FALSE,FALSE,FALSE,FALSE,FALSE,FALSE,FALSE,FALSE,FALSE,0.001736768,316583.2887,FALSE,FALSE,0.007201649,TRUE,FALSE
733302,1,1.24E+18,224.41417,26.66472,1280,23,2.3,0.1392576,0.07158925,0.5162353,733302,,224.410828,26.668333,224.414169,26.664722,1280,31,8.67,1,0.00788606,733302,58.91998981,8.016112,0.12862076,8.369219699,0.086871682,-1.8162394,0.09092629,8.67,0.1,-9.832352,-0.532840532,TRUE,0.532840532,7.26E+08,FALSE,FALSE,FALSE,FALSE,TRUE,FALSE,FALSE,FALSE,FALSE,FALSE,FALSE,TRUE,FALSE,FALSE,0.002516804,150755.3159,TRUE,TRUE,0.00426962,FALSE,TRUE
733373,1,1.24E+18,225.28,28.76083,1819,30.5,2.2,0.05416213,0.02784356,0.6563413,733373,,225.284592,28.754723,225.279999,28.760834,1819,95,8.32,1,0.014741765,733373,48.97860853,7.3354073,0.08877357,7.684857786,0.063230022,-2.6989229,0.23077509,8.32,0.08,-10.03433,0.104689738,FALSE,0.104689738,3.00E+08,FALSE,FALSE,FALSE,TRUE,FALSE,FALSE,FALSE,FALSE,FALSE,FALSE,FALSE,FALSE,FALSE,FALSE,0.006685925,21362.31736,FALSE,FALSE,0.006067531,TRUE,FALSE
733593,1,1.24E+18,228.16959,25.63361,1386,24.5,2.2,0.1973864,0.101472,0.7807677,733593,,228.170822,25.633612,228.169586,25.633612,1386,83,8.5,1,0.014845586,733593,38.66911353,7.816363,0.088546164,8.120597356,0.07806051,-2.3883212,0.13997348,8.5,0.09,-10.204684,0.075353005,FALSE,0.075353005,4.86E+08,FALSE,FALSE,FALSE,TRUE,FALSE,FALSE,FALSE,FALSE,FALSE,FALSE,FALSE,FALSE,FALSE,FALSE,0.005130266,36282.02995,FALSE,FALSE,0.004623198,TRUE,FALSE
733735,1,1.24E+18,232.7225,27.14889,1981,32.9,2.2,0.1554565,0.07991677,0.2480115,733735,,232.724594,27.147778,232.722504,27.14889,1981,113,8.63,1,0.012813462,733735,75.64018975,8.076773,0.20499158,,,-2.2587755,0.12621397,8.62,0.07,-10.335548,-0.018613689,FALSE,0.018613689,6.87E+08,FALSE,FALSE,FALSE,TRUE,FALSE,FALSE,FALSE,FALSE,FALSE,FALSE,FALSE,FALSE,FALSE,FALSE,0.00632893,23840.25008,FALSE,FALSE,0.006607905,TRUE,FALSE
733791,1,1.24E+18,237.79083,25.82528,2191,36,2.2,0.2295155,0.1179889,0.5049119,733791,,237.790421,25.841667,237.790833,25.825279,2191,47,8.13,1,0.010366532,733791,59.67454614,7.6446657,0.1122469,8.009987987,0.053790815,-2.6408398,0.29941577,8.13,0.08,-10.285505,-0.227622889,FALSE,0.227622889,2.24E+08,FALSE,FALSE,FALSE,TRUE,FALSE,FALSE,FALSE,FALSE,FALSE,FALSE,FALSE,FALSE,FALSE,FALSE,0.005663113,29775.63198,FALSE,FALSE,0.007308389,TRUE,FALSE
734081,1,1.24E+18,235.19499,2.36,2995,45.3,2.4,0.2122056,0.1090903,0.5144291,734081,,235.191254,2.368334,235.194992,2.36,2995,114,8.91,1,0.007193893,734081,59.040747,8.139312,0.10857673,8.38477699,0.047746776,-2.7738156,0.790666,8.91,0.07,-10.913128,-0.024124042,FALSE,0.024124042,1.22E+09,FALSE,FALSE,TRUE,FALSE,FALSE,FALSE,FALSE,FALSE,FALSE,FALSE,FALSE,FALSE,FALSE,FALSE,0.005372051,33089.57027,FALSE,FALSE,0.009990245,TRUE,FALSE
734320,1,1.24E+18,153.5546,15.86167,2968,45.1,2.3,0.1360808,0.06995616,0.526215,734320,,153.545013,15.846666,153.554596,15.861667,2968,168,8.81,1,0.01756445,734320,58.24997668,8.367376,0.10235536,8.576287369,0.044579631,-1.8656641,0.16182885,8.81,0.07,-10.233041,0.159894275,FALSE,0.159894275,1.09E+09,FALSE,FALSE,FALSE,TRUE,FALSE,FALSE,FALSE,FALSE,FALSE,FALSE,FALSE,FALSE,FALSE,FALSE,0.012998037,5652.177928,FALSE,FALSE,0.009900182,TRUE,FALSE
735001,1,1.24E+18,194.40207,9.31278,1954,16.2,2.2,0.0764472,0.03929983,0.76912,735001,,194.396255,9.324166,194.402069,9.312778,1954,81,7.6,1,0.008028737,735001,39.7251023,7.289083,0.1255514,7.731995289,0.118027602,-2.372089,0.14003912,7.6,0.13,-9.661172,0.26168274,FALSE,0.26168274,7.24E+07,FALSE,FALSE,FALSE,FALSE,TRUE,FALSE,FALSE,FALSE,FALSE,FALSE,FALSE,FALSE,FALSE,FALSE,0.00391157,62412.15034,TRUE,FALSE,0.006517842,TRUE,FALSE
738876,1,1.24E+18,125.67251,16.48083,2013,30.9,2.4,0.1006737,0.05175415,0.5398575,738876,,125.677917,16.477222,125.672508,16.480833,2013,42,7.99,1,0.01281826,738876,57.32610964,7.015148,0.114741646,6.819606462,0.123576033,-1.7342004,0.095317945,7.99,0.09,-8.749349,-0.215010292,FALSE,0.215010292,1.40E+08,FALSE,FALSE,FALSE,FALSE,FALSE,FALSE,TRUE,FALSE,FALSE,FALSE,FALSE,FALSE,FALSE,FALSE,0.006433572,23071.03223,FALSE,FALSE,0.006714645,TRUE,FALSE
739022,1,1.24E+18,141.21541,17.26139,2612,39.9,2.3,0.09995261,0.05138345,0.6661311,739022,,141.21666,17.261389,141.215408,17.261389,2612,159,9.43,1,0.007761154,739022,48.23088183,8.47187,0.078892045,8.748558207,0.050198753,-1.6692302,0.13213873,9.43,0.07,-10.141101,0.05536724,FALSE,0.05536724,3.88E+09,FALSE,FALSE,FALSE,TRUE,FALSE,FALSE,FALSE,FALSE,FALSE,FALSE,FALSE,FALSE,FALSE,FALSE,0.005054507,37377.8039,FALSE,FALSE,0.008712694,TRUE,FALSE
739182,1,1.24E+18,151.02167,18.19722,2119,32.9,2.3,0.1208932,0.06214853,0.7496533,739182,,151.025421,18.200001,151.021667,18.197222,2119,80,8.5,1,0.012534144,739182,41.43968041,7.480751,0.08660224,7.992867158,0.062405355,-3.316911,1.0102284,8.5,0.08,-10.797662,0.042551219,FALSE,0.042551219,4.51E+08,FALSE,FALSE,TRUE,FALSE,FALSE,FALSE,FALSE,FALSE,FALSE,FALSE,FALSE,FALSE,FALSE,FALSE,0.006622241,21775.16504,FALSE,FALSE,0.007068223,TRUE,FALSE
739284,1,1.24E+18,154.76917,17.18333,1976,31,2.3,0.09932037,0.05105843,0.776452,739284,,154.772919,17.18111,154.769165,17.183332,1976,65,8.1,1,0.018643005,739284,39.063171,7.297499,0.07699646,7.696096058,0.066603475,-3.3134766,0.8869725,8.09,0.09,-10.610975,0.069043612,FALSE,0.069043612,1.87E+08,FALSE,FALSE,TRUE,FALSE,FALSE,FALSE,FALSE,FALSE,FALSE,FALSE,FALSE,FALSE,FALSE,FALSE,0.009185064,11318.97279,FALSE,FALSE,0.006591227,TRUE,FALSE
739509,1,1.24E+18,157.95708,23.41722,1212,20.1,2.1,0.07019535,0.0360859,0.718887,739509,,157.958755,23.415833,157.957077,23.417221,1212,56,7.93,1,0.010544061,739509,44.03737181,7.569504,0.10419976,8.104869918,0.090789979,-1.7334166,0.09601335,7.93,0.1,-9.30292,-0.014412306,FALSE,0.014412306,1.50E+08,FALSE,FALSE,FALSE,FALSE,FALSE,TRUE,FALSE,FALSE,FALSE,FALSE,FALSE,FALSE,FALSE,FALSE,0.003186323,94057.11838,FALSE,FALSE,0.004042797,TRUE,FALSE
739526,1,1.24E+18,158.28584,23.56,1292,21.4,2.2,0.06896172,0.03545171,0.6647816,739526,,158.279999,23.561666,158.285843,23.559999,1292,61,7.69,2,0.01053398,739526,48.3344683,7.3492904,0.108229026,7.668031088,0.089746758,-2.9606807,0.39596444,7.69,0.11,-10.309971,0.050208624,FALSE,0.050208624,8.75E+07,FALSE,FALSE,FALSE,TRUE,FALSE,FALSE,FALSE,FALSE,FALSE,FALSE,FALSE,FALSE,FALSE,FALSE,0.003393394,82928.29227,FALSE,FALSE,0.004309648,TRUE,FALSE
739837,1,1.24E+18,161.15167,21.66611,1167,19.6,2.2,0.08257935,0.04245223,0.5313964,739837,,161.152512,21.670277,161.151672,21.666111,1167,81,7.94,1,0.007598281,739837,57.90019632,8.617398,0.13326101,8.770682969,0.097501935,-2.2378247,0.15229662,7.94,0.11,-10.855223,-0.076862647,FALSE,0.076862647,5.30E+08,FALSE,FALSE,TRUE,FALSE,FALSE,FALSE,FALSE,FALSE,FALSE,FALSE,FALSE,FALSE,FALSE,FALSE,0.002210882,195362.1,FALSE,FALSE,0.003892693,TRUE,FALSE
740112,1,1.24E+18,162.48082,23.06833,609,8.1,2.3,0.147167,0.07565534,0.4198747,740112,,162.477081,23.09,162.48082,23.068335,609,37,6.81,1,0.018,740112,65.17337802,6.476984,0.2765548,6.635220943,0.252496204,-2.7043333,0.32221988,6.81,0.25,-9.181317,-0.031957429,FALSE,0.031957429,1.16E+07,FALSE,FALSE,FALSE,FALSE,FALSE,TRUE,FALSE,FALSE,FALSE,FALSE,FALSE,FALSE,FALSE,FALSE,0.002733186,127830.1012,FALSE,FALSE,0.002031405,TRUE,FALSE
740342,1,1.24E+18,164.16125,17.38361,942,19.2,4.2,0.09580682,0.04925219,0.6563484,740342,,164.16626,17.372778,164.161255,17.383612,942,17,7.26,2,0.018625763,740342,48.97806934,7.038153,0.20034605,7.351625823,0.190597215,-2.5792503,0.25723758,7.26,0.21,-9.617403,-0.409863121,TRUE,0.409863121,3.51E+07,FALSE,FALSE,FALSE,FALSE,TRUE,FALSE,FALSE,FALSE,FALSE,FALSE,FALSE,TRUE,FALSE,FALSE,0.00437466,49897.95852,TRUE,TRUE,0.003142174,FALSE,TRUE
740381,1,1.24E+18,164.50624,19.505,652,8.4,2.5,0.08442251,0.04339977,0.6013057,740381,095-078a,164.5,19.503611,164.506241,19.504999,652,77,8.3,1,0.004947241,740381,53.03657593,7.1564445,0.26905224,7.582416166,0.258524233,-3.3090115,0.3234192,7.57,0.26,-10.465456,-0.004029567,FALSE,0.004029567,2.80E+08,FALSE,FALSE,FALSE,TRUE,FALSE,FALSE,FALSE,FALSE,FALSE,FALSE,FALSE,FALSE,FALSE,FALSE,8.04E-04,1476357.051,FALSE,FALSE,0.002174838,TRUE,FALSE
740549,1,1.24E+18,166.61375,18.39,1244,19.5,4.5,0.07364917,0.03786143,0.3083331,740549,,166.613342,18.385555,166.613754,18.389999,1244,88,7.98,1,0.014130871,740549,72.04125681,7.5950713,0.26088655,7.964657713,0.200530325,-2.1536784,0.21853553,7.98,0.21,-9.74875,0.03461518,FALSE,0.03461518,1.66E+08,FALSE,FALSE,FALSE,FALSE,TRUE,FALSE,FALSE,FALSE,FALSE,FALSE,FALSE,FALSE,FALSE,FALSE,0.004382971,49708.89443,FALSE,FALSE,0.004149537,TRUE,FALSE
740565,1,1.24E+18,166.91042,18.45333,2885,43.9,2.3,0.07250816,0.03727486,0.6131778,740565,,166.912079,18.44972,166.910416,18.453335,2885,156,9.14,1,0.022596107,740565,52.18040909,8.697059,0.08495258,8.953945937,0.045596499,-1.7329602,0.14474902,9.14,0.06,-10.430019,0.077228249,FALSE,0.077228249,2.33E+09,FALSE,FALSE,FALSE,TRUE,FALSE,FALSE,FALSE,FALSE,FALSE,FALSE,FALSE,FALSE,FALSE,FALSE,0.016253944,3614.546766,FALSE,FALSE,0.009623324,TRUE,FALSE
740571,1,1.24E+18,166.985,19.77278,2813,42.8,2.3,0.0749561,0.03853329,0.5368149,740571,,166.995422,19.770555,166.985001,19.772778,2813,61,8.43,1,0.007957188,740571,57.53297122,7.907937,0.10106037,8.059213089,0.048883773,-2.6678722,0.588539,8.43,0.08,-10.5758095,-0.17773026,FALSE,0.17773026,4.39E+08,FALSE,FALSE,TRUE,FALSE,FALSE,FALSE,FALSE,FALSE,FALSE,FALSE,FALSE,FALSE,FALSE,FALSE,0.005580957,30658.72049,FALSE,FALSE,0.009383158,TRUE,FALSE
740572,1,1.24E+18,167.05792,17.38944,2926,44.4,2.3,0.06408969,0.0329471,0.9705347,740572,,167.054169,17.395834,167.057922,17.389444,2926,97,8.76,1,0.015955239,740572,13.94330166,6.761154,0.052774947,7.748562194,0.051607276,-1.8386838,0.19530448,8.76,0.07,-8.599838,0.50675835,TRUE,0.50675835,7.71E+08,FALSE,FALSE,FALSE,FALSE,FALSE,FALSE,TRUE,FALSE,FALSE,FALSE,FALSE,FALSE,FALSE,TRUE,0.011640107,7047.863052,TRUE,TRUE,0.009760085,FALSE,TRUE
740584,1,1.24E+18,167.28958,20.12472,1124,19.6,4.3,0.07471547,0.03840958,0.4146957,740584,,167.29332,20.121111,167.289581,20.124722,1124,35,7.44,1,0.007953979,740584,65.4999006,6.7963877,0.22851065,7.821555772,0.190715529,-2.9773605,0.43131343,7.44,0.2,-9.773748,-0.199327182,FALSE,0.199327182,4.29E+07,FALSE,FALSE,FALSE,FALSE,TRUE,FALSE,FALSE,FALSE,FALSE,FALSE,FALSE,FALSE,FALSE,FALSE,0.002229103,192181.3438,FALSE,FALSE,0.00374926,TRUE,FALSE
740666,1,1.24E+18,168.83916,19.24222,676,19.8,4.3,0.06145074,0.03159048,0.6556412,740666,,168.847916,19.237501,168.839157,19.242222,676,41,7.67,1,0.01248245,740666,49.03175438,7.8078656,0.19885497,8.044267137,0.188786858,-5.180098,2.5038357,7.67,0.2,-12.987964,-0.16697864,FALSE,0.16697864,1.26E+08,TRUE,FALSE,FALSE,FALSE,FALSE,FALSE,FALSE,FALSE,FALSE,FALSE,FALSE,FALSE,FALSE,FALSE,0.002103904,215734.5317,FALSE,FALSE,0.002254893,TRUE,FALSE
740681,1,1.24E+18,169.02499,18.21139,756,19.8,4.4,0.06791926,0.03491581,0.9595441,740681,,169.042084,18.208612,169.024994,18.21139,756,56,7.78,1,0.013678703,740681,16.35324942,8.446447,0.19443107,8.402850206,0.193029429,-2.4862769,0.2541636,7.78,0.2,-10.932724,0.283352203,FALSE,0.283352203,3.60E+08,FALSE,FALSE,TRUE,FALSE,FALSE,FALSE,FALSE,FALSE,FALSE,FALSE,FALSE,FALSE,FALSE,FALSE,0.002578375,143641.2902,TRUE,FALSE,0.002521745,TRUE,FALSE
740795,1,1.24E+18,170.45001,16.87972,1453,19.9,4.2,0.07957756,0.04090908,0.6724197,740795,,170.452927,16.882223,170.450012,16.879723,1453,123,8.25,1,0.012810516,740795,47.7459461,7.0366697,0.19286008,7.846044338,0.183481987,-2.0006013,0.19501506,8.25,0.19,-9.0372715,0.245939597,FALSE,0.245939597,2.47E+08,FALSE,FALSE,FALSE,FALSE,FALSE,TRUE,FALSE,FALSE,FALSE,FALSE,FALSE,FALSE,FALSE,FALSE,0.004641,44335.15726,FALSE,FALSE,0.004846686,TRUE,FALSE
741006,1,1.24E+18,172.32085,19.98694,1034,18.1,2.2,0.08714797,0.04480087,0.687879,741006,,172.333328,19.986389,172.320847,19.986944,1034,45,7.48,2,0.0176174,741006,46.53759235,8.07982,0.119890235,8.066203117,0.105642873,-3.0525928,0.41980895,7.48,0.13,-11.132412,-0.135168884,FALSE,0.135168884,1.60E+08,FALSE,TRUE,FALSE,FALSE,FALSE,FALSE,FALSE,FALSE,FALSE,FALSE,FALSE,FALSE,FALSE,FALSE,0.004541943,46290.08953,FALSE,FALSE,0.003449053,TRUE,FALSE
741070,1,1.24E+18,173.0275,22.12528,1178,20.9,2.2,0.06184085,0.03179103,0.5149709,741070,,173.023758,22.125555,173.027496,22.125278,1178,47,7.74,1,0.015158677,741070,59.00453992,7.548991,0.1318897,7.750955281,0.091660059,-2.7682612,0.2685253,7.74,0.11,-10.317252,-0.14612102,FALSE,0.14612102,1.08E+08,FALSE,FALSE,FALSE,TRUE,FALSE,FALSE,FALSE,FALSE,FALSE,FALSE,FALSE,FALSE,FALSE,FALSE,0.004452315,48172.54035,FALSE,FALSE,0.003929385,TRUE,FALSE
741338,1,1.24E+18,176.16959,16.89944,892,10.6,2.3,0.09506977,0.04887329,0.9030809,741338,,176.152924,16.892778,176.169586,16.899445,892,106,7.16,2,0.022667986,741338,25.43398127,7.1366987,0.19037427,7.35054217,0.188529429,-4.1267653,0.76665324,7.16,0.2,-11.263464,0.636708055,TRUE,0.636708055,3.29E+07,FALSE,TRUE,FALSE,FALSE,FALSE,FALSE,FALSE,FALSE,TRUE,FALSE,FALSE,FALSE,FALSE,FALSE,0.005041469,37571.38009,TRUE,TRUE,0.002975392,FALSE,TRUE
741675,1,1.24E+18,179.95584,21.44861,1964,31.5,2.3,0.07407761,0.03808168,0.6540402,741675,,179.954575,21.44972,179.955841,21.44861,1964,124,8.89,1,0.003350685,741675,49.15312868,8.524021,0.08966554,8.681922946,0.063586211,-1.5197418,0.090916894,8.89,0.08,-10.043763,0.054436335,FALSE,0.054436335,1.37E+09,FALSE,FALSE,FALSE,TRUE,FALSE,FALSE,FALSE,FALSE,FALSE,FALSE,FALSE,FALSE,FALSE,FALSE,0.001640795,354701.119,FALSE,FALSE,0.006551199,TRUE,FALSE
741946,1,1.24E+18,182.05042,19.11028,2246,35.2,2.3,0.1271975,0.06538942,0.2037512,741946,,182.048752,19.110279,182.050415,19.110279,2246,144,8.8,1,0.017384846,741946,78.24366084,7.7858934,0.23024191,8.198331929,0.057522432,-3.3657296,1.0688014,8.8,0.07,-11.151623,0.052691109,FALSE,0.052691109,9.00E+08,FALSE,TRUE,FALSE,FALSE,FALSE,FALSE,FALSE,FALSE,FALSE,FALSE,FALSE,FALSE,FALSE,FALSE,0.009735537,10075.15018,FALSE,FALSE,0.00749185,TRUE,FALSE
742008,1,1.24E+18,182.69292,23.915,2541,39.2,2.2,0.1003757,0.05160094,0.3489749,742008,,182.698349,23.925554,182.692917,23.914999,2541,129,8.76,1,0.010508669,742008,69.57543053,7.6462984,0.15607859,7.976539348,0.050604765,-2.8500397,0.62313426,8.76,0.07,-10.496338,0.035430467,FALSE,0.035430467,8.10E+08,FALSE,FALSE,FALSE,TRUE,FALSE,FALSE,FALSE,FALSE,FALSE,FALSE,FALSE,FALSE,FALSE,FALSE,0.006657815,21543.08884,FALSE,FALSE,0.008475864,TRUE,FALSE
742034,1,1.24E+18,182.95792,17.67639,2409,37.3,2.3,0.1406705,0.07231564,0.8000773,742034,,182.958344,17.679167,182.957916,17.676388,2409,58,8.31,1,0.015494577,742034,36.86254654,8.365351,0.07544631,8.462513905,0.054067865,-1.958763,0.18863851,8.67,0.07,-10.324114,-0.066431278,FALSE,0.066431278,5.03E+08,FALSE,FALSE,FALSE,TRUE,FALSE,FALSE,FALSE,FALSE,FALSE,FALSE,FALSE,FALSE,FALSE,FALSE,0.009306703,11025.02745,FALSE,FALSE,0.008035559,TRUE,FALSE
742122,1,1.24E+18,183.7075,17.71889,2383,37,2.4,0.1082023,0.05562446,0.3644291,742122,,183.713745,17.725279,183.707504,17.718889,2383,118,8,1,0.014181425,742122,68.6276052,8.724083,0.15303174,8.828239863,0.056379448,-1.6809367,0.10135002,8.35,0.08,-10.40502,0.021197195,FALSE,0.021197195,6.63E+08,FALSE,FALSE,FALSE,TRUE,FALSE,FALSE,FALSE,FALSE,FALSE,FALSE,FALSE,FALSE,FALSE,FALSE,0.008426035,13450.08097,FALSE,FALSE,0.007948832,TRUE,FALSE
742507,1,1.24E+18,189.25584,22.00833,1299,23.8,2.3,0.07227355,0.03715425,0.7574117,742507,,189.255844,22.009167,189.255844,22.008333,1299,34,7.75,2,0.017172076,742507,40.76348709,7.280418,0.101039015,7.498593692,0.085244569,-2.9958785,0.41949224,7.75,0.11,-10.276297,-0.152805427,FALSE,0.152805427,9.39E+07,FALSE,FALSE,FALSE,TRUE,FALSE,FALSE,FALSE,FALSE,FALSE,FALSE,FALSE,FALSE,FALSE,FALSE,0.005561748,30870.86669,FALSE,FALSE,0.004332998,TRUE,FALSE
742516,1,1.24E+18,189.44125,18.29722,2550,39.3,2.3,0.07676148,0.03946139,0.6221947,742516,,189.437912,18.290833,189.441254,18.297222,2550,80,8.06,1,0.015451929,742516,51.5234627,7.3962426,0.08653121,7.853564631,0.053634292,-1.9621017,0.15950347,8.45,0.08,-9.358344,0.070751924,FALSE,0.070751924,1.78E+08,FALSE,FALSE,FALSE,FALSE,FALSE,TRUE,FALSE,FALSE,FALSE,FALSE,FALSE,FALSE,FALSE,FALSE,0.009824313,9893.887313,FALSE,FALSE,0.008505884,TRUE,FALSE
742637,1,1.24E+18,193.48,19.25917,898,17,2.5,0.0689594,0.03545052,0.786128,742637,,193.489166,19.271666,193.479996,19.259167,898,77,7.6,2,0.017362032,742637,38.17490709,7.140152,0.13397945,7.468281438,0.128049569,-2.5591583,0.17827515,7.6,0.14,-9.69931,0.263045909,FALSE,0.263045909,6.68E+07,FALSE,FALSE,FALSE,FALSE,TRUE,FALSE,FALSE,FALSE,FALSE,FALSE,FALSE,FALSE,FALSE,FALSE,0.003887373,63191.54159,TRUE,FALSE,0.002995406,TRUE,FALSE
742685,1,1.24E+18,195.37375,16.5725,2650,40.7,2.2,0.08129907,0.04179408,0.3719892,742685,,195.369995,16.572224,195.373749,16.5725,2650,168,9.15,1,0.003450455,742685,68.16170876,8.510098,0.14720006,8.778514858,0.047066538,-2.0849137,0.24542144,9.15,0.06,-10.595013,0.045641778,FALSE,0.045641778,2.20E+09,FALSE,FALSE,TRUE,FALSE,FALSE,FALSE,FALSE,FALSE,FALSE,FALSE,FALSE,FALSE,FALSE,FALSE,0.002279825,183724.9953,FALSE,FALSE,0.008839449,TRUE,FALSE
742758,1,1.24E+18,196.84625,17.79111,2965,45.1,2.3,0.07693632,0.03955128,0.2869456,742758,,196.847504,17.78861,196.846252,17.791111,2965,163,8.94,1,0.007743401,742758,73.32488033,8.769791,0.18085685,8.853420547,0.044497343,-1.4785048,0.10504789,8.94,0.07,-10.248296,0.043989165,FALSE,0.043989165,1.75E+09,FALSE,FALSE,FALSE,TRUE,FALSE,FALSE,FALSE,FALSE,FALSE,FALSE,FALSE,FALSE,FALSE,FALSE,0.005724476,29140.69011,FALSE,FALSE,0.009890175,TRUE,FALSE
742781,1,1.24E+18,197.33665,21.71556,2702,41.6,2.2,0.07660765,0.03938232,0.326623,742781,,197.341248,21.717779,197.336655,21.715557,2702,123,8.94,1,0.019906899,742781,70.93612693,7.697682,0.16558373,8.038212468,0.048574663,-2.7515807,0.65264124,8.94,0.07,-10.449263,-0.032422901,FALSE,0.032422901,1.21E+09,FALSE,FALSE,FALSE,TRUE,FALSE,FALSE,FALSE,FALSE,FALSE,FALSE,FALSE,FALSE,FALSE,FALSE,0.01341122,5309.270015,FALSE,FALSE,0.009012902,TRUE,FALSE
742792,1,1.24E+18,197.57666,20.68806,3016,45.9,2.4,0.1160113,0.05963889,0.9268806,742792,,197.575424,20.687222,197.57666,20.688055,3016,100,8.9,1,0.018,742792,22.0463548,8.700264,0.05199443,8.775867517,0.045829497,-1.4526109,0.10806103,8.89,0.06,-10.152875,0.251130583,FALSE,0.251130583,1.56E+09,FALSE,FALSE,FALSE,TRUE,FALSE,FALSE,FALSE,FALSE,FALSE,FALSE,FALSE,FALSE,FALSE,FALSE,0.013535776,5212.007641,TRUE,FALSE,0.010060293,TRUE,FALSE
742826,1,1.24E+18,198.26332,23.08445,2531,39.3,2.5,0.04528702,0.02328107,0.4423609,742826,,198.264999,23.086668,198.263321,23.084446,2531,75,8.39,1,0.014775914,742826,63.74544071,7.6705456,0.12914011,7.862287318,0.05926187,-3.3927948,1.1459666,8.39,0.08,-11.06334,-0.096956883,FALSE,0.096956883,3.73E+08,FALSE,TRUE,FALSE,FALSE,FALSE,FALSE,FALSE,FALSE,FALSE,FALSE,FALSE,FALSE,FALSE,FALSE,0.009324506,10982.96826,FALSE,FALSE,0.008442507,TRUE,FALSE
742919,1,1.24E+18,200.19292,22.39472,1048,14.7,2.2,0.04891211,0.02514465,0.5807945,742919,,200.192078,22.392778,200.192917,22.394722,1048,40,7.54,1,0.012310554,742919,54.49360307,7.2715354,0.15205763,7.563618607,0.13009216,-3.9541495,0.80476373,7.54,0.14,-11.225685,-0.137777168,FALSE,0.137777168,6.48E+07,FALSE,TRUE,FALSE,FALSE,FALSE,FALSE,FALSE,FALSE,FALSE,FALSE,FALSE,FALSE,FALSE,FALSE,0.003216757,92285.81842,FALSE,FALSE,0.003495752,TRUE,FALSE
743360,1,1.24E+18,206.61708,21.16583,923,12.1,2.2,0.07962878,0.04093541,0.6299367,743360,,206.619156,21.169167,206.617081,21.165833,923,58,7.14,2,0.011309748,743360,50.95459051,7.445513,0.1720175,7.620632711,0.15795628,-3.08967,0.23074979,7.14,0.17,-10.535183,0.0806316,FALSE,0.0806316,4.63E+07,FALSE,FALSE,TRUE,FALSE,FALSE,FALSE,FALSE,FALSE,FALSE,FALSE,FALSE,FALSE,FALSE,FALSE,0.002602759,140962.4599,FALSE,FALSE,0.003078797,TRUE,FALSE
743445,1,1.24E+18,207.30666,22.58972,955,18,2.4,0.05635478,0.02897076,0.7466636,743445,,207.314178,22.591946,207.306656,22.589724,955,60,7.51,2,0.019599053,743445,41.69784597,7.5698085,0.124801196,7.817402177,0.115875111,-4.026845,0.97438776,7.51,0.13,-11.596653,0.102900417,FALSE,0.102900417,8.02E+07,TRUE,FALSE,FALSE,FALSE,FALSE,FALSE,FALSE,FALSE,FALSE,FALSE,FALSE,FALSE,FALSE,FALSE,0.004666785,43846.5887,FALSE,FALSE,0.003185537,TRUE,FALSE
743733,1,1.24E+18,209.35625,21.38917,2853,43.9,2.2,0.09894144,0.05086363,0.3499469,743733,,209.358749,21.386389,209.356247,21.389166,2853,190,9.22,1,0.017563772,743733,69.5159914,8.747558,0.15412079,9.011729445,0.043555033,-1.4530802,0.06745885,9.22,0.06,-10.200638,0.070353045,FALSE,0.070353045,2.77E+09,FALSE,FALSE,FALSE,TRUE,FALSE,FALSE,FALSE,FALSE,FALSE,FALSE,FALSE,FALSE,FALSE,FALSE,0.012493925,6117.494724,FALSE,FALSE,0.009516584,TRUE,FALSE
743776,1,1.24E+18,209.75417,22.81472,2878,44.4,2.2,0.06319217,0.03248571,0.4674073,743776,,209.748749,22.806389,209.754166,22.814722,2878,83,8.51,1,0.015100431,743776,62.13392252,7.9266257,0.1164423,8.265149261,0.044079752,-2.1878984,0.35527644,8.51,0.07,-10.114524,-0.081599331,FALSE,0.081599331,5.15E+08,FALSE,FALSE,FALSE,TRUE,FALSE,FALSE,FALSE,FALSE,FALSE,FALSE,FALSE,FALSE,FALSE,FALSE,0.010835762,8133.031657,FALSE,FALSE,0.009599975,TRUE,FALSE
744015,1,1.24E+18,212.21208,20.03333,2196,35,2.3,0.1942711,0.09987054,0.7285389,744015,,212.207077,20.048056,212.212082,20.033333,2196,46,8.03,1,0.012743488,744015,43.23599218,7.722515,0.075953454,8.025425385,0.057633301,-3.8402965,1.27374,8.03,0.09,-11.562812,-0.121897235,FALSE,0.121897235,1.95E+08,TRUE,FALSE,FALSE,FALSE,FALSE,FALSE,FALSE,FALSE,FALSE,FALSE,FALSE,FALSE,FALSE,FALSE,0.006977502,19614.23743,FALSE,FALSE,0.007325068,TRUE,FALSE
744158,1,1.24E+18,213.14041,18.50028,2223,35.3,2.2,0.09118654,0.046877,0.8592132,744158,,213.146667,18.501667,213.140411,18.500278,2223,43,8.25,1,0.007968382,744158,30.77167051,7.1200733,0.06439331,7.899737816,0.055326563,-2.0433354,0.13051726,8.25,0.08,-9.163408,-0.051117482,FALSE,0.051117482,2.50E+08,FALSE,FALSE,FALSE,FALSE,FALSE,TRUE,FALSE,FALSE,FALSE,FALSE,FALSE,FALSE,FALSE,FALSE,0.004416609,48954.60057,FALSE,FALSE,0.00741513,TRUE,FALSE
744416,1,1.24E+18,215.53999,16.54528,2344,36.9,2.2,0.07376459,0.03792076,0.7186224,744416,,215.542084,16.551943,215.539993,16.545277,2344,89,8.59,1,0.014960649,744416,44.05917717,8.212286,0.07286786,8.539814318,0.051909975,-2.0260026,0.14274734,8.59,0.07,-10.238289,0.022665725,FALSE,0.022665725,6.80E+08,FALSE,FALSE,FALSE,TRUE,FALSE,FALSE,FALSE,FALSE,FALSE,FALSE,FALSE,FALSE,FALSE,FALSE,0.008743541,12490.98383,FALSE,FALSE,0.007818742,TRUE,FALSE
746846,1,1.24E+18,233.78665,16.87083,1992,32.6,2.3,0.1552508,0.07981106,0.5499991,746846,,233.787918,16.873056,233.786652,16.870834,1992,90,8.61,1,0.015963514,746846,56.63309661,8.351839,0.10854561,8.601853158,0.061383797,-2.433669,0.23661079,8.61,0.08,-10.785508,-0.064964911,FALSE,0.064964911,7.67E+08,FALSE,FALSE,TRUE,FALSE,FALSE,FALSE,FALSE,FALSE,FALSE,FALSE,FALSE,FALSE,FALSE,FALSE,0.007928612,15190.67476,FALSE,FALSE,0.006644597,TRUE,FALSE
747060,1,1.24E+18,236.29083,16.25028,2818,44.2,2.2,0.1073959,0.05520989,0.4391934,747060,,236.280411,16.271666,236.290833,16.250278,2818,108,8.43,2,0.012623244,747060,63.94762581,8.134471,0.12448329,8.31031691,0.043920724,-2.0906103,0.2175512,8.43,0.08,-10.225081,0.030179816,FALSE,0.030179816,4.94E+08,FALSE,FALSE,FALSE,TRUE,FALSE,FALSE,FALSE,FALSE,FALSE,FALSE,FALSE,FALSE,FALSE,FALSE,0.00886934,12139.16451,FALSE,FALSE,0.009399836,TRUE,FALSE
747724,1,1.24E+18,165.64375,32.2275,1950,30.6,2.4,0.08898476,0.04574512,0.2868665,747724,,165.647507,32.229168,165.643753,32.227501,1950,141,8.66,1,0.009819814,747724,73.32961132,7.6113553,0.18809913,7.866929933,0.068832754,-2.3417048,0.19028248,8.66,0.08,-9.95306,0.088553007,FALSE,0.088553007,6.49E+08,FALSE,FALSE,FALSE,FALSE,TRUE,FALSE,FALSE,FALSE,FALSE,FALSE,FALSE,FALSE,FALSE,FALSE,0.004774382,41892.56789,FALSE,FALSE,0.0065045,TRUE,FALSE
747786,1,1.24E+18,171.25835,34.56166,2106,32.9,2.3,0.0769023,0.03953379,0.4141241,747786,,171.258347,34.56361,171.258347,34.561665,2106,127,8.71,1,0.02007742,747786,65.53588636,7.9163303,0.13871987,8.344011567,0.060837817,-2.0327451,0.13697293,8.71,0.08,-9.949076,0.047513599,FALSE,0.047513599,7.65E+08,FALSE,FALSE,FALSE,FALSE,TRUE,FALSE,FALSE,FALSE,FALSE,FALSE,FALSE,FALSE,FALSE,FALSE,0.010542548,8591.721411,FALSE,FALSE,0.00702486,TRUE,FALSE
747977,1,1.24E+18,190.83499,35.44222,1814,29.6,2.2,0.04465254,0.02295489,0.7776873,747977,,190.825409,35.435833,190.834991,35.442223,1814,49,8.65,1,0.011191159,747977,38.95072112,7.725292,0.07843813,8.051372352,0.06606183,-3.4902363,1.4506464,8.65,0.08,-11.2155285,-0.187263016,FALSE,0.187263016,6.47E+08,FALSE,TRUE,FALSE,FALSE,FALSE,FALSE,FALSE,FALSE,FALSE,FALSE,FALSE,FALSE,FALSE,FALSE,0.005061645,37272.45772,FALSE,FALSE,0.006050853,TRUE,FALSE
748168,1,1.24E+18,204.84291,31.24917,704,10,2.3,0.06013854,0.03091591,0.6158969,748168,,204.838745,31.26,204.842911,31.249166,704,50,7.83,1,0.014725227,748168,51.98292433,6.8045425,0.21214496,7.183816396,0.199909874,-3.533024,0.36742452,7.83,0.2,-10.337566,-0.069649082,FALSE,0.069649082,9.63E+07,FALSE,FALSE,FALSE,TRUE,FALSE,FALSE,FALSE,FALSE,FALSE,FALSE,FALSE,FALSE,FALSE,FALSE,0.002584723,142936.5887,FALSE,FALSE,0.002348291,TRUE,FALSE
748298,1,1.24E+18,208.77083,32.90306,2393,37.9,2.4,0.05971874,0.03070009,0.4171752,748298,,208.773758,32.903889,208.770828,32.903057,2393,194,8.72,1,0.012376699,748298,65.34368112,9.101353,0.13540643,9.294442594,0.055008489,-1.4512938,0.0726076,8.72,0.07,-10.552647,0.129922523,FALSE,0.129922523,1.96E+09,FALSE,FALSE,TRUE,FALSE,FALSE,FALSE,FALSE,FALSE,FALSE,FALSE,FALSE,FALSE,FALSE,FALSE,0.007384598,17511.27116,FALSE,FALSE,0.007982189,TRUE,FALSE
748499,1,1.24E+18,216.83376,31.66528,1974,32.4,2.3,0.03995431,0.02053964,0.1280277,748499,,216.833328,31.668888,216.833755,31.665277,1974,86,8.94,1,0.018744399,748499,82.64443434,8.297434,0.29520237,,,-1.842202,0.07859404,8.94,0.08,-10.139636,-0.221323724,FALSE,0.221323724,1.36E+09,FALSE,FALSE,FALSE,TRUE,FALSE,FALSE,FALSE,FALSE,FALSE,FALSE,FALSE,FALSE,FALSE,FALSE,0.009225672,11219.54878,FALSE,FALSE,0.006584555,TRUE,FALSE
748506,1,1.24E+18,217.25543,31.66111,1964,32.3,2.3,0.04418704,0.02271559,0.7409504,748506,,217.26416,31.656389,217.255432,31.66111,1964,86,8.12,2,0.006128407,748506,42.18759752,7.751872,0.07987472,8.065298223,0.062393864,-3.2614348,0.7292682,8.12,0.08,-11.013307,0.139845521,FALSE,0.139845521,2.32E+08,FALSE,TRUE,FALSE,FALSE,FALSE,FALSE,FALSE,FALSE,FALSE,FALSE,FALSE,FALSE,FALSE,FALSE,0.003001017,106031.4161,FALSE,FALSE,0.006551199,TRUE,FALSE
748687,1,1.24E+18,332.84915,14.77278,1644,25.7,2.2,0.1975336,0.1015477,0.7288821,748687,,332.835815,14.7725,332.849152,14.772778,1644,70,8.1,1,0.010015461,748687,43.20727825,6.922406,0.10009552,7.125559168,0.092618002,-2.1758883,0.15149948,8.1,0.09,-9.098294,0.072093378,FALSE,0.072093378,1.76E+08,FALSE,FALSE,FALSE,FALSE,FALSE,TRUE,FALSE,FALSE,FALSE,FALSE,FALSE,FALSE,FALSE,FALSE,0.004105368,56658.77932,FALSE,FALSE,0.005483794,TRUE,FALSE
748697,1,1.24E+18,334.45874,15.99694,1775,27.5,2.3,0.1747811,0.08985111,0.5736842,748697,,334.457916,15.999722,334.45874,15.996944,1776,51,8.7,1,0.0144,748697,54.99250855,7.8221006,0.10938131,8.157893465,0.073050749,-2.3962562,0.34448996,8.71,0.08,-10.218357,-0.298313141,FALSE,0.298313141,7.33E+08,FALSE,FALSE,FALSE,TRUE,FALSE,FALSE,FALSE,FALSE,FALSE,FALSE,FALSE,FALSE,FALSE,FALSE,0.006372945,23512.07884,TRUE,FALSE,0.005920763,TRUE,FALSE
748716,1,1.24E+18,340.27335,15.82361,1936,29.3,2.2,0.3232776,0.1661899,0.6144511,748716,,340.275391,15.825277,340.273346,15.823611,1936,66,8.2,1,0.014314407,748716,52.08799694,8.509848,0.09760553,8.908193421,0.065228284,-1.1289304,0.06722348,8.2,0.08,-9.638778,-0.135736112,FALSE,0.135736112,5.34E+08,FALSE,FALSE,FALSE,FALSE,TRUE,FALSE,FALSE,FALSE,FALSE,FALSE,FALSE,FALSE,FALSE,FALSE,0.006909682,20001.16533,FALSE,FALSE,0.006457801,TRUE,FALSE
748819,1,1.24E+18,24.35458,14.66028,2591,35,2.2,0.1512611,0.07776003,0.2333024,748819,,24.355415,14.6675,24.354584,14.660277,2591,53,8.78,1,0.017627193,748819,76.50848846,7.7146125,0.21235529,7.987767456,0.058312584,-2.656106,0.48772696,8.78,0.07,-10.370718,-0.372625947,TRUE,0.372625947,8.53E+08,FALSE,FALSE,FALSE,TRUE,FALSE,FALSE,FALSE,FALSE,FALSE,FALSE,TRUE,FALSE,FALSE,FALSE,0.01138754,7363.962752,TRUE,FALSE,0.008642646,FALSE,TRUE
749237,1,1.24E+18,186.5975,27.74556,372,11.6,1.1,0.06456723,0.0331926,0.5499567,749237,I3341,186.599167,27.743055,186.597504,27.745556,372,65,7.76,1,0.019229619,749237,56.63600538,7.4456706,0.11922871,7.541960585,0.082555,-3.0059662,0.19831696,7.76,0.1,-10.451637,0.010124481,FALSE,0.010124481,1.04E+08,FALSE,FALSE,FALSE,TRUE,FALSE,FALSE,FALSE,FALSE,FALSE,FALSE,FALSE,FALSE,FALSE,FALSE,0.001783581,300182.5824,FALSE,FALSE,0.001240858,TRUE,FALSE
749314,1,1.24E+18,157.20833,27.00778,2011,31.4,2.3,0.08770503,0.04508724,0.5005121,749314,,157.208328,27.01111,157.208328,27.007778,2011,84,8.2,1,0.009643117,749314,59.9661646,7.039128,0.11978463,7.414799563,0.06955706,-3.9189517,1.409637,8.2,0.08,-10.958079,0.024151733,FALSE,0.024151733,2.22E+08,FALSE,FALSE,TRUE,FALSE,FALSE,FALSE,FALSE,FALSE,FALSE,FALSE,FALSE,FALSE,FALSE,FALSE,0.004835138,40846.39332,FALSE,FALSE,0.006707974,TRUE,FALSE
749316,1,1.24E+18,157.53999,27.38861,1322,21.7,2.2,0.08635303,0.0443922,0.4717837,749316,,157.546249,27.391111,157.539993,27.388611,1322,41,7.69,1,0.010242875,749316,61.84990946,6.889916,0.14068453,7.204847588,0.09458181,-2.8119693,0.34810293,7.69,0.11,-9.701885,-0.174515738,FALSE,0.174515738,7.29E+07,FALSE,FALSE,FALSE,FALSE,TRUE,FALSE,FALSE,FALSE,FALSE,FALSE,FALSE,FALSE,FALSE,FALSE,0.003376235,83773.3866,FALSE,FALSE,0.004409717,TRUE,FALSE
749348,1,1.24E+18,232.37083,26.0075,1990,33,2.3,0.173205,0.08904088,0.2632616,749348,136-004a,232.372498,26.003611,232.370834,26.0075,1990,142,9.32,1,0.012941808,749348,74.73638079,8.045207,0.19669805,8.769104773,0.060561051,-2.0556076,0.11788902,9.32,0.07,-10.100815,-0.073616853,FALSE,0.073616853,2.89E+09,FALSE,FALSE,FALSE,TRUE,FALSE,FALSE,FALSE,FALSE,FALSE,FALSE,FALSE,FALSE,FALSE,FALSE,0.006421365,23158.83298,FALSE,FALSE,0.006637925,TRUE,FALSE
749369,1,1.24E+18,248.13998,27.45833,2604,42.4,2.3,0.1960877,0.1008044,0.55562,749369,M+539004,248.143738,27.453056,248.139984,27.458334,2604,137,9.17,1,0.019251802,749369,56.24661805,8.119849,0.09738608,8.522073957,0.047399657,-1.5023487,0.09065512,9.17,0.06,-9.622198,0.010101241,FALSE,0.010101241,2.10E+09,FALSE,FALSE,FALSE,FALSE,TRUE,FALSE,FALSE,FALSE,FALSE,FALSE,FALSE,FALSE,FALSE,FALSE,0.012499473,6112.065444,FALSE,FALSE,0.008686009,TRUE,FALSE
749392,1,1.24E+18,132.88959,24.97333,2583,38.8,2.1,0.1226019,0.06302695,0.9321261,749392,,132.890015,24.974722,132.889587,24.973333,2583,147,8.98,1,0.014577001,749392,21.23131966,8.329794,0.053264283,8.515824024,0.047211513,-2.5266845,0.59557354,8.98,0.06,-10.856479,0.439314405,TRUE,0.439314405,1.48E+09,FALSE,FALSE,TRUE,FALSE,FALSE,FALSE,FALSE,FALSE,FALSE,TRUE,FALSE,FALSE,FALSE,FALSE,0.009387975,10834.9659,TRUE,TRUE,0.008615961,FALSE,TRUE
749395,1,1.24E+18,135.9321,25.60778,2954,44.2,2.3,0.1238371,0.06366193,0.4365576,749395,,135.928757,25.604723,135.932098,25.607779,2954,140,9.18,1,0.007424021,749395,64.11560629,8.113101,0.12639458,8.482279648,0.048061748,-2.3468902,0.82603455,9.18,0.06,-10.459991,-0.016990442,FALSE,0.016990442,2.14E+09,FALSE,FALSE,FALSE,TRUE,FALSE,FALSE,FALSE,FALSE,FALSE,FALSE,FALSE,FALSE,FALSE,FALSE,0.005468006,31938.41525,FALSE,FALSE,0.009853483,TRUE,FALSE
749431,1,1.24E+18,169.57916,25.32528,2489,38.3,2.2,0.05349108,0.02749859,0.270161,749431,,169.582916,25.325001,169.579163,25.325279,2489,67,8.49,1,0.010404696,749431,74.32621527,7.1779084,0.19035341,7.69350618,0.053705906,-2.1101534,0.1733354,8.49,0.07,-9.288062,-0.191126353,FALSE,0.191126353,4.26E+08,FALSE,FALSE,FALSE,FALSE,FALSE,TRUE,FALSE,FALSE,FALSE,FALSE,FALSE,FALSE,FALSE,FALSE,0.006457042,22903.62075,FALSE,FALSE,0.00830241,TRUE,FALSE
749436,1,1.24E+18,171.34958,23.91889,1024,17.6,2.3,0.06730533,0.03460019,0.6638533,749436,,171.35376,23.91861,171.349579,23.918888,1024,39,7.8,1,0.007916412,749436,48.40562716,6.897657,0.13295197,7.413777583,0.115486833,-2.6633418,0.25009412,7.8,0.12,-9.560999,-0.149776676,FALSE,0.149776676,9.18E+07,FALSE,FALSE,FALSE,FALSE,TRUE,FALSE,FALSE,FALSE,FALSE,FALSE,FALSE,FALSE,FALSE,FALSE,0.002021192,233752.3783,FALSE,FALSE,0.003415696,TRUE,FALSE
749463,1,1.24E+18,199.04541,25.67083,1013,19.9,2.2,0.04206395,0.02162416,0.3499424,749463,,199.045837,25.67111,199.04541,25.670834,1013,49,8.53,1,0.0144,749463,69.51626663,7.798698,0.17625076,8.088030422,0.096200021,-2.7201939,0.314731,8.53,0.11,-10.518892,-0.335374718,TRUE,0.335374718,5.14E+08,FALSE,FALSE,TRUE,FALSE,FALSE,FALSE,FALSE,FALSE,FALSE,TRUE,FALSE,FALSE,FALSE,FALSE,0.003637067,72188.63891,TRUE,FALSE,0.003379004,FALSE,TRUE
